sequence,utc_time,elapsed_seconds,delta_seconds,port,type,channel_1_based,note,note_name,velocity,control,value,program_1_based,pitch,song,pos,sysex_hex,raw_bytes_hex,message
1,2026-09-13T00:28:07.853+00:00,0.006416,0.006416,Chordcat 0,control_change,1,,,,11,127,,,,,,B0 0B 7F,control_change channel=0 control=11 value=127 time=0
2,2026-09-13T00:28:08.001+00:00,0.154766,0.148349,Chordcat 0,control_change,1,,,,11,120,,,,,,B0 0B 78,control_change channel=0 control=11 value=120 time=0
3,2026-09-13T00:28:08.015+00:00,0.168994,0.014228,Chordcat 0,control_change,1,,,,11,112,,,,,,B0 0B 70,control_change channel=0 control=11 value=112 time=0
4,2026-09-13T00:28:08.030+00:00,0.183382,0.014389,Chordcat 0,control_change,1,,,,11,104,,,,,,B0 0B 68,control_change channel=0 control=11 value=104 time=0
5,2026-09-13T00:28:08.044+00:00,0.198169,0.014786,Chordcat 0,control_change,1,,,,11,96,,,,,,B0 0B 60,control_change channel=0 control=11 value=96 time=0
6,2026-09-13T00:28:08.059+00:00,0.212938,0.014769,Chordcat 0,control_change,1,,,,11,90,,,,,,B0 0B 5A,control_change channel=0 control=11 value=90 time=0
7,2026-09-13T00:28:08.073+00:00,0.227067,0.014129,Chordcat 0,control_change,1,,,,11,84,,,,,,B0 0B 54,control_change channel=0 control=11 value=84 time=0
8,2026-09-13T00:28:08.090+00:00,0.2433,0.016233,Chordcat 0,control_change,1,,,,11,79,,,,,,B0 0B 4F,control_change channel=0 control=11 value=79 time=0
9,2026-09-13T00:28:08.103+00:00,0.256544,0.013244,Chordcat 0,control_change,1,,,,11,75,,,,,,B0 0B 4B,control_change channel=0 control=11 value=75 time=0
10,2026-09-13T00:28:08.117+00:00,0.271074,0.01453,Chordcat 0,control_change,1,,,,11,71,,,,,,B0 0B 47,control_change channel=0 control=11 value=71 time=0
11,2026-09-13T00:28:08.133+00:00,0.28664,0.015567,Chordcat 0,control_change,1,,,,11,68,,,,,,B0 0B 44,control_change channel=0 control=11 value=68 time=0
12,2026-09-13T00:28:08.148+00:00,0.302147,0.015506,Chordcat 0,control_change,1,,,,11,65,,,,,,B0 0B 41,control_change channel=0 control=11 value=65 time=0
13,2026-09-13T00:28:08.162+00:00,0.315571,0.013424,Chordcat 0,control_change,1,,,,11,64,,,,,,B0 0B 40,control_change channel=0 control=11 value=64 time=0
14,2026-09-13T00:28:08.176+00:00,0.330183,0.014612,Chordcat 0,control_change,1,,,,11,63,,,,,,B0 0B 3F,control_change channel=0 control=11 value=63 time=0
15,2026-09-13T00:28:08.206+00:00,0.359725,0.029542,Chordcat 0,control_change,1,,,,11,127,,,,,,B0 0B 7F,control_change channel=0 control=11 value=127 time=0
16,2026-09-13T00:28:08.354+00:00,0.507703,0.147979,Chordcat 0,control_change,1,,,,11,120,,,,,,B0 0B 78,control_change channel=0 control=11 value=120 time=0
17,2026-09-13T00:28:08.368+00:00,0.521184,0.01348,Chordcat 0,control_change,1,,,,11,112,,,,,,B0 0B 70,control_change channel=0 control=11 value=112 time=0
18,2026-09-13T00:28:08.383+00:00,0.536796,0.015612,Chordcat 0,control_change,1,,,,11,104,,,,,,B0 0B 68,control_change channel=0 control=11 value=104 time=0
19,2026-09-13T00:28:08.398+00:00,0.551601,0.014804,Chordcat 0,control_change,1,,,,11,97,,,,,,B0 0B 61,control_change channel=0 control=11 value=97 time=0
20,2026-09-13T00:28:08.413+00:00,0.566949,0.015349,Chordcat 0,control_change,1,,,,11,90,,,,,,B0 0B 5A,control_change channel=0 control=11 value=90 time=0
21,2026-09-13T00:28:08.427+00:00,0.580927,0.013978,Chordcat 0,control_change,1,,,,11,84,,,,,,B0 0B 54,control_change channel=0 control=11 value=84 time=0
22,2026-09-13T00:28:08.442+00:00,0.595989,0.015062,Chordcat 0,control_change,1,,,,11,79,,,,,,B0 0B 4F,control_change channel=0 control=11 value=79 time=0
23,2026-09-13T00:28:08.457+00:00,0.610496,0.014507,Chordcat 0,control_change,1,,,,11,75,,,,,,B0 0B 4B,control_change channel=0 control=11 value=75 time=0
24,2026-09-13T00:28:08.470+00:00,0.624096,0.013599,Chordcat 0,control_change,1,,,,11,71,,,,,,B0 0B 47,control_change channel=0 control=11 value=71 time=0
25,2026-09-13T00:28:08.486+00:00,0.639345,0.015249,Chordcat 0,control_change,1,,,,11,68,,,,,,B0 0B 44,control_change channel=0 control=11 value=68 time=0
26,2026-09-13T00:28:08.501+00:00,0.654706,0.015361,Chordcat 0,control_change,1,,,,11,66,,,,,,B0 0B 42,control_change channel=0 control=11 value=66 time=0
27,2026-09-13T00:28:08.515+00:00,0.668926,0.014221,Chordcat 0,control_change,1,,,,11,64,,,,,,B0 0B 40,control_change channel=0 control=11 value=64 time=0
28,2026-09-13T00:28:08.530+00:00,0.683832,0.014906,Chordcat 0,control_change,1,,,,11,63,,,,,,B0 0B 3F,control_change channel=0 control=11 value=63 time=0
29,2026-09-13T00:28:08.560+00:00,0.714034,0.030201,Chordcat 0,control_change,1,,,,11,127,,,,,,B0 0B 7F,control_change channel=0 control=11 value=127 time=0
30,2026-09-13T00:28:08.707+00:00,0.860507,0.146474,Chordcat 0,control_change,1,,,,11,121,,,,,,B0 0B 79,control_change channel=0 control=11 value=121 time=0
31,2026-09-13T00:28:08.721+00:00,0.87449,0.013983,Chordcat 0,control_change,1,,,,11,112,,,,,,B0 0B 70,control_change channel=0 control=11 value=112 time=0
32,2026-09-13T00:28:08.736+00:00,0.889301,0.014811,Chordcat 0,control_change,1,,,,11,104,,,,,,B0 0B 68,control_change channel=0 control=11 value=104 time=0
33,2026-09-13T00:28:08.751+00:00,0.904483,0.015182,Chordcat 0,control_change,1,,,,11,97,,,,,,B0 0B 61,control_change channel=0 control=11 value=97 time=0
34,2026-09-13T00:28:08.765+00:00,0.918322,0.013839,Chordcat 0,control_change,1,,,,11,91,,,,,,B0 0B 5B,control_change channel=0 control=11 value=91 time=0
35,2026-09-13T00:28:08.780+00:00,0.933346,0.015024,Chordcat 0,control_change,1,,,,11,85,,,,,,B0 0B 55,control_change channel=0 control=11 value=85 time=0
36,2026-09-13T00:28:08.794+00:00,0.948053,0.014708,Chordcat 0,control_change,1,,,,11,79,,,,,,B0 0B 4F,control_change channel=0 control=11 value=79 time=0
37,2026-09-13T00:28:08.810+00:00,0.963778,0.015725,Chordcat 0,control_change,1,,,,11,75,,,,,,B0 0B 4B,control_change channel=0 control=11 value=75 time=0
38,2026-09-13T00:28:08.824+00:00,0.977688,0.013909,Chordcat 0,control_change,1,,,,11,71,,,,,,B0 0B 47,control_change channel=0 control=11 value=71 time=0
39,2026-09-13T00:28:08.839+00:00,0.992277,0.014589,Chordcat 0,control_change,1,,,,11,68,,,,,,B0 0B 44,control_change channel=0 control=11 value=68 time=0
40,2026-09-13T00:28:08.853+00:00,1.007001,0.014724,Chordcat 0,control_change,1,,,,11,66,,,,,,B0 0B 42,control_change channel=0 control=11 value=66 time=0
41,2026-09-13T00:28:08.868+00:00,1.021661,0.014661,Chordcat 0,control_change,1,,,,11,64,,,,,,B0 0B 40,control_change channel=0 control=11 value=64 time=0
42,2026-09-13T00:28:08.883+00:00,1.03679,0.015128,Chordcat 0,control_change,1,,,,11,63,,,,,,B0 0B 3F,control_change channel=0 control=11 value=63 time=0
43,2026-09-13T00:28:08.913+00:00,1.067063,0.030273,Chordcat 0,control_change,1,,,,11,127,,,,,,B0 0B 7F,control_change channel=0 control=11 value=127 time=0
44,2026-09-13T00:28:09.060+00:00,1.213697,0.146634,Chordcat 0,control_change,1,,,,11,121,,,,,,B0 0B 79,control_change channel=0 control=11 value=121 time=0
45,2026-09-13T00:28:09.073+00:00,1.226987,0.01329,Chordcat 0,control_change,1,,,,11,112,,,,,,B0 0B 70,control_change channel=0 control=11 value=112 time=0
46,2026-09-13T00:28:09.088+00:00,1.24192,0.014933,Chordcat 0,control_change,1,,,,11,104,,,,,,B0 0B 68,control_change channel=0 control=11 value=104 time=0
47,2026-09-13T00:28:09.103+00:00,1.257042,0.015121,Chordcat 0,control_change,1,,,,11,97,,,,,,B0 0B 61,control_change channel=0 control=11 value=97 time=0
48,2026-09-13T00:28:09.118+00:00,1.271569,0.014527,Chordcat 0,control_change,1,,,,11,91,,,,,,B0 0B 5B,control_change channel=0 control=11 value=91 time=0
49,2026-09-13T00:28:09.133+00:00,1.286876,0.015307,Chordcat 0,control_change,1,,,,11,85,,,,,,B0 0B 55,control_change channel=0 control=11 value=85 time=0
50,2026-09-13T00:28:09.148+00:00,1.301472,0.014596,Chordcat 0,control_change,1,,,,11,79,,,,,,B0 0B 4F,control_change channel=0 control=11 value=79 time=0
51,2026-09-13T00:28:09.163+00:00,1.316866,0.015394,Chordcat 0,control_change,1,,,,11,75,,,,,,B0 0B 4B,control_change channel=0 control=11 value=75 time=0
52,2026-09-13T00:28:09.178+00:00,1.331603,0.014737,Chordcat 0,control_change,1,,,,11,71,,,,,,B0 0B 47,control_change channel=0 control=11 value=71 time=0
53,2026-09-13T00:28:09.192+00:00,1.345431,0.013828,Chordcat 0,control_change,1,,,,11,68,,,,,,B0 0B 44,control_change channel=0 control=11 value=68 time=0
54,2026-09-13T00:28:09.207+00:00,1.360473,0.015042,Chordcat 0,control_change,1,,,,11,66,,,,,,B0 0B 42,control_change channel=0 control=11 value=66 time=0
55,2026-09-13T00:28:09.222+00:00,1.375165,0.014692,Chordcat 0,control_change,1,,,,11,64,,,,,,B0 0B 40,control_change channel=0 control=11 value=64 time=0
56,2026-09-13T00:28:09.236+00:00,1.389803,0.014639,Chordcat 0,control_change,1,,,,11,63,,,,,,B0 0B 3F,control_change channel=0 control=11 value=63 time=0
57,2026-09-13T00:28:09.266+00:00,1.419962,0.030159,Chordcat 0,control_change,1,,,,11,127,,,,,,B0 0B 7F,control_change channel=0 control=11 value=127 time=0
58,2026-09-13T00:28:09.413+00:00,1.567025,0.147063,Chordcat 0,control_change,1,,,,11,121,,,,,,B0 0B 79,control_change channel=0 control=11 value=121 time=0
59,2026-09-13T00:28:09.428+00:00,1.581241,0.014216,Chordcat 0,control_change,1,,,,11,112,,,,,,B0 0B 70,control_change channel=0 control=11 value=112 time=0
60,2026-09-13T00:28:09.442+00:00,1.595741,0.0145,Chordcat 0,control_change,1,,,,11,104,,,,,,B0 0B 68,control_change channel=0 control=11 value=104 time=0
61,2026-09-13T00:28:09.457+00:00,1.610441,0.0147,Chordcat 0,control_change,1,,,,11,97,,,,,,B0 0B 61,control_change channel=0 control=11 value=97 time=0
62,2026-09-13T00:28:09.471+00:00,1.625206,0.014764,Chordcat 0,control_change,1,,,,11,90,,,,,,B0 0B 5A,control_change channel=0 control=11 value=90 time=0
63,2026-09-13T00:28:09.486+00:00,1.639622,0.014417,Chordcat 0,control_change,1,,,,11,85,,,,,,B0 0B 55,control_change channel=0 control=11 value=85 time=0
64,2026-09-13T00:28:09.501+00:00,1.655035,0.015413,Chordcat 0,control_change,1,,,,11,79,,,,,,B0 0B 4F,control_change channel=0 control=11 value=79 time=0
65,2026-09-13T00:28:09.515+00:00,1.668904,0.013869,Chordcat 0,control_change,1,,,,11,75,,,,,,B0 0B 4B,control_change channel=0 control=11 value=75 time=0
66,2026-09-13T00:28:09.529+00:00,1.683103,0.014199,Chordcat 0,control_change,1,,,,11,71,,,,,,B0 0B 47,control_change channel=0 control=11 value=71 time=0
67,2026-09-13T00:28:09.544+00:00,1.698038,0.014935,Chordcat 0,control_change,1,,,,11,68,,,,,,B0 0B 44,control_change channel=0 control=11 value=68 time=0
68,2026-09-13T00:28:09.560+00:00,1.713213,0.015175,Chordcat 0,control_change,1,,,,11,66,,,,,,B0 0B 42,control_change channel=0 control=11 value=66 time=0
69,2026-09-13T00:28:09.575+00:00,1.728304,0.015091,Chordcat 0,control_change,1,,,,11,64,,,,,,B0 0B 40,control_change channel=0 control=11 value=64 time=0
70,2026-09-13T00:28:09.588+00:00,1.742029,0.013725,Chordcat 0,control_change,1,,,,11,63,,,,,,B0 0B 3F,control_change channel=0 control=11 value=63 time=0
71,2026-09-13T00:28:09.619+00:00,1.773138,0.031109,Chordcat 0,control_change,1,,,,11,127,,,,,,B0 0B 7F,control_change channel=0 control=11 value=127 time=0
72,2026-09-13T00:28:09.767+00:00,1.920233,0.147095,Chordcat 0,control_change,1,,,,11,121,,,,,,B0 0B 79,control_change channel=0 control=11 value=121 time=0
73,2026-09-13T00:28:09.780+00:00,1.933188,0.012955,Chordcat 0,control_change,1,,,,11,112,,,,,,B0 0B 70,control_change channel=0 control=11 value=112 time=0
74,2026-09-13T00:28:09.794+00:00,1.947963,0.014775,Chordcat 0,control_change,1,,,,11,104,,,,,,B0 0B 68,control_change channel=0 control=11 value=104 time=0
75,2026-09-13T00:28:09.810+00:00,1.963606,0.015642,Chordcat 0,control_change,1,,,,11,97,,,,,,B0 0B 61,control_change channel=0 control=11 value=97 time=0
76,2026-09-13T00:28:09.824+00:00,1.977999,0.014394,Chordcat 0,control_change,1,,,,11,90,,,,,,B0 0B 5A,control_change channel=0 control=11 value=90 time=0
77,2026-09-13T00:28:09.839+00:00,1.992843,0.014843,Chordcat 0,control_change,1,,,,11,85,,,,,,B0 0B 55,control_change channel=0 control=11 value=85 time=0
78,2026-09-13T00:28:09.853+00:00,2.007073,0.014231,Chordcat 0,control_change,1,,,,11,79,,,,,,B0 0B 4F,control_change channel=0 control=11 value=79 time=0
79,2026-09-13T00:28:09.869+00:00,2.022861,0.015788,Chordcat 0,control_change,1,,,,11,75,,,,,,B0 0B 4B,control_change channel=0 control=11 value=75 time=0
80,2026-09-13T00:28:09.883+00:00,2.036589,0.013728,Chordcat 0,control_change,1,,,,11,71,,,,,,B0 0B 47,control_change channel=0 control=11 value=71 time=0
81,2026-09-13T00:28:09.898+00:00,2.051423,0.014834,Chordcat 0,control_change,1,,,,11,68,,,,,,B0 0B 44,control_change channel=0 control=11 value=68 time=0
82,2026-09-13T00:28:09.913+00:00,2.066856,0.015433,Chordcat 0,control_change,1,,,,11,66,,,,,,B0 0B 42,control_change channel=0 control=11 value=66 time=0
83,2026-09-13T00:28:09.928+00:00,2.081856,0.014999,Chordcat 0,control_change,1,,,,11,64,,,,,,B0 0B 40,control_change channel=0 control=11 value=64 time=0
84,2026-09-13T00:28:09.942+00:00,2.095497,0.013642,Chordcat 0,control_change,1,,,,11,63,,,,,,B0 0B 3F,control_change channel=0 control=11 value=63 time=0
85,2026-09-13T00:28:09.972+00:00,2.125368,0.029871,Chordcat 0,control_change,1,,,,11,127,,,,,,B0 0B 7F,control_change channel=0 control=11 value=127 time=0
86,2026-09-13T00:28:10.119+00:00,2.272831,0.147463,Chordcat 0,control_change,1,,,,11,121,,,,,,B0 0B 79,control_change channel=0 control=11 value=121 time=0
87,2026-09-13T00:28:10.134+00:00,2.287899,0.015068,Chordcat 0,control_change,1,,,,11,112,,,,,,B0 0B 70,control_change channel=0 control=11 value=112 time=0
88,2026-09-13T00:28:10.147+00:00,2.30122,0.013321,Chordcat 0,control_change,1,,,,11,104,,,,,,B0 0B 68,control_change channel=0 control=11 value=104 time=0
89,2026-09-13T00:28:10.163+00:00,2.316676,0.015457,Chordcat 0,control_change,1,,,,11,97,,,,,,B0 0B 61,control_change channel=0 control=11 value=97 time=0
90,2026-09-13T00:28:10.178+00:00,2.331517,0.014841,Chordcat 0,control_change,1,,,,11,90,,,,,,B0 0B 5A,control_change channel=0 control=11 value=90 time=0
91,2026-09-13T00:28:10.192+00:00,2.345629,0.014112,Chordcat 0,control_change,1,,,,11,85,,,,,,B0 0B 55,control_change channel=0 control=11 value=85 time=0
92,2026-09-13T00:28:10.206+00:00,2.35996,0.014331,Chordcat 0,control_change,1,,,,11,80,,,,,,B0 0B 50,control_change channel=0 control=11 value=80 time=0
93,2026-09-13T00:28:10.221+00:00,2.374987,0.015028,Chordcat 0,control_change,1,,,,11,75,,,,,,B0 0B 4B,control_change channel=0 control=11 value=75 time=0
94,2026-09-13T00:28:10.236+00:00,2.38988,0.014893,Chordcat 0,control_change,1,,,,11,71,,,,,,B0 0B 47,control_change channel=0 control=11 value=71 time=0
95,2026-09-13T00:28:10.250+00:00,2.404151,0.014271,Chordcat 0,control_change,1,,,,11,68,,,,,,B0 0B 44,control_change channel=0 control=11 value=68 time=0
96,2026-09-13T00:28:10.266+00:00,2.419517,0.015366,Chordcat 0,control_change,1,,,,11,66,,,,,,B0 0B 42,control_change channel=0 control=11 value=66 time=0
97,2026-09-13T00:28:10.281+00:00,2.435111,0.015594,Chordcat 0,control_change,1,,,,11,64,,,,,,B0 0B 40,control_change channel=0 control=11 value=64 time=0
98,2026-09-13T00:28:10.295+00:00,2.448246,0.013135,Chordcat 0,control_change,1,,,,11,63,,,,,,B0 0B 3F,control_change channel=0 control=11 value=63 time=0
99,2026-09-13T00:28:10.325+00:00,2.478789,0.030544,Chordcat 0,control_change,1,,,,11,127,,,,,,B0 0B 7F,control_change channel=0 control=11 value=127 time=0
100,2026-09-13T00:28:10.471+00:00,2.625163,0.146373,Chordcat 0,control_change,1,,,,11,121,,,,,,B0 0B 79,control_change channel=0 control=11 value=121 time=0
101,2026-09-13T00:28:10.487+00:00,2.640144,0.014981,Chordcat 0,control_change,1,,,,11,112,,,,,,B0 0B 70,control_change channel=0 control=11 value=112 time=0
102,2026-09-13T00:28:10.501+00:00,2.654313,0.014169,Chordcat 0,control_change,1,,,,11,104,,,,,,B0 0B 68,control_change channel=0 control=11 value=104 time=0
103,2026-09-13T00:28:10.516+00:00,2.669856,0.015544,Chordcat 0,control_change,1,,,,11,97,,,,,,B0 0B 61,control_change channel=0 control=11 value=97 time=0
104,2026-09-13T00:28:10.531+00:00,2.684212,0.014356,Chordcat 0,control_change,1,,,,11,90,,,,,,B0 0B 5A,control_change channel=0 control=11 value=90 time=0
105,2026-09-13T00:28:10.545+00:00,2.698767,0.014554,Chordcat 0,control_change,1,,,,11,85,,,,,,B0 0B 55,control_change channel=0 control=11 value=85 time=0
106,2026-09-13T00:28:10.559+00:00,2.712883,0.014116,Chordcat 0,control_change,1,,,,11,79,,,,,,B0 0B 4F,control_change channel=0 control=11 value=79 time=0
107,2026-09-13T00:28:10.576+00:00,2.729497,0.016614,Chordcat 0,control_change,1,,,,11,74,,,,,,B0 0B 4A,control_change channel=0 control=11 value=74 time=0
108,2026-09-13T00:28:10.589+00:00,2.742927,0.01343,Chordcat 0,control_change,1,,,,11,71,,,,,,B0 0B 47,control_change channel=0 control=11 value=71 time=0
109,2026-09-13T00:28:10.604+00:00,2.757658,0.014731,Chordcat 0,control_change,1,,,,11,68,,,,,,B0 0B 44,control_change channel=0 control=11 value=68 time=0
110,2026-09-13T00:28:10.620+00:00,2.773255,0.015596,Chordcat 0,control_change,1,,,,11,66,,,,,,B0 0B 42,control_change channel=0 control=11 value=66 time=0
111,2026-09-13T00:28:10.633+00:00,2.787063,0.013809,Chordcat 0,control_change,1,,,,11,64,,,,,,B0 0B 40,control_change channel=0 control=11 value=64 time=0
112,2026-09-13T00:28:10.648+00:00,2.801905,0.014842,Chordcat 0,control_change,1,,,,11,63,,,,,,B0 0B 3F,control_change channel=0 control=11 value=63 time=0
113,2026-09-13T00:28:10.677+00:00,2.83093,0.029025,Chordcat 0,control_change,1,,,,11,127,,,,,,B0 0B 7F,control_change channel=0 control=11 value=127 time=0
114,2026-09-13T00:28:10.825+00:00,2.978677,0.147747,Chordcat 0,control_change,1,,,,11,121,,,,,,B0 0B 79,control_change channel=0 control=11 value=121 time=0
115,2026-09-13T00:28:10.840+00:00,2.993396,0.014719,Chordcat 0,control_change,1,,,,11,112,,,,,,B0 0B 70,control_change channel=0 control=11 value=112 time=0
116,2026-09-13T00:28:10.854+00:00,3.007594,0.014198,Chordcat 0,control_change,1,,,,11,104,,,,,,B0 0B 68,control_change channel=0 control=11 value=104 time=0
117,2026-09-13T00:28:10.868+00:00,3.021996,0.014402,Chordcat 0,control_change,1,,,,11,97,,,,,,B0 0B 61,control_change channel=0 control=11 value=97 time=0
118,2026-09-13T00:28:10.884+00:00,3.037425,0.015429,Chordcat 0,control_change,1,,,,11,90,,,,,,B0 0B 5A,control_change channel=0 control=11 value=90 time=0
119,2026-09-13T00:28:10.897+00:00,3.051082,0.013657,Chordcat 0,control_change,1,,,,11,85,,,,,,B0 0B 55,control_change channel=0 control=11 value=85 time=0
120,2026-09-13T00:28:10.913+00:00,3.066388,0.015306,Chordcat 0,control_change,1,,,,11,79,,,,,,B0 0B 4F,control_change channel=0 control=11 value=79 time=0
121,2026-09-13T00:28:10.927+00:00,3.081045,0.014657,Chordcat 0,control_change,1,,,,11,75,,,,,,B0 0B 4B,control_change channel=0 control=11 value=75 time=0
122,2026-09-13T00:28:10.942+00:00,3.095986,0.014941,Chordcat 0,control_change,1,,,,11,71,,,,,,B0 0B 47,control_change channel=0 control=11 value=71 time=0
123,2026-09-13T00:28:10.957+00:00,3.110728,0.014742,Chordcat 0,control_change,1,,,,11,68,,,,,,B0 0B 44,control_change channel=0 control=11 value=68 time=0
124,2026-09-13T00:28:10.972+00:00,3.125746,0.015019,Chordcat 0,control_change,1,,,,11,66,,,,,,B0 0B 42,control_change channel=0 control=11 value=66 time=0
125,2026-09-13T00:28:10.986+00:00,3.139899,0.014152,Chordcat 0,control_change,1,,,,11,64,,,,,,B0 0B 40,control_change channel=0 control=11 value=64 time=0
126,2026-09-13T00:28:11.001+00:00,3.154327,0.014428,Chordcat 0,control_change,1,,,,11,63,,,,,,B0 0B 3F,control_change channel=0 control=11 value=63 time=0
127,2026-09-13T00:28:11.031+00:00,3.184539,0.030212,Chordcat 0,control_change,1,,,,11,127,,,,,,B0 0B 7F,control_change channel=0 control=11 value=127 time=0
128,2026-09-13T00:28:11.177+00:00,3.331183,0.146644,Chordcat 0,control_change,1,,,,11,121,,,,,,B0 0B 79,control_change channel=0 control=11 value=121 time=0
129,2026-09-13T00:28:11.193+00:00,3.346712,0.015529,Chordcat 0,control_change,1,,,,11,112,,,,,,B0 0B 70,control_change channel=0 control=11 value=112 time=0
130,2026-09-13T00:28:11.207+00:00,3.360875,0.014163,Chordcat 0,control_change,1,,,,11,104,,,,,,B0 0B 68,control_change channel=0 control=11 value=104 time=0
131,2026-09-13T00:28:11.221+00:00,3.374984,0.014109,Chordcat 0,control_change,1,,,,11,97,,,,,,B0 0B 61,control_change channel=0 control=11 value=97 time=0
132,2026-09-13T00:28:11.237+00:00,3.390635,0.015651,Chordcat 0,control_change,1,,,,11,90,,,,,,B0 0B 5A,control_change channel=0 control=11 value=90 time=0
133,2026-09-13T00:28:11.252+00:00,3.405624,0.014989,Chordcat 0,control_change,1,,,,11,84,,,,,,B0 0B 54,control_change channel=0 control=11 value=84 time=0
134,2026-09-13T00:28:11.266+00:00,3.419224,0.0136,Chordcat 0,control_change,1,,,,11,80,,,,,,B0 0B 50,control_change channel=0 control=11 value=80 time=0
135,2026-09-13T00:28:11.281+00:00,3.434568,0.015344,Chordcat 0,control_change,1,,,,11,75,,,,,,B0 0B 4B,control_change channel=0 control=11 value=75 time=0
136,2026-09-13T00:28:11.296+00:00,3.450088,0.015519,Chordcat 0,control_change,1,,,,11,71,,,,,,B0 0B 47,control_change channel=0 control=11 value=71 time=0
137,2026-09-13T00:28:11.310+00:00,3.463728,0.01364,Chordcat 0,control_change,1,,,,11,68,,,,,,B0 0B 44,control_change channel=0 control=11 value=68 time=0
138,2026-09-13T00:28:11.324+00:00,3.478151,0.014423,Chordcat 0,control_change,1,,,,11,66,,,,,,B0 0B 42,control_change channel=0 control=11 value=66 time=0
139,2026-09-13T00:28:11.339+00:00,3.492879,0.014728,Chordcat 0,control_change,1,,,,11,64,,,,,,B0 0B 40,control_change channel=0 control=11 value=64 time=0
140,2026-09-13T00:28:11.354+00:00,3.507829,0.014949,Chordcat 0,control_change,1,,,,11,63,,,,,,B0 0B 3F,control_change channel=0 control=11 value=63 time=0
141,2026-09-13T00:28:11.384+00:00,3.537459,0.02963,Chordcat 0,control_change,1,,,,11,127,,,,,,B0 0B 7F,control_change channel=0 control=11 value=127 time=0
142,2026-09-13T00:28:11.531+00:00,3.684805,0.147346,Chordcat 0,control_change,1,,,,11,121,,,,,,B0 0B 79,control_change channel=0 control=11 value=121 time=0
143,2026-09-13T00:28:11.545+00:00,3.698941,0.014135,Chordcat 0,control_change,1,,,,11,112,,,,,,B0 0B 70,control_change channel=0 control=11 value=112 time=0
144,2026-09-13T00:28:11.560+00:00,3.71392,0.01498,Chordcat 0,control_change,1,,,,11,104,,,,,,B0 0B 68,control_change channel=0 control=11 value=104 time=0
145,2026-09-13T00:28:11.575+00:00,3.728455,0.014534,Chordcat 0,control_change,1,,,,11,97,,,,,,B0 0B 61,control_change channel=0 control=11 value=97 time=0
146,2026-09-13T00:28:11.589+00:00,3.742909,0.014455,Chordcat 0,control_change,1,,,,11,90,,,,,,B0 0B 5A,control_change channel=0 control=11 value=90 time=0
147,2026-09-13T00:28:11.604+00:00,3.757801,0.014892,Chordcat 0,control_change,1,,,,11,85,,,,,,B0 0B 55,control_change channel=0 control=11 value=85 time=0
148,2026-09-13T00:28:11.619+00:00,3.772155,0.014354,Chordcat 0,control_change,1,,,,11,79,,,,,,B0 0B 4F,control_change channel=0 control=11 value=79 time=0
149,2026-09-13T00:28:11.634+00:00,3.787658,0.015503,Chordcat 0,control_change,1,,,,11,75,,,,,,B0 0B 4B,control_change channel=0 control=11 value=75 time=0
150,2026-09-13T00:28:11.650+00:00,3.803161,0.015503,Chordcat 0,control_change,1,,,,11,71,,,,,,B0 0B 47,control_change channel=0 control=11 value=71 time=0
151,2026-09-13T00:28:11.663+00:00,3.816796,0.013635,Chordcat 0,control_change,1,,,,11,68,,,,,,B0 0B 44,control_change channel=0 control=11 value=68 time=0
152,2026-09-13T00:28:11.678+00:00,3.831378,0.014582,Chordcat 0,control_change,1,,,,11,66,,,,,,B0 0B 42,control_change channel=0 control=11 value=66 time=0
153,2026-09-13T00:28:11.693+00:00,3.846387,0.015009,Chordcat 0,control_change,1,,,,11,64,,,,,,B0 0B 40,control_change channel=0 control=11 value=64 time=0
154,2026-09-13T00:28:11.707+00:00,3.860643,0.014256,Chordcat 0,control_change,1,,,,11,63,,,,,,B0 0B 3F,control_change channel=0 control=11 value=63 time=0
155,2026-09-13T00:28:11.737+00:00,3.890533,0.02989,Chordcat 0,control_change,1,,,,11,127,,,,,,B0 0B 7F,control_change channel=0 control=11 value=127 time=0
156,2026-09-13T00:28:11.884+00:00,4.037591,0.147058,Chordcat 0,control_change,1,,,,11,121,,,,,,B0 0B 79,control_change channel=0 control=11 value=121 time=0
157,2026-09-13T00:28:11.899+00:00,4.052874,0.015283,Chordcat 0,control_change,1,,,,11,112,,,,,,B0 0B 70,control_change channel=0 control=11 value=112 time=0
158,2026-09-13T00:28:11.912+00:00,4.06584,0.012966,Chordcat 0,control_change,1,,,,11,104,,,,,,B0 0B 68,control_change channel=0 control=11 value=104 time=0
159,2026-09-13T00:28:11.928+00:00,4.081743,0.015903,Chordcat 0,control_change,1,,,,11,97,,,,,,B0 0B 61,control_change channel=0 control=11 value=97 time=0
160,2026-09-13T00:28:11.942+00:00,4.09592,0.014178,Chordcat 0,control_change,1,,,,11,90,,,,,,B0 0B 5A,control_change channel=0 control=11 value=90 time=0
161,2026-09-13T00:28:11.957+00:00,4.110401,0.01448,Chordcat 0,control_change,1,,,,11,85,,,,,,B0 0B 55,control_change channel=0 control=11 value=85 time=0
162,2026-09-13T00:28:11.972+00:00,4.12556,0.015159,Chordcat 0,control_change,1,,,,11,79,,,,,,B0 0B 4F,control_change channel=0 control=11 value=79 time=0
163,2026-09-13T00:28:11.986+00:00,4.139878,0.014318,Chordcat 0,control_change,1,,,,11,75,,,,,,B0 0B 4B,control_change channel=0 control=11 value=75 time=0
164,2026-09-13T00:28:12.002+00:00,4.155339,0.015461,Chordcat 0,control_change,1,,,,11,71,,,,,,B0 0B 47,control_change channel=0 control=11 value=71 time=0
165,2026-09-13T00:28:12.016+00:00,4.169505,0.014166,Chordcat 0,control_change,1,,,,11,68,,,,,,B0 0B 44,control_change channel=0 control=11 value=68 time=0
166,2026-09-13T00:28:12.031+00:00,4.18452,0.015015,Chordcat 0,control_change,1,,,,11,66,,,,,,B0 0B 42,control_change channel=0 control=11 value=66 time=0
167,2026-09-13T00:28:12.046+00:00,4.199558,0.015038,Chordcat 0,control_change,1,,,,11,64,,,,,,B0 0B 40,control_change channel=0 control=11 value=64 time=0
168,2026-09-13T00:28:12.061+00:00,4.21461,0.015053,Chordcat 0,control_change,1,,,,11,63,,,,,,B0 0B 3F,control_change channel=0 control=11 value=63 time=0
169,2026-09-13T00:28:12.089+00:00,4.242904,0.028293,Chordcat 0,control_change,1,,,,11,127,,,,,,B0 0B 7F,control_change channel=0 control=11 value=127 time=0
170,2026-09-13T00:28:12.236+00:00,4.389894,0.14699,Chordcat 0,control_change,1,,,,11,121,,,,,,B0 0B 79,control_change channel=0 control=11 value=121 time=0
171,2026-09-13T00:28:12.252+00:00,4.405852,0.015958,Chordcat 0,control_change,1,,,,11,112,,,,,,B0 0B 70,control_change channel=0 control=11 value=112 time=0
172,2026-09-13T00:28:12.267+00:00,4.420288,0.014436,Chordcat 0,control_change,1,,,,11,104,,,,,,B0 0B 68,control_change channel=0 control=11 value=104 time=0
173,2026-09-13T00:28:12.281+00:00,4.434978,0.01469,Chordcat 0,control_change,1,,,,11,97,,,,,,B0 0B 61,control_change channel=0 control=11 value=97 time=0
174,2026-09-13T00:28:12.297+00:00,4.450186,0.015207,Chordcat 0,control_change,1,,,,11,90,,,,,,B0 0B 5A,control_change channel=0 control=11 value=90 time=0
175,2026-09-13T00:28:12.310+00:00,4.463931,0.013746,Chordcat 0,control_change,1,,,,11,84,,,,,,B0 0B 54,control_change channel=0 control=11 value=84 time=0
176,2026-09-13T00:28:12.324+00:00,4.478047,0.014115,Chordcat 0,control_change,1,,,,11,79,,,,,,B0 0B 4F,control_change channel=0 control=11 value=79 time=0
177,2026-09-13T00:28:12.339+00:00,4.492874,0.014827,Chordcat 0,control_change,1,,,,11,75,,,,,,B0 0B 4B,control_change channel=0 control=11 value=75 time=0
178,2026-09-13T00:28:12.355+00:00,4.508783,0.015909,Chordcat 0,control_change,1,,,,11,71,,,,,,B0 0B 47,control_change channel=0 control=11 value=71 time=0
179,2026-09-13T00:28:12.369+00:00,4.522279,0.013496,Chordcat 0,control_change,1,,,,11,68,,,,,,B0 0B 44,control_change channel=0 control=11 value=68 time=0
180,2026-09-13T00:28:12.384+00:00,4.537669,0.01539,Chordcat 0,control_change,1,,,,11,66,,,,,,B0 0B 42,control_change channel=0 control=11 value=66 time=0
181,2026-09-13T00:28:12.399+00:00,4.552345,0.014677,Chordcat 0,control_change,1,,,,11,64,,,,,,B0 0B 40,control_change channel=0 control=11 value=64 time=0
182,2026-09-13T00:28:12.414+00:00,4.567634,0.015289,Chordcat 0,control_change,1,,,,11,63,,,,,,B0 0B 3F,control_change channel=0 control=11 value=63 time=0
183,2026-09-13T00:28:12.443+00:00,4.596649,0.029014,Chordcat 0,control_change,1,,,,11,127,,,,,,B0 0B 7F,control_change channel=0 control=11 value=127 time=0
184,2026-09-13T00:28:12.591+00:00,4.744226,0.147577,Chordcat 0,control_change,1,,,,11,121,,,,,,B0 0B 79,control_change channel=0 control=11 value=121 time=0
185,2026-09-13T00:28:12.605+00:00,4.758715,0.014489,Chordcat 0,control_change,1,,,,11,112,,,,,,B0 0B 70,control_change channel=0 control=11 value=112 time=0
186,2026-09-13T00:28:12.619+00:00,4.7722,0.013485,Chordcat 0,control_change,1,,,,11,104,,,,,,B0 0B 68,control_change channel=0 control=11 value=104 time=0
187,2026-09-13T00:28:12.634+00:00,4.78762,0.01542,Chordcat 0,control_change,1,,,,11,97,,,,,,B0 0B 61,control_change channel=0 control=11 value=97 time=0
188,2026-09-13T00:28:12.650+00:00,4.80332,0.0157,Chordcat 0,control_change,1,,,,11,90,,,,,,B0 0B 5A,control_change channel=0 control=11 value=90 time=0
189,2026-09-13T00:28:12.664+00:00,4.817475,0.014155,Chordcat 0,control_change,1,,,,11,84,,,,,,B0 0B 54,control_change channel=0 control=11 value=84 time=0
190,2026-09-13T00:28:12.678+00:00,4.831503,0.014027,Chordcat 0,control_change,1,,,,11,79,,,,,,B0 0B 4F,control_change channel=0 control=11 value=79 time=0
191,2026-09-13T00:28:12.693+00:00,4.846397,0.014894,Chordcat 0,control_change,1,,,,11,75,,,,,,B0 0B 4B,control_change channel=0 control=11 value=75 time=0
192,2026-09-13T00:28:12.708+00:00,4.861284,0.014888,Chordcat 0,control_change,1,,,,11,71,,,,,,B0 0B 47,control_change channel=0 control=11 value=71 time=0
193,2026-09-13T00:28:12.722+00:00,4.875216,0.013931,Chordcat 0,control_change,1,,,,11,68,,,,,,B0 0B 44,control_change channel=0 control=11 value=68 time=0
194,2026-09-13T00:28:12.737+00:00,4.890707,0.015491,Chordcat 0,control_change,1,,,,11,66,,,,,,B0 0B 42,control_change channel=0 control=11 value=66 time=0
195,2026-09-13T00:28:12.752+00:00,4.905617,0.014909,Chordcat 0,control_change,1,,,,11,64,,,,,,B0 0B 40,control_change channel=0 control=11 value=64 time=0
196,2026-09-13T00:28:12.766+00:00,4.919621,0.014005,Chordcat 0,control_change,1,,,,11,63,,,,,,B0 0B 3F,control_change channel=0 control=11 value=63 time=0
197,2026-09-13T00:28:12.795+00:00,4.94903,0.029409,Chordcat 0,control_change,1,,,,11,127,,,,,,B0 0B 7F,control_change channel=0 control=11 value=127 time=0
198,2026-09-13T00:28:12.943+00:00,5.096793,0.147763,Chordcat 0,control_change,1,,,,11,121,,,,,,B0 0B 79,control_change channel=0 control=11 value=121 time=0
199,2026-09-13T00:28:12.958+00:00,5.111526,0.014732,Chordcat 0,control_change,1,,,,11,112,,,,,,B0 0B 70,control_change channel=0 control=11 value=112 time=0
200,2026-09-13T00:28:12.972+00:00,5.126075,0.01455,Chordcat 0,control_change,1,,,,11,104,,,,,,B0 0B 68,control_change channel=0 control=11 value=104 time=0
201,2026-09-13T00:28:12.987+00:00,5.140201,0.014125,Chordcat 0,control_change,1,,,,11,97,,,,,,B0 0B 61,control_change channel=0 control=11 value=97 time=0
202,2026-09-13T00:28:13.002+00:00,5.155501,0.0153,Chordcat 0,control_change,1,,,,11,90,,,,,,B0 0B 5A,control_change channel=0 control=11 value=90 time=0
203,2026-09-13T00:28:13.017+00:00,5.170289,0.014789,Chordcat 0,control_change,1,,,,11,84,,,,,,B0 0B 54,control_change channel=0 control=11 value=84 time=0
204,2026-09-13T00:28:13.030+00:00,5.184081,0.013791,Chordcat 0,control_change,1,,,,11,80,,,,,,B0 0B 50,control_change channel=0 control=11 value=80 time=0
205,2026-09-13T00:28:13.046+00:00,5.19965,0.015569,Chordcat 0,control_change,1,,,,11,75,,,,,,B0 0B 4B,control_change channel=0 control=11 value=75 time=0
206,2026-09-13T00:28:13.061+00:00,5.214384,0.014734,Chordcat 0,control_change,1,,,,11,71,,,,,,B0 0B 47,control_change channel=0 control=11 value=71 time=0
207,2026-09-13T00:28:13.076+00:00,5.229567,0.015183,Chordcat 0,control_change,1,,,,11,68,,,,,,B0 0B 44,control_change channel=0 control=11 value=68 time=0
208,2026-09-13T00:28:13.089+00:00,5.242989,0.013421,Chordcat 0,control_change,1,,,,11,66,,,,,,B0 0B 42,control_change channel=0 control=11 value=66 time=0
209,2026-09-13T00:28:13.105+00:00,5.258513,0.015524,Chordcat 0,control_change,1,,,,11,64,,,,,,B0 0B 40,control_change channel=0 control=11 value=64 time=0
210,2026-09-13T00:28:13.119+00:00,5.272894,0.014381,Chordcat 0,control_change,1,,,,11,63,,,,,,B0 0B 3F,control_change channel=0 control=11 value=63 time=0
211,2026-09-13T00:28:13.150+00:00,5.303265,0.030371,Chordcat 0,control_change,1,,,,11,127,,,,,,B0 0B 7F,control_change channel=0 control=11 value=127 time=0
212,2026-09-13T00:28:13.296+00:00,5.449427,0.146162,Chordcat 0,control_change,1,,,,11,121,,,,,,B0 0B 79,control_change channel=0 control=11 value=121 time=0
213,2026-09-13T00:28:13.310+00:00,5.464063,0.014636,Chordcat 0,control_change,1,,,,11,112,,,,,,B0 0B 70,control_change channel=0 control=11 value=112 time=0
214,2026-09-13T00:28:13.326+00:00,5.479454,0.015391,Chordcat 0,control_change,1,,,,11,104,,,,,,B0 0B 68,control_change channel=0 control=11 value=104 time=0
215,2026-09-13T00:28:13.339+00:00,5.493096,0.013642,Chordcat 0,control_change,1,,,,11,97,,,,,,B0 0B 61,control_change channel=0 control=11 value=97 time=0
216,2026-09-13T00:28:13.355+00:00,5.508562,0.015466,Chordcat 0,control_change,1,,,,11,90,,,,,,B0 0B 5A,control_change channel=0 control=11 value=90 time=0
217,2026-09-13T00:28:13.369+00:00,5.52303,0.014468,Chordcat 0,control_change,1,,,,11,84,,,,,,B0 0B 54,control_change channel=0 control=11 value=84 time=0
218,2026-09-13T00:28:13.384+00:00,5.537217,0.014187,Chordcat 0,control_change,1,,,,11,79,,,,,,B0 0B 4F,control_change channel=0 control=11 value=79 time=0
219,2026-09-13T00:28:13.399+00:00,5.552034,0.014817,Chordcat 0,control_change,1,,,,11,75,,,,,,B0 0B 4B,control_change channel=0 control=11 value=75 time=0
220,2026-09-13T00:28:13.414+00:00,5.567271,0.015237,Chordcat 0,control_change,1,,,,11,71,,,,,,B0 0B 47,control_change channel=0 control=11 value=71 time=0
221,2026-09-13T00:28:13.428+00:00,5.582009,0.014739,Chordcat 0,control_change,1,,,,11,68,,,,,,B0 0B 44,control_change channel=0 control=11 value=68 time=0
222,2026-09-13T00:28:13.443+00:00,5.596303,0.014293,Chordcat 0,control_change,1,,,,11,66,,,,,,B0 0B 42,control_change channel=0 control=11 value=66 time=0
223,2026-09-13T00:28:13.457+00:00,5.610995,0.014692,Chordcat 0,control_change,1,,,,11,64,,,,,,B0 0B 40,control_change channel=0 control=11 value=64 time=0
224,2026-09-13T00:28:13.473+00:00,5.626699,0.015704,Chordcat 0,control_change,1,,,,11,63,,,,,,B0 0B 3F,control_change channel=0 control=11 value=63 time=0
225,2026-09-13T00:28:13.502+00:00,5.655571,0.028872,Chordcat 0,control_change,1,,,,11,127,,,,,,B0 0B 7F,control_change channel=0 control=11 value=127 time=0
226,2026-09-13T00:28:13.649+00:00,5.802625,0.147054,Chordcat 0,control_change,1,,,,11,121,,,,,,B0 0B 79,control_change channel=0 control=11 value=121 time=0
227,2026-09-13T00:28:13.664+00:00,5.817596,0.014971,Chordcat 0,control_change,1,,,,11,112,,,,,,B0 0B 70,control_change channel=0 control=11 value=112 time=0
228,2026-09-13T00:28:13.678+00:00,5.831985,0.014389,Chordcat 0,control_change,1,,,,11,104,,,,,,B0 0B 68,control_change channel=0 control=11 value=104 time=0
229,2026-09-13T00:28:13.693+00:00,5.84637,0.014385,Chordcat 0,control_change,1,,,,11,97,,,,,,B0 0B 61,control_change channel=0 control=11 value=97 time=0
230,2026-09-13T00:28:13.708+00:00,5.861392,0.015022,Chordcat 0,control_change,1,,,,11,90,,,,,,B0 0B 5A,control_change channel=0 control=11 value=90 time=0
231,2026-09-13T00:28:13.723+00:00,5.876789,0.015397,Chordcat 0,control_change,1,,,,11,84,,,,,,B0 0B 54,control_change channel=0 control=11 value=84 time=0
232,2026-09-13T00:28:13.737+00:00,5.890411,0.013622,Chordcat 0,control_change,1,,,,11,79,,,,,,B0 0B 4F,control_change channel=0 control=11 value=79 time=0
233,2026-09-13T00:28:13.751+00:00,5.904881,0.01447,Chordcat 0,control_change,1,,,,11,75,,,,,,B0 0B 4B,control_change channel=0 control=11 value=75 time=0
234,2026-09-13T00:28:13.767+00:00,5.920512,0.015632,Chordcat 0,control_change,1,,,,11,71,,,,,,B0 0B 47,control_change channel=0 control=11 value=71 time=0
235,2026-09-13T00:28:13.780+00:00,5.934073,0.013561,Chordcat 0,control_change,1,,,,11,68,,,,,,B0 0B 44,control_change channel=0 control=11 value=68 time=0
236,2026-09-13T00:28:13.795+00:00,5.948978,0.014905,Chordcat 0,control_change,1,,,,11,66,,,,,,B0 0B 42,control_change channel=0 control=11 value=66 time=0
237,2026-09-13T00:28:13.811+00:00,5.964771,0.015793,Chordcat 0,control_change,1,,,,11,64,,,,,,B0 0B 40,control_change channel=0 control=11 value=64 time=0
238,2026-09-13T00:28:13.825+00:00,5.978872,0.014101,Chordcat 0,control_change,1,,,,11,63,,,,,,B0 0B 3F,control_change channel=0 control=11 value=63 time=0
239,2026-09-13T00:28:13.854+00:00,6.008063,0.029191,Chordcat 0,control_change,1,,,,11,127,,,,,,B0 0B 7F,control_change channel=0 control=11 value=127 time=0
240,2026-09-13T00:28:14.002+00:00,6.155777,0.147713,Chordcat 0,control_change,1,,,,11,121,,,,,,B0 0B 79,control_change channel=0 control=11 value=121 time=0
241,2026-09-13T00:28:14.016+00:00,6.170025,0.014248,Chordcat 0,control_change,1,,,,11,112,,,,,,B0 0B 70,control_change channel=0 control=11 value=112 time=0
242,2026-09-13T00:28:14.032+00:00,6.185795,0.015769,Chordcat 0,control_change,1,,,,11,104,,,,,,B0 0B 68,control_change channel=0 control=11 value=104 time=0
243,2026-09-13T00:28:14.046+00:00,6.199608,0.013813,Chordcat 0,control_change,1,,,,11,97,,,,,,B0 0B 61,control_change channel=0 control=11 value=97 time=0
244,2026-09-13T00:28:14.061+00:00,6.214595,0.014987,Chordcat 0,control_change,1,,,,11,90,,,,,,B0 0B 5A,control_change channel=0 control=11 value=90 time=0
245,2026-09-13T00:28:14.076+00:00,6.229296,0.014701,Chordcat 0,control_change,1,,,,11,84,,,,,,B0 0B 54,control_change channel=0 control=11 value=84 time=0
246,2026-09-13T00:28:14.091+00:00,6.244738,0.015442,Chordcat 0,control_change,1,,,,11,79,,,,,,B0 0B 4F,control_change channel=0 control=11 value=79 time=0
247,2026-09-13T00:28:14.105+00:00,6.258886,0.014149,Chordcat 0,control_change,1,,,,11,75,,,,,,B0 0B 4B,control_change channel=0 control=11 value=75 time=0
248,2026-09-13T00:28:14.120+00:00,6.273108,0.014221,Chordcat 0,control_change,1,,,,11,71,,,,,,B0 0B 47,control_change channel=0 control=11 value=71 time=0
249,2026-09-13T00:28:14.135+00:00,6.288711,0.015603,Chordcat 0,control_change,1,,,,11,68,,,,,,B0 0B 44,control_change channel=0 control=11 value=68 time=0
250,2026-09-13T00:28:14.150+00:00,6.303277,0.014565,Chordcat 0,control_change,1,,,,11,66,,,,,,B0 0B 42,control_change channel=0 control=11 value=66 time=0
251,2026-09-13T00:28:14.165+00:00,6.318232,0.014956,Chordcat 0,control_change,1,,,,11,64,,,,,,B0 0B 40,control_change channel=0 control=11 value=64 time=0
252,2026-09-13T00:28:14.180+00:00,6.333125,0.014893,Chordcat 0,control_change,1,,,,11,63,,,,,,B0 0B 3F,control_change channel=0 control=11 value=63 time=0
253,2026-09-13T00:28:14.208+00:00,6.361578,0.028452,Chordcat 0,control_change,1,,,,11,127,,,,,,B0 0B 7F,control_change channel=0 control=11 value=127 time=0
254,2026-09-13T00:28:14.355+00:00,6.50845,0.146872,Chordcat 0,control_change,1,,,,11,121,,,,,,B0 0B 79,control_change channel=0 control=11 value=121 time=0
255,2026-09-13T00:28:14.370+00:00,6.523849,0.015399,Chordcat 0,control_change,1,,,,11,112,,,,,,B0 0B 70,control_change channel=0 control=11 value=112 time=0
256,2026-09-13T00:28:14.385+00:00,6.538398,0.014549,Chordcat 0,control_change,1,,,,11,104,,,,,,B0 0B 68,control_change channel=0 control=11 value=104 time=0
257,2026-09-13T00:28:14.398+00:00,6.551809,0.013411,Chordcat 0,control_change,1,,,,11,97,,,,,,B0 0B 61,control_change channel=0 control=11 value=97 time=0
258,2026-09-13T00:28:14.414+00:00,6.567713,0.015904,Chordcat 0,control_change,1,,,,11,90,,,,,,B0 0B 5A,control_change channel=0 control=11 value=90 time=0
259,2026-09-13T00:28:14.429+00:00,6.583047,0.015334,Chordcat 0,control_change,1,,,,11,84,,,,,,B0 0B 54,control_change channel=0 control=11 value=84 time=0
260,2026-09-13T00:28:14.443+00:00,6.596553,0.013505,Chordcat 0,control_change,1,,,,11,79,,,,,,B0 0B 4F,control_change channel=0 control=11 value=79 time=0
261,2026-09-13T00:28:14.458+00:00,6.612025,0.015472,Chordcat 0,control_change,1,,,,11,75,,,,,,B0 0B 4B,control_change channel=0 control=11 value=75 time=0
262,2026-09-13T00:28:14.473+00:00,6.626333,0.014308,Chordcat 0,control_change,1,,,,11,71,,,,,,B0 0B 47,control_change channel=0 control=11 value=71 time=0
263,2026-09-13T00:28:14.488+00:00,6.641528,0.015195,Chordcat 0,control_change,1,,,,11,68,,,,,,B0 0B 44,control_change channel=0 control=11 value=68 time=0
264,2026-09-13T00:28:14.502+00:00,6.655393,0.013865,Chordcat 0,control_change,1,,,,11,66,,,,,,B0 0B 42,control_change channel=0 control=11 value=66 time=0
265,2026-09-13T00:28:14.517+00:00,6.670592,0.015199,Chordcat 0,control_change,1,,,,11,64,,,,,,B0 0B 40,control_change channel=0 control=11 value=64 time=0
266,2026-09-13T00:28:14.531+00:00,6.684898,0.014306,Chordcat 0,control_change,1,,,,11,63,,,,,,B0 0B 3F,control_change channel=0 control=11 value=63 time=0
267,2026-09-13T00:28:14.560+00:00,6.714028,0.02913,Chordcat 0,control_change,1,,,,11,127,,,,,,B0 0B 7F,control_change channel=0 control=11 value=127 time=0
268,2026-09-13T00:28:14.708+00:00,6.861162,0.147134,Chordcat 0,control_change,1,,,,11,121,,,,,,B0 0B 79,control_change channel=0 control=11 value=121 time=0
269,2026-09-13T00:28:14.723+00:00,6.876415,0.015253,Chordcat 0,control_change,1,,,,11,112,,,,,,B0 0B 70,control_change channel=0 control=11 value=112 time=0
270,2026-09-13T00:28:14.737+00:00,6.891105,0.01469,Chordcat 0,control_change,1,,,,11,104,,,,,,B0 0B 68,control_change channel=0 control=11 value=104 time=0
271,2026-09-13T00:28:14.752+00:00,6.905525,0.01442,Chordcat 0,control_change,1,,,,11,97,,,,,,B0 0B 61,control_change channel=0 control=11 value=97 time=0
272,2026-09-13T00:28:14.767+00:00,6.920694,0.015169,Chordcat 0,control_change,1,,,,11,90,,,,,,B0 0B 5A,control_change channel=0 control=11 value=90 time=0
273,2026-09-13T00:28:14.782+00:00,6.935583,0.014889,Chordcat 0,control_change,1,,,,11,84,,,,,,B0 0B 54,control_change channel=0 control=11 value=84 time=0
274,2026-09-13T00:28:14.796+00:00,6.949504,0.013921,Chordcat 0,control_change,1,,,,11,79,,,,,,B0 0B 4F,control_change channel=0 control=11 value=79 time=0
275,2026-09-13T00:28:14.811+00:00,6.964511,0.015007,Chordcat 0,control_change,1,,,,11,75,,,,,,B0 0B 4B,control_change channel=0 control=11 value=75 time=0
276,2026-09-13T00:28:14.826+00:00,6.979193,0.014682,Chordcat 0,control_change,1,,,,11,71,,,,,,B0 0B 47,control_change channel=0 control=11 value=71 time=0
277,2026-09-13T00:28:14.841+00:00,6.994701,0.015508,Chordcat 0,control_change,1,,,,11,68,,,,,,B0 0B 44,control_change channel=0 control=11 value=68 time=0
278,2026-09-13T00:28:14.855+00:00,7.008865,0.014164,Chordcat 0,control_change,1,,,,11,66,,,,,,B0 0B 42,control_change channel=0 control=11 value=66 time=0
279,2026-09-13T00:28:14.870+00:00,7.023494,0.014629,Chordcat 0,control_change,1,,,,11,64,,,,,,B0 0B 40,control_change channel=0 control=11 value=64 time=0
280,2026-09-13T00:28:14.884+00:00,7.038031,0.014537,Chordcat 0,control_change,1,,,,11,63,,,,,,B0 0B 3F,control_change channel=0 control=11 value=63 time=0
281,2026-09-13T00:28:14.913+00:00,7.067027,0.028996,Chordcat 0,control_change,1,,,,11,127,,,,,,B0 0B 7F,control_change channel=0 control=11 value=127 time=0
282,2026-09-13T00:28:15.061+00:00,7.21434,0.147313,Chordcat 0,control_change,1,,,,11,121,,,,,,B0 0B 79,control_change channel=0 control=11 value=121 time=0
283,2026-09-13T00:28:15.076+00:00,7.229436,0.015095,Chordcat 0,control_change,1,,,,11,112,,,,,,B0 0B 70,control_change channel=0 control=11 value=112 time=0
284,2026-09-13T00:28:15.090+00:00,7.244035,0.014599,Chordcat 0,control_change,1,,,,11,104,,,,,,B0 0B 68,control_change channel=0 control=11 value=104 time=0
285,2026-09-13T00:28:15.105+00:00,7.258959,0.014924,Chordcat 0,control_change,1,,,,11,97,,,,,,B0 0B 61,control_change channel=0 control=11 value=97 time=0
286,2026-09-13T00:28:15.120+00:00,7.273312,0.014352,Chordcat 0,control_change,1,,,,11,90,,,,,,B0 0B 5A,control_change channel=0 control=11 value=90 time=0
287,2026-09-13T00:28:15.135+00:00,7.288642,0.01533,Chordcat 0,control_change,1,,,,11,84,,,,,,B0 0B 54,control_change channel=0 control=11 value=84 time=0
288,2026-09-13T00:28:15.150+00:00,7.303719,0.015077,Chordcat 0,control_change,1,,,,11,79,,,,,,B0 0B 4F,control_change channel=0 control=11 value=79 time=0
289,2026-09-13T00:28:15.163+00:00,7.316759,0.01304,Chordcat 0,control_change,1,,,,11,75,,,,,,B0 0B 4B,control_change channel=0 control=11 value=75 time=0
290,2026-09-13T00:28:15.179+00:00,7.333191,0.016432,Chordcat 0,control_change,1,,,,11,71,,,,,,B0 0B 47,control_change channel=0 control=11 value=71 time=0
291,2026-09-13T00:28:15.194+00:00,7.347365,0.014175,Chordcat 0,control_change,1,,,,11,68,,,,,,B0 0B 44,control_change channel=0 control=11 value=68 time=0
292,2026-09-13T00:28:15.208+00:00,7.36184,0.014474,Chordcat 0,control_change,1,,,,11,66,,,,,,B0 0B 42,control_change channel=0 control=11 value=66 time=0
293,2026-09-13T00:28:15.223+00:00,7.376391,0.014552,Chordcat 0,control_change,1,,,,11,64,,,,,,B0 0B 40,control_change channel=0 control=11 value=64 time=0
294,2026-09-13T00:28:15.238+00:00,7.391397,0.015006,Chordcat 0,control_change,1,,,,11,63,,,,,,B0 0B 3F,control_change channel=0 control=11 value=63 time=0
295,2026-09-13T00:28:15.267+00:00,7.420723,0.029326,Chordcat 0,control_change,1,,,,11,127,,,,,,B0 0B 7F,control_change channel=0 control=11 value=127 time=0
296,2026-09-13T00:28:15.413+00:00,7.566971,0.146248,Chordcat 0,control_change,1,,,,11,121,,,,,,B0 0B 79,control_change channel=0 control=11 value=121 time=0
297,2026-09-13T00:28:15.429+00:00,7.582756,0.015784,Chordcat 0,control_change,1,,,,11,112,,,,,,B0 0B 70,control_change channel=0 control=11 value=112 time=0
298,2026-09-13T00:28:15.444+00:00,7.597655,0.014899,Chordcat 0,control_change,1,,,,11,104,,,,,,B0 0B 68,control_change channel=0 control=11 value=104 time=0
299,2026-09-13T00:28:15.457+00:00,7.611054,0.013399,Chordcat 0,control_change,1,,,,11,97,,,,,,B0 0B 61,control_change channel=0 control=11 value=97 time=0
300,2026-09-13T00:28:15.472+00:00,7.625886,0.014832,Chordcat 0,control_change,1,,,,11,90,,,,,,B0 0B 5A,control_change channel=0 control=11 value=90 time=0
301,2026-09-13T00:28:15.488+00:00,7.641176,0.01529,Chordcat 0,control_change,1,,,,11,84,,,,,,B0 0B 54,control_change channel=0 control=11 value=84 time=0
302,2026-09-13T00:28:15.502+00:00,7.656042,0.014867,Chordcat 0,control_change,1,,,,11,79,,,,,,B0 0B 4F,control_change channel=0 control=11 value=79 time=0
303,2026-09-13T00:28:15.516+00:00,7.670015,0.013973,Chordcat 0,control_change,1,,,,11,75,,,,,,B0 0B 4B,control_change channel=0 control=11 value=75 time=0
304,2026-09-13T00:28:15.532+00:00,7.686026,0.01601,Chordcat 0,control_change,1,,,,11,71,,,,,,B0 0B 47,control_change channel=0 control=11 value=71 time=0
305,2026-09-13T00:28:15.547+00:00,7.700715,0.014689,Chordcat 0,control_change,1,,,,11,68,,,,,,B0 0B 44,control_change channel=0 control=11 value=68 time=0
306,2026-09-13T00:28:15.561+00:00,7.714361,0.013646,Chordcat 0,control_change,1,,,,11,66,,,,,,B0 0B 42,control_change channel=0 control=11 value=66 time=0
307,2026-09-13T00:28:15.576+00:00,7.729405,0.015044,Chordcat 0,control_change,1,,,,11,64,,,,,,B0 0B 40,control_change channel=0 control=11 value=64 time=0
308,2026-09-13T00:28:15.591+00:00,7.744993,0.015588,Chordcat 0,control_change,1,,,,11,63,,,,,,B0 0B 3F,control_change channel=0 control=11 value=63 time=0
309,2026-09-13T00:28:15.620+00:00,7.773275,0.028283,Chordcat 0,control_change,1,,,,11,127,,,,,,B0 0B 7F,control_change channel=0 control=11 value=127 time=0
310,2026-09-13T00:28:15.767+00:00,7.920631,0.147356,Chordcat 0,control_change,1,,,,11,121,,,,,,B0 0B 79,control_change channel=0 control=11 value=121 time=0
311,2026-09-13T00:28:15.781+00:00,7.934818,0.014187,Chordcat 0,control_change,1,,,,11,112,,,,,,B0 0B 70,control_change channel=0 control=11 value=112 time=0
312,2026-09-13T00:28:15.796+00:00,7.949926,0.015107,Chordcat 0,control_change,1,,,,11,104,,,,,,B0 0B 68,control_change channel=0 control=11 value=104 time=0
313,2026-09-13T00:28:15.811+00:00,7.964831,0.014905,Chordcat 0,control_change,1,,,,11,97,,,,,,B0 0B 61,control_change channel=0 control=11 value=97 time=0
314,2026-09-13T00:28:15.826+00:00,7.979616,0.014785,Chordcat 0,control_change,1,,,,11,90,,,,,,B0 0B 5A,control_change channel=0 control=11 value=90 time=0
315,2026-09-13T00:28:15.841+00:00,7.994389,0.014773,Chordcat 0,control_change,1,,,,11,84,,,,,,B0 0B 54,control_change channel=0 control=11 value=84 time=0
316,2026-09-13T00:28:15.855+00:00,8.008926,0.014537,Chordcat 0,control_change,1,,,,11,79,,,,,,B0 0B 4F,control_change channel=0 control=11 value=79 time=0
317,2026-09-13T00:28:15.870+00:00,8.023284,0.014358,Chordcat 0,control_change,1,,,,11,75,,,,,,B0 0B 4B,control_change channel=0 control=11 value=75 time=0
318,2026-09-13T00:28:15.884+00:00,8.03789,0.014606,Chordcat 0,control_change,1,,,,11,71,,,,,,B0 0B 47,control_change channel=0 control=11 value=71 time=0
319,2026-09-13T00:28:15.900+00:00,8.053621,0.015731,Chordcat 0,control_change,1,,,,11,68,,,,,,B0 0B 44,control_change channel=0 control=11 value=68 time=0
320,2026-09-13T00:28:15.914+00:00,8.067832,0.014211,Chordcat 0,control_change,1,,,,11,66,,,,,,B0 0B 42,control_change channel=0 control=11 value=66 time=0
321,2026-09-13T00:28:15.928+00:00,8.082089,0.014257,Chordcat 0,control_change,1,,,,11,64,,,,,,B0 0B 40,control_change channel=0 control=11 value=64 time=0
322,2026-09-13T00:28:15.944+00:00,8.097297,0.015208,Chordcat 0,control_change,1,,,,11,63,,,,,,B0 0B 3F,control_change channel=0 control=11 value=63 time=0
323,2026-09-13T00:28:15.973+00:00,8.126678,0.029381,Chordcat 0,control_change,1,,,,11,127,,,,,,B0 0B 7F,control_change channel=0 control=11 value=127 time=0
324,2026-09-13T00:28:16.120+00:00,8.273262,0.146584,Chordcat 0,control_change,1,,,,11,121,,,,,,B0 0B 79,control_change channel=0 control=11 value=121 time=0
325,2026-09-13T00:28:16.134+00:00,8.287848,0.014586,Chordcat 0,control_change,1,,,,11,112,,,,,,B0 0B 70,control_change channel=0 control=11 value=112 time=0
326,2026-09-13T00:28:16.150+00:00,8.303273,0.015425,Chordcat 0,control_change,1,,,,11,104,,,,,,B0 0B 68,control_change channel=0 control=11 value=104 time=0
327,2026-09-13T00:28:16.165+00:00,8.318833,0.01556,Chordcat 0,control_change,1,,,,11,96,,,,,,B0 0B 60,control_change channel=0 control=11 value=96 time=0
328,2026-09-13T00:28:16.178+00:00,8.331818,0.012985,Chordcat 0,control_change,1,,,,11,90,,,,,,B0 0B 5A,control_change channel=0 control=11 value=90 time=0
329,2026-09-13T00:28:16.194+00:00,8.347658,0.01584,Chordcat 0,control_change,1,,,,11,84,,,,,,B0 0B 54,control_change channel=0 control=11 value=84 time=0
330,2026-09-13T00:28:16.209+00:00,8.363105,0.015447,Chordcat 0,control_change,1,,,,11,79,,,,,,B0 0B 4F,control_change channel=0 control=11 value=79 time=0
331,2026-09-13T00:28:16.223+00:00,8.376231,0.013126,Chordcat 0,control_change,1,,,,11,75,,,,,,B0 0B 4B,control_change channel=0 control=11 value=75 time=0
332,2026-09-13T00:28:16.238+00:00,8.391744,0.015513,Chordcat 0,control_change,1,,,,11,71,,,,,,B0 0B 47,control_change channel=0 control=11 value=71 time=0
333,2026-09-13T00:28:16.252+00:00,8.405799,0.014055,Chordcat 0,control_change,1,,,,11,68,,,,,,B0 0B 44,control_change channel=0 control=11 value=68 time=0
334,2026-09-13T00:28:16.266+00:00,8.419863,0.014064,Chordcat 0,control_change,1,,,,11,66,,,,,,B0 0B 42,control_change channel=0 control=11 value=66 time=0
335,2026-09-13T00:28:16.282+00:00,8.435536,0.015673,Chordcat 0,control_change,1,,,,11,64,,,,,,B0 0B 40,control_change channel=0 control=11 value=64 time=0
336,2026-09-13T00:28:16.297+00:00,8.450644,0.015108,Chordcat 0,control_change,1,,,,11,63,,,,,,B0 0B 3F,control_change channel=0 control=11 value=63 time=0
337,2026-09-13T00:28:16.326+00:00,8.479798,0.029154,Chordcat 0,control_change,1,,,,11,127,,,,,,B0 0B 7F,control_change channel=0 control=11 value=127 time=0
338,2026-09-13T00:28:16.473+00:00,8.627074,0.147276,Chordcat 0,control_change,1,,,,11,121,,,,,,B0 0B 79,control_change channel=0 control=11 value=121 time=0
339,2026-09-13T00:28:16.487+00:00,8.640923,0.013849,Chordcat 0,control_change,1,,,,11,112,,,,,,B0 0B 70,control_change channel=0 control=11 value=112 time=0
340,2026-09-13T00:28:16.502+00:00,8.65596,0.015036,Chordcat 0,control_change,1,,,,11,104,,,,,,B0 0B 68,control_change channel=0 control=11 value=104 time=0
341,2026-09-13T00:28:16.517+00:00,8.670771,0.014812,Chordcat 0,control_change,1,,,,11,97,,,,,,B0 0B 61,control_change channel=0 control=11 value=97 time=0
342,2026-09-13T00:28:16.531+00:00,8.685034,0.014263,Chordcat 0,control_change,1,,,,11,90,,,,,,B0 0B 5A,control_change channel=0 control=11 value=90 time=0
343,2026-09-13T00:28:16.547+00:00,8.700506,0.015472,Chordcat 0,control_change,1,,,,11,84,,,,,,B0 0B 54,control_change channel=0 control=11 value=84 time=0
344,2026-09-13T00:28:16.562+00:00,8.715338,0.014832,Chordcat 0,control_change,1,,,,11,79,,,,,,B0 0B 4F,control_change channel=0 control=11 value=79 time=0
345,2026-09-13T00:28:16.576+00:00,8.729321,0.013983,Chordcat 0,control_change,1,,,,11,75,,,,,,B0 0B 4B,control_change channel=0 control=11 value=75 time=0
346,2026-09-13T00:28:16.590+00:00,8.744025,0.014704,Chordcat 0,control_change,1,,,,11,71,,,,,,B0 0B 47,control_change channel=0 control=11 value=71 time=0
347,2026-09-13T00:28:16.605+00:00,8.759012,0.014987,Chordcat 0,control_change,1,,,,11,68,,,,,,B0 0B 44,control_change channel=0 control=11 value=68 time=0
348,2026-09-13T00:28:16.620+00:00,8.773197,0.014185,Chordcat 0,control_change,1,,,,11,66,,,,,,B0 0B 42,control_change channel=0 control=11 value=66 time=0
349,2026-09-13T00:28:16.635+00:00,8.788448,0.015251,Chordcat 0,control_change,1,,,,11,64,,,,,,B0 0B 40,control_change channel=0 control=11 value=64 time=0
350,2026-09-13T00:28:16.650+00:00,8.803886,0.015439,Chordcat 0,control_change,1,,,,11,63,,,,,,B0 0B 3F,control_change channel=0 control=11 value=63 time=0
351,2026-09-13T00:28:16.680+00:00,8.833493,0.029606,Chordcat 0,control_change,1,,,,11,127,,,,,,B0 0B 7F,control_change channel=0 control=11 value=127 time=0
352,2026-09-13T00:28:16.826+00:00,8.979975,0.146483,Chordcat 0,control_change,1,,,,11,121,,,,,,B0 0B 79,control_change channel=0 control=11 value=121 time=0
353,2026-09-13T00:28:16.841+00:00,8.994397,0.014422,Chordcat 0,control_change,1,,,,11,112,,,,,,B0 0B 70,control_change channel=0 control=11 value=112 time=0
354,2026-09-13T00:28:16.856+00:00,9.009789,0.015392,Chordcat 0,control_change,1,,,,11,104,,,,,,B0 0B 68,control_change channel=0 control=11 value=104 time=0
355,2026-09-13T00:28:16.871+00:00,9.024239,0.01445,Chordcat 0,control_change,1,,,,11,97,,,,,,B0 0B 61,control_change channel=0 control=11 value=97 time=0
356,2026-09-13T00:28:16.884+00:00,9.037988,0.013749,Chordcat 0,control_change,1,,,,11,91,,,,,,B0 0B 5B,control_change channel=0 control=11 value=91 time=0
357,2026-09-13T00:28:16.900+00:00,9.053143,0.015156,Chordcat 0,control_change,1,,,,11,85,,,,,,B0 0B 55,control_change channel=0 control=11 value=85 time=0
358,2026-09-13T00:28:16.915+00:00,9.068377,0.015234,Chordcat 0,control_change,1,,,,11,79,,,,,,B0 0B 4F,control_change channel=0 control=11 value=79 time=0
359,2026-09-13T00:28:16.929+00:00,9.082901,0.014524,Chordcat 0,control_change,1,,,,11,75,,,,,,B0 0B 4B,control_change channel=0 control=11 value=75 time=0
360,2026-09-13T00:28:16.944+00:00,9.097124,0.014223,Chordcat 0,control_change,1,,,,11,71,,,,,,B0 0B 47,control_change channel=0 control=11 value=71 time=0
361,2026-09-13T00:28:16.959+00:00,9.113028,0.015904,Chordcat 0,control_change,1,,,,11,68,,,,,,B0 0B 44,control_change channel=0 control=11 value=68 time=0
362,2026-09-13T00:28:16.973+00:00,9.126962,0.013934,Chordcat 0,control_change,1,,,,11,66,,,,,,B0 0B 42,control_change channel=0 control=11 value=66 time=0
363,2026-09-13T00:28:16.988+00:00,9.14113,0.014167,Chordcat 0,control_change,1,,,,11,64,,,,,,B0 0B 40,control_change channel=0 control=11 value=64 time=0
364,2026-09-13T00:28:17.003+00:00,9.156429,0.0153,Chordcat 0,control_change,1,,,,11,63,,,,,,B0 0B 3F,control_change channel=0 control=11 value=63 time=0
365,2026-09-13T00:28:17.031+00:00,9.184788,0.028359,Chordcat 0,control_change,1,,,,11,127,,,,,,B0 0B 7F,control_change channel=0 control=11 value=127 time=0
366,2026-09-13T00:28:17.179+00:00,9.33291,0.148122,Chordcat 0,control_change,1,,,,11,120,,,,,,B0 0B 78,control_change channel=0 control=11 value=120 time=0
367,2026-09-13T00:28:17.193+00:00,9.346792,0.013883,Chordcat 0,control_change,1,,,,11,112,,,,,,B0 0B 70,control_change channel=0 control=11 value=112 time=0
368,2026-09-13T00:28:17.210+00:00,9.363245,0.016453,Chordcat 0,control_change,1,,,,11,104,,,,,,B0 0B 68,control_change channel=0 control=11 value=104 time=0
369,2026-09-13T00:28:17.224+00:00,9.377556,0.014311,Chordcat 0,control_change,1,,,,11,96,,,,,,B0 0B 60,control_change channel=0 control=11 value=96 time=0
370,2026-09-13T00:28:17.238+00:00,9.391241,0.013685,Chordcat 0,control_change,1,,,,11,90,,,,,,B0 0B 5A,control_change channel=0 control=11 value=90 time=0
371,2026-09-13T00:28:17.253+00:00,9.40658,0.015339,Chordcat 0,control_change,1,,,,11,84,,,,,,B0 0B 54,control_change channel=0 control=11 value=84 time=0
372,2026-09-13T00:28:17.268+00:00,9.421692,0.015112,Chordcat 0,control_change,1,,,,11,79,,,,,,B0 0B 4F,control_change channel=0 control=11 value=79 time=0
373,2026-09-13T00:28:17.282+00:00,9.435522,0.013831,Chordcat 0,control_change,1,,,,11,75,,,,,,B0 0B 4B,control_change channel=0 control=11 value=75 time=0
374,2026-09-13T00:28:17.296+00:00,9.449976,0.014454,Chordcat 0,control_change,1,,,,11,71,,,,,,B0 0B 47,control_change channel=0 control=11 value=71 time=0
375,2026-09-13T00:28:17.311+00:00,9.465034,0.015057,Chordcat 0,control_change,1,,,,11,68,,,,,,B0 0B 44,control_change channel=0 control=11 value=68 time=0
376,2026-09-13T00:28:17.327+00:00,9.480152,0.015118,Chordcat 0,control_change,1,,,,11,65,,,,,,B0 0B 41,control_change channel=0 control=11 value=65 time=0
377,2026-09-13T00:28:17.341+00:00,9.494462,0.01431,Chordcat 0,control_change,1,,,,11,64,,,,,,B0 0B 40,control_change channel=0 control=11 value=64 time=0
378,2026-09-13T00:28:17.356+00:00,9.509753,0.015291,Chordcat 0,control_change,1,,,,11,63,,,,,,B0 0B 3F,control_change channel=0 control=11 value=63 time=0
379,2026-09-13T00:28:17.384+00:00,9.537895,0.028143,Chordcat 0,control_change,1,,,,11,127,,,,,,B0 0B 7F,control_change channel=0 control=11 value=127 time=0
380,2026-09-13T00:28:17.532+00:00,9.685535,0.14764,Chordcat 0,control_change,1,,,,11,121,,,,,,B0 0B 79,control_change channel=0 control=11 value=121 time=0
381,2026-09-13T00:28:17.547+00:00,9.7003,0.014764,Chordcat 0,control_change,1,,,,11,112,,,,,,B0 0B 70,control_change channel=0 control=11 value=112 time=0
382,2026-09-13T00:28:17.561+00:00,9.715144,0.014845,Chordcat 0,control_change,1,,,,11,104,,,,,,B0 0B 68,control_change channel=0 control=11 value=104 time=0
383,2026-09-13T00:28:17.577+00:00,9.730399,0.015254,Chordcat 0,control_change,1,,,,11,96,,,,,,B0 0B 60,control_change channel=0 control=11 value=96 time=0
384,2026-09-13T00:28:17.591+00:00,9.744136,0.013737,Chordcat 0,control_change,1,,,,11,90,,,,,,B0 0B 5A,control_change channel=0 control=11 value=90 time=0
385,2026-09-13T00:28:17.606+00:00,9.759228,0.015092,Chordcat 0,control_change,1,,,,11,84,,,,,,B0 0B 54,control_change channel=0 control=11 value=84 time=0
386,2026-09-13T00:28:17.620+00:00,9.773715,0.014487,Chordcat 0,control_change,1,,,,11,79,,,,,,B0 0B 4F,control_change channel=0 control=11 value=79 time=0
387,2026-09-13T00:28:17.635+00:00,9.788819,0.015104,Chordcat 0,control_change,1,,,,11,75,,,,,,B0 0B 4B,control_change channel=0 control=11 value=75 time=0
388,2026-09-13T00:28:17.650+00:00,9.803672,0.014853,Chordcat 0,control_change,1,,,,11,71,,,,,,B0 0B 47,control_change channel=0 control=11 value=71 time=0
389,2026-09-13T00:28:17.665+00:00,9.818251,0.014579,Chordcat 0,control_change,1,,,,11,68,,,,,,B0 0B 44,control_change channel=0 control=11 value=68 time=0
390,2026-09-13T00:28:17.680+00:00,9.833694,0.015443,Chordcat 0,control_change,1,,,,11,66,,,,,,B0 0B 42,control_change channel=0 control=11 value=66 time=0
391,2026-09-13T00:28:17.693+00:00,9.846771,0.013077,Chordcat 0,control_change,1,,,,11,64,,,,,,B0 0B 40,control_change channel=0 control=11 value=64 time=0
392,2026-09-13T00:28:17.709+00:00,9.862345,0.015574,Chordcat 0,control_change,1,,,,11,63,,,,,,B0 0B 3F,control_change channel=0 control=11 value=63 time=0
393,2026-09-13T00:28:17.738+00:00,9.892056,0.029711,Chordcat 0,control_change,1,,,,11,127,,,,,,B0 0B 7F,control_change channel=0 control=11 value=127 time=0
394,2026-09-13T00:28:17.886+00:00,10.039221,0.147165,Chordcat 0,control_change,1,,,,11,121,,,,,,B0 0B 79,control_change channel=0 control=11 value=121 time=0
395,2026-09-13T00:28:17.899+00:00,10.052934,0.013713,Chordcat 0,control_change,1,,,,11,112,,,,,,B0 0B 70,control_change channel=0 control=11 value=112 time=0
396,2026-09-13T00:28:17.915+00:00,10.068285,0.015351,Chordcat 0,control_change,1,,,,11,104,,,,,,B0 0B 68,control_change channel=0 control=11 value=104 time=0
397,2026-09-13T00:28:17.929+00:00,10.082907,0.014622,Chordcat 0,control_change,1,,,,11,97,,,,,,B0 0B 61,control_change channel=0 control=11 value=97 time=0
398,2026-09-13T00:28:17.943+00:00,10.09672,0.013813,Chordcat 0,control_change,1,,,,11,91,,,,,,B0 0B 5B,control_change channel=0 control=11 value=91 time=0
399,2026-09-13T00:28:17.958+00:00,10.111687,0.014967,Chordcat 0,control_change,1,,,,11,85,,,,,,B0 0B 55,control_change channel=0 control=11 value=85 time=0
400,2026-09-13T00:28:17.973+00:00,10.126848,0.015161,Chordcat 0,control_change,1,,,,11,79,,,,,,B0 0B 4F,control_change channel=0 control=11 value=79 time=0
401,2026-09-13T00:28:17.988+00:00,10.141734,0.014886,Chordcat 0,control_change,1,,,,11,75,,,,,,B0 0B 4B,control_change channel=0 control=11 value=75 time=0
402,2026-09-13T00:28:18.002+00:00,10.156054,0.01432,Chordcat 0,control_change,1,,,,11,71,,,,,,B0 0B 47,control_change channel=0 control=11 value=71 time=0
403,2026-09-13T00:28:18.018+00:00,10.171462,0.015408,Chordcat 0,control_change,1,,,,11,68,,,,,,B0 0B 44,control_change channel=0 control=11 value=68 time=0
404,2026-09-13T00:28:18.032+00:00,10.185995,0.014533,Chordcat 0,control_change,1,,,,11,66,,,,,,B0 0B 42,control_change channel=0 control=11 value=66 time=0
405,2026-09-13T00:28:18.046+00:00,10.200037,0.014042,Chordcat 0,control_change,1,,,,11,64,,,,,,B0 0B 40,control_change channel=0 control=11 value=64 time=0
406,2026-09-13T00:28:18.061+00:00,10.214749,0.014712,Chordcat 0,control_change,1,,,,11,63,,,,,,B0 0B 3F,control_change channel=0 control=11 value=63 time=0
407,2026-09-13T00:28:18.092+00:00,10.245521,0.030772,Chordcat 0,control_change,1,,,,11,127,,,,,,B0 0B 7F,control_change channel=0 control=11 value=127 time=0
408,2026-09-13T00:28:18.238+00:00,10.391803,0.146282,Chordcat 0,control_change,1,,,,11,121,,,,,,B0 0B 79,control_change channel=0 control=11 value=121 time=0
409,2026-09-13T00:28:18.253+00:00,10.406217,0.014415,Chordcat 0,control_change,1,,,,11,112,,,,,,B0 0B 70,control_change channel=0 control=11 value=112 time=0
410,2026-09-13T00:28:18.268+00:00,10.421466,0.015249,Chordcat 0,control_change,1,,,,11,104,,,,,,B0 0B 68,control_change channel=0 control=11 value=104 time=0
411,2026-09-13T00:28:18.283+00:00,10.436206,0.01474,Chordcat 0,control_change,1,,,,11,97,,,,,,B0 0B 61,control_change channel=0 control=11 value=97 time=0
412,2026-09-13T00:28:18.297+00:00,10.450368,0.014162,Chordcat 0,control_change,1,,,,11,91,,,,,,B0 0B 5B,control_change channel=0 control=11 value=91 time=0
413,2026-09-13T00:28:18.311+00:00,10.464757,0.014388,Chordcat 0,control_change,1,,,,11,85,,,,,,B0 0B 55,control_change channel=0 control=11 value=85 time=0
414,2026-09-13T00:28:18.327+00:00,10.480346,0.015589,Chordcat 0,control_change,1,,,,11,79,,,,,,B0 0B 4F,control_change channel=0 control=11 value=79 time=0
415,2026-09-13T00:28:18.341+00:00,10.494735,0.014389,Chordcat 0,control_change,1,,,,11,75,,,,,,B0 0B 4B,control_change channel=0 control=11 value=75 time=0
416,2026-09-13T00:28:18.356+00:00,10.509983,0.015248,Chordcat 0,control_change,1,,,,11,71,,,,,,B0 0B 47,control_change channel=0 control=11 value=71 time=0
417,2026-09-13T00:28:18.371+00:00,10.524437,0.014454,Chordcat 0,control_change,1,,,,11,68,,,,,,B0 0B 44,control_change channel=0 control=11 value=68 time=0
418,2026-09-13T00:28:18.386+00:00,10.539513,0.015076,Chordcat 0,control_change,1,,,,11,66,,,,,,B0 0B 42,control_change channel=0 control=11 value=66 time=0
419,2026-09-13T00:28:18.400+00:00,10.553257,0.013743,Chordcat 0,control_change,1,,,,11,64,,,,,,B0 0B 40,control_change channel=0 control=11 value=64 time=0
420,2026-09-13T00:28:18.415+00:00,10.568208,0.014952,Chordcat 0,control_change,1,,,,11,63,,,,,,B0 0B 3F,control_change channel=0 control=11 value=63 time=0
421,2026-09-13T00:28:18.444+00:00,10.597114,0.028906,Chordcat 0,control_change,1,,,,11,127,,,,,,B0 0B 7F,control_change channel=0 control=11 value=127 time=0
422,2026-09-13T00:28:18.592+00:00,10.745229,0.148115,Chordcat 0,control_change,1,,,,11,120,,,,,,B0 0B 78,control_change channel=0 control=11 value=120 time=0
423,2026-09-13T00:28:18.605+00:00,10.758951,0.013722,Chordcat 0,control_change,1,,,,11,112,,,,,,B0 0B 70,control_change channel=0 control=11 value=112 time=0
424,2026-09-13T00:28:18.621+00:00,10.774422,0.015471,Chordcat 0,control_change,1,,,,11,104,,,,,,B0 0B 68,control_change channel=0 control=11 value=104 time=0
425,2026-09-13T00:28:18.636+00:00,10.789654,0.015232,Chordcat 0,control_change,1,,,,11,97,,,,,,B0 0B 61,control_change channel=0 control=11 value=97 time=0
426,2026-09-13T00:28:18.651+00:00,10.804454,0.0148,Chordcat 0,control_change,1,,,,11,90,,,,,,B0 0B 5A,control_change channel=0 control=11 value=90 time=0
427,2026-09-13T00:28:18.665+00:00,10.81876,0.014306,Chordcat 0,control_change,1,,,,11,84,,,,,,B0 0B 54,control_change channel=0 control=11 value=84 time=0
428,2026-09-13T00:28:18.679+00:00,10.833113,0.014353,Chordcat 0,control_change,1,,,,11,79,,,,,,B0 0B 4F,control_change channel=0 control=11 value=79 time=0
429,2026-09-13T00:28:18.694+00:00,10.847707,0.014594,Chordcat 0,control_change,1,,,,11,75,,,,,,B0 0B 4B,control_change channel=0 control=11 value=75 time=0
430,2026-09-13T00:28:18.708+00:00,10.861675,0.013968,Chordcat 0,control_change,1,,,,11,71,,,,,,B0 0B 47,control_change channel=0 control=11 value=71 time=0
431,2026-09-13T00:28:18.724+00:00,10.87751,0.015834,Chordcat 0,control_change,1,,,,11,68,,,,,,B0 0B 44,control_change channel=0 control=11 value=68 time=0
432,2026-09-13T00:28:18.739+00:00,10.89294,0.015431,Chordcat 0,control_change,1,,,,11,66,,,,,,B0 0B 42,control_change channel=0 control=11 value=66 time=0
433,2026-09-13T00:28:18.753+00:00,10.906814,0.013874,Chordcat 0,control_change,1,,,,11,64,,,,,,B0 0B 40,control_change channel=0 control=11 value=64 time=0
434,2026-09-13T00:28:18.768+00:00,10.92141,0.014596,Chordcat 0,control_change,1,,,,11,63,,,,,,B0 0B 3F,control_change channel=0 control=11 value=63 time=0
435,2026-09-13T00:28:18.797+00:00,10.950817,0.029407,Chordcat 0,control_change,1,,,,11,127,,,,,,B0 0B 7F,control_change channel=0 control=11 value=127 time=0
436,2026-09-13T00:28:18.945+00:00,11.098675,0.147858,Chordcat 0,control_change,1,,,,11,121,,,,,,B0 0B 79,control_change channel=0 control=11 value=121 time=0
437,2026-09-13T00:28:18.958+00:00,11.111877,0.013202,Chordcat 0,control_change,1,,,,11,112,,,,,,B0 0B 70,control_change channel=0 control=11 value=112 time=0
438,2026-09-13T00:28:18.974+00:00,11.127825,0.015948,Chordcat 0,control_change,1,,,,11,104,,,,,,B0 0B 68,control_change channel=0 control=11 value=104 time=0
439,2026-09-13T00:28:18.988+00:00,11.141793,0.013969,Chordcat 0,control_change,1,,,,11,97,,,,,,B0 0B 61,control_change channel=0 control=11 value=97 time=0
440,2026-09-13T00:28:19.004+00:00,11.157477,0.015684,Chordcat 0,control_change,1,,,,11,90,,,,,,B0 0B 5A,control_change channel=0 control=11 value=90 time=0
441,2026-09-13T00:28:19.018+00:00,11.171634,0.014157,Chordcat 0,control_change,1,,,,11,85,,,,,,B0 0B 55,control_change channel=0 control=11 value=85 time=0
442,2026-09-13T00:28:19.032+00:00,11.185757,0.014123,Chordcat 0,control_change,1,,,,11,79,,,,,,B0 0B 4F,control_change channel=0 control=11 value=79 time=0
443,2026-09-13T00:28:19.048+00:00,11.201221,0.015464,Chordcat 0,control_change,1,,,,11,75,,,,,,B0 0B 4B,control_change channel=0 control=11 value=75 time=0
444,2026-09-13T00:28:19.062+00:00,11.215692,0.014471,Chordcat 0,control_change,1,,,,11,71,,,,,,B0 0B 47,control_change channel=0 control=11 value=71 time=0
445,2026-09-13T00:28:19.076+00:00,11.229791,0.014099,Chordcat 0,control_change,1,,,,11,68,,,,,,B0 0B 44,control_change channel=0 control=11 value=68 time=0
446,2026-09-13T00:28:19.091+00:00,11.244766,0.014975,Chordcat 0,control_change,1,,,,11,66,,,,,,B0 0B 42,control_change channel=0 control=11 value=66 time=0
447,2026-09-13T00:28:19.105+00:00,11.258739,0.013973,Chordcat 0,control_change,1,,,,11,64,,,,,,B0 0B 40,control_change channel=0 control=11 value=64 time=0
448,2026-09-13T00:28:19.120+00:00,11.2739,0.015161,Chordcat 0,control_change,1,,,,11,63,,,,,,B0 0B 3F,control_change channel=0 control=11 value=63 time=0
449,2026-09-13T00:28:19.151+00:00,11.30439,0.03049,Chordcat 0,control_change,1,,,,11,127,,,,,,B0 0B 7F,control_change channel=0 control=11 value=127 time=0
450,2026-09-13T00:28:19.297+00:00,11.450711,0.146321,Chordcat 0,control_change,1,,,,11,121,,,,,,B0 0B 79,control_change channel=0 control=11 value=121 time=0
451,2026-09-13T00:28:19.312+00:00,11.465466,0.014755,Chordcat 0,control_change,1,,,,11,112,,,,,,B0 0B 70,control_change channel=0 control=11 value=112 time=0
452,2026-09-13T00:28:19.326+00:00,11.479822,0.014356,Chordcat 0,control_change,1,,,,11,104,,,,,,B0 0B 68,control_change channel=0 control=11 value=104 time=0
453,2026-09-13T00:28:19.342+00:00,11.495171,0.015349,Chordcat 0,control_change,1,,,,11,97,,,,,,B0 0B 61,control_change channel=0 control=11 value=97 time=0
454,2026-09-13T00:28:19.356+00:00,11.509956,0.014785,Chordcat 0,control_change,1,,,,11,91,,,,,,B0 0B 5B,control_change channel=0 control=11 value=91 time=0
455,2026-09-13T00:28:19.370+00:00,11.523935,0.01398,Chordcat 0,control_change,1,,,,11,85,,,,,,B0 0B 55,control_change channel=0 control=11 value=85 time=0
456,2026-09-13T00:28:19.386+00:00,11.539736,0.0158,Chordcat 0,control_change,1,,,,11,79,,,,,,B0 0B 4F,control_change channel=0 control=11 value=79 time=0
457,2026-09-13T00:28:19.401+00:00,11.554397,0.014661,Chordcat 0,control_change,1,,,,11,75,,,,,,B0 0B 4B,control_change channel=0 control=11 value=75 time=0
458,2026-09-13T00:28:19.414+00:00,11.567705,0.013308,Chordcat 0,control_change,1,,,,11,71,,,,,,B0 0B 47,control_change channel=0 control=11 value=71 time=0
459,2026-09-13T00:28:19.429+00:00,11.583024,0.015319,Chordcat 0,control_change,1,,,,11,68,,,,,,B0 0B 44,control_change channel=0 control=11 value=68 time=0
460,2026-09-13T00:28:19.445+00:00,11.598434,0.01541,Chordcat 0,control_change,1,,,,11,66,,,,,,B0 0B 42,control_change channel=0 control=11 value=66 time=0
461,2026-09-13T00:28:19.459+00:00,11.61272,0.014286,Chordcat 0,control_change,1,,,,11,64,,,,,,B0 0B 40,control_change channel=0 control=11 value=64 time=0
462,2026-09-13T00:28:19.474+00:00,11.627787,0.015067,Chordcat 0,control_change,1,,,,11,63,,,,,,B0 0B 3F,control_change channel=0 control=11 value=63 time=0
463,2026-09-13T00:28:19.504+00:00,11.657441,0.029653,Chordcat 0,control_change,1,,,,11,127,,,,,,B0 0B 7F,control_change channel=0 control=11 value=127 time=0
464,2026-09-13T00:28:19.651+00:00,11.804214,0.146773,Chordcat 0,control_change,1,,,,11,121,,,,,,B0 0B 79,control_change channel=0 control=11 value=121 time=0
465,2026-09-13T00:28:19.665+00:00,11.819062,0.014848,Chordcat 0,control_change,1,,,,11,112,,,,,,B0 0B 70,control_change channel=0 control=11 value=112 time=0
466,2026-09-13T00:28:19.679+00:00,11.833028,0.013966,Chordcat 0,control_change,1,,,,11,104,,,,,,B0 0B 68,control_change channel=0 control=11 value=104 time=0
467,2026-09-13T00:28:19.695+00:00,11.848698,0.01567,Chordcat 0,control_change,1,,,,11,97,,,,,,B0 0B 61,control_change channel=0 control=11 value=97 time=0
468,2026-09-13T00:28:19.709+00:00,11.863092,0.014394,Chordcat 0,control_change,1,,,,11,90,,,,,,B0 0B 5A,control_change channel=0 control=11 value=90 time=0
469,2026-09-13T00:28:19.723+00:00,11.876764,0.013673,Chordcat 0,control_change,1,,,,11,85,,,,,,B0 0B 55,control_change channel=0 control=11 value=85 time=0
470,2026-09-13T00:28:19.739+00:00,11.892166,0.015402,Chordcat 0,control_change,1,,,,11,79,,,,,,B0 0B 4F,control_change channel=0 control=11 value=79 time=0
471,2026-09-13T00:28:19.753+00:00,11.906795,0.014629,Chordcat 0,control_change,1,,,,11,75,,,,,,B0 0B 4B,control_change channel=0 control=11 value=75 time=0
472,2026-09-13T00:28:19.768+00:00,11.921174,0.014379,Chordcat 0,control_change,1,,,,11,71,,,,,,B0 0B 47,control_change channel=0 control=11 value=71 time=0
473,2026-09-13T00:28:19.782+00:00,11.936073,0.014899,Chordcat 0,control_change,1,,,,11,68,,,,,,B0 0B 44,control_change channel=0 control=11 value=68 time=0
474,2026-09-13T00:28:19.798+00:00,11.951464,0.015391,Chordcat 0,control_change,1,,,,11,66,,,,,,B0 0B 42,control_change channel=0 control=11 value=66 time=0
475,2026-09-13T00:28:19.813+00:00,11.966574,0.01511,Chordcat 0,control_change,1,,,,11,64,,,,,,B0 0B 40,control_change channel=0 control=11 value=64 time=0
476,2026-09-13T00:28:19.826+00:00,11.979653,0.013079,Chordcat 0,control_change,1,,,,11,63,,,,,,B0 0B 3F,control_change channel=0 control=11 value=63 time=0
477,2026-09-13T00:28:19.856+00:00,12.009928,0.030275,Chordcat 0,control_change,1,,,,11,127,,,,,,B0 0B 7F,control_change channel=0 control=11 value=127 time=0
478,2026-09-13T00:28:20.004+00:00,12.157537,0.147609,Chordcat 0,control_change,1,,,,11,121,,,,,,B0 0B 79,control_change channel=0 control=11 value=121 time=0
479,2026-09-13T00:28:20.018+00:00,12.171505,0.013967,Chordcat 0,control_change,1,,,,11,112,,,,,,B0 0B 70,control_change channel=0 control=11 value=112 time=0
480,2026-09-13T00:28:20.034+00:00,12.18713,0.015625,Chordcat 0,control_change,1,,,,11,104,,,,,,B0 0B 68,control_change channel=0 control=11 value=104 time=0
481,2026-09-13T00:28:20.048+00:00,12.201572,0.014442,Chordcat 0,control_change,1,,,,11,97,,,,,,B0 0B 61,control_change channel=0 control=11 value=97 time=0
482,2026-09-13T00:28:20.063+00:00,12.216611,0.015039,Chordcat 0,control_change,1,,,,11,90,,,,,,B0 0B 5A,control_change channel=0 control=11 value=90 time=0
483,2026-09-13T00:28:20.077+00:00,12.230359,0.013748,Chordcat 0,control_change,1,,,,11,85,,,,,,B0 0B 55,control_change channel=0 control=11 value=85 time=0
484,2026-09-13T00:28:20.091+00:00,12.244715,0.014356,Chordcat 0,control_change,1,,,,11,79,,,,,,B0 0B 4F,control_change channel=0 control=11 value=79 time=0
485,2026-09-13T00:28:20.107+00:00,12.260232,0.015517,Chordcat 0,control_change,1,,,,11,75,,,,,,B0 0B 4B,control_change channel=0 control=11 value=75 time=0
486,2026-09-13T00:28:20.121+00:00,12.274176,0.013944,Chordcat 0,control_change,1,,,,11,71,,,,,,B0 0B 47,control_change channel=0 control=11 value=71 time=0
487,2026-09-13T00:28:20.136+00:00,12.289204,0.015028,Chordcat 0,control_change,1,,,,11,68,,,,,,B0 0B 44,control_change channel=0 control=11 value=68 time=0
488,2026-09-13T00:28:20.151+00:00,12.304317,0.015113,Chordcat 0,control_change,1,,,,11,66,,,,,,B0 0B 42,control_change channel=0 control=11 value=66 time=0
489,2026-09-13T00:28:20.165+00:00,12.319035,0.014719,Chordcat 0,control_change,1,,,,11,64,,,,,,B0 0B 40,control_change channel=0 control=11 value=64 time=0
490,2026-09-13T00:28:20.179+00:00,12.332927,0.013892,Chordcat 0,control_change,1,,,,11,63,,,,,,B0 0B 3F,control_change channel=0 control=11 value=63 time=0
491,2026-09-13T00:28:20.210+00:00,12.363132,0.030205,Chordcat 0,control_change,1,,,,11,127,,,,,,B0 0B 7F,control_change channel=0 control=11 value=127 time=0
492,2026-09-13T00:28:20.356+00:00,12.509803,0.146672,Chordcat 0,control_change,1,,,,11,121,,,,,,B0 0B 79,control_change channel=0 control=11 value=121 time=0
493,2026-09-13T00:28:20.371+00:00,12.524189,0.014386,Chordcat 0,control_change,1,,,,11,112,,,,,,B0 0B 70,control_change channel=0 control=11 value=112 time=0
494,2026-09-13T00:28:20.385+00:00,12.538985,0.014796,Chordcat 0,control_change,1,,,,11,104,,,,,,B0 0B 68,control_change channel=0 control=11 value=104 time=0
495,2026-09-13T00:28:20.400+00:00,12.553739,0.014755,Chordcat 0,control_change,1,,,,11,97,,,,,,B0 0B 61,control_change channel=0 control=11 value=97 time=0
496,2026-09-13T00:28:20.415+00:00,12.568941,0.015202,Chordcat 0,control_change,1,,,,11,90,,,,,,B0 0B 5A,control_change channel=0 control=11 value=90 time=0
497,2026-09-13T00:28:20.431+00:00,12.584652,0.01571,Chordcat 0,control_change,1,,,,11,84,,,,,,B0 0B 54,control_change channel=0 control=11 value=84 time=0
498,2026-09-13T00:28:20.445+00:00,12.598633,0.013981,Chordcat 0,control_change,1,,,,11,80,,,,,,B0 0B 50,control_change channel=0 control=11 value=80 time=0
499,2026-09-13T00:28:20.460+00:00,12.613827,0.015194,Chordcat 0,control_change,1,,,,11,75,,,,,,B0 0B 4B,control_change channel=0 control=11 value=75 time=0
500,2026-09-13T00:28:20.475+00:00,12.628216,0.014389,Chordcat 0,control_change,1,,,,11,71,,,,,,B0 0B 47,control_change channel=0 control=11 value=71 time=0
501,2026-09-13T00:28:20.489+00:00,12.643047,0.014831,Chordcat 0,control_change,1,,,,11,68,,,,,,B0 0B 44,control_change channel=0 control=11 value=68 time=0
502,2026-09-13T00:28:20.504+00:00,12.657646,0.014598,Chordcat 0,control_change,1,,,,11,66,,,,,,B0 0B 42,control_change channel=0 control=11 value=66 time=0
503,2026-09-13T00:28:20.518+00:00,12.671763,0.014117,Chordcat 0,control_change,1,,,,11,64,,,,,,B0 0B 40,control_change channel=0 control=11 value=64 time=0
504,2026-09-13T00:28:20.533+00:00,12.686394,0.014631,Chordcat 0,control_change,1,,,,11,63,,,,,,B0 0B 3F,control_change channel=0 control=11 value=63 time=0
505,2026-09-13T00:28:20.563+00:00,12.716152,0.029758,Chordcat 0,control_change,1,,,,11,127,,,,,,B0 0B 7F,control_change channel=0 control=11 value=127 time=0
506,2026-09-13T00:28:20.709+00:00,12.863065,0.146913,Chordcat 0,control_change,1,,,,11,121,,,,,,B0 0B 79,control_change channel=0 control=11 value=121 time=0
507,2026-09-13T00:28:20.724+00:00,12.87767,0.014605,Chordcat 0,control_change,1,,,,11,112,,,,,,B0 0B 70,control_change channel=0 control=11 value=112 time=0
508,2026-09-13T00:28:20.739+00:00,12.893139,0.015469,Chordcat 0,control_change,1,,,,11,104,,,,,,B0 0B 68,control_change channel=0 control=11 value=104 time=0
509,2026-09-13T00:28:20.754+00:00,12.907292,0.014153,Chordcat 0,control_change,1,,,,11,97,,,,,,B0 0B 61,control_change channel=0 control=11 value=97 time=0
510,2026-09-13T00:28:20.769+00:00,12.9229,0.015608,Chordcat 0,control_change,1,,,,11,90,,,,,,B0 0B 5A,control_change channel=0 control=11 value=90 time=0
511,2026-09-13T00:28:20.782+00:00,12.93565,0.01275,Chordcat 0,control_change,1,,,,11,85,,,,,,B0 0B 55,control_change channel=0 control=11 value=85 time=0
512,2026-09-13T00:28:20.797+00:00,12.950853,0.015204,Chordcat 0,control_change,1,,,,11,79,,,,,,B0 0B 4F,control_change channel=0 control=11 value=79 time=0
513,2026-09-13T00:28:20.813+00:00,12.966548,0.015695,Chordcat 0,control_change,1,,,,11,75,,,,,,B0 0B 4B,control_change channel=0 control=11 value=75 time=0
514,2026-09-13T00:28:20.828+00:00,12.981274,0.014725,Chordcat 0,control_change,1,,,,11,71,,,,,,B0 0B 47,control_change channel=0 control=11 value=71 time=0
515,2026-09-13T00:28:20.841+00:00,12.994629,0.013355,Chordcat 0,control_change,1,,,,11,68,,,,,,B0 0B 44,control_change channel=0 control=11 value=68 time=0
516,2026-09-13T00:28:20.856+00:00,13.00976,0.015131,Chordcat 0,control_change,1,,,,11,66,,,,,,B0 0B 42,control_change channel=0 control=11 value=66 time=0
517,2026-09-13T00:28:20.871+00:00,13.024895,0.015135,Chordcat 0,control_change,1,,,,11,64,,,,,,B0 0B 40,control_change channel=0 control=11 value=64 time=0
518,2026-09-13T00:28:20.885+00:00,13.039078,0.014183,Chordcat 0,control_change,1,,,,11,63,,,,,,B0 0B 3F,control_change channel=0 control=11 value=63 time=0
519,2026-09-13T00:28:20.915+00:00,13.068946,0.029868,Chordcat 0,control_change,1,,,,11,127,,,,,,B0 0B 7F,control_change channel=0 control=11 value=127 time=0
520,2026-09-13T00:28:21.062+00:00,13.216157,0.147211,Chordcat 0,control_change,1,,,,11,121,,,,,,B0 0B 79,control_change channel=0 control=11 value=121 time=0
521,2026-09-13T00:28:21.078+00:00,13.231615,0.015458,Chordcat 0,control_change,1,,,,11,112,,,,,,B0 0B 70,control_change channel=0 control=11 value=112 time=0
522,2026-09-13T00:28:21.091+00:00,13.244701,0.013086,Chordcat 0,control_change,1,,,,11,104,,,,,,B0 0B 68,control_change channel=0 control=11 value=104 time=0
523,2026-09-13T00:28:21.106+00:00,13.260007,0.015306,Chordcat 0,control_change,1,,,,11,97,,,,,,B0 0B 61,control_change channel=0 control=11 value=97 time=0
524,2026-09-13T00:28:21.122+00:00,13.275335,0.015328,Chordcat 0,control_change,1,,,,11,90,,,,,,B0 0B 5A,control_change channel=0 control=11 value=90 time=0
525,2026-09-13T00:28:21.136+00:00,13.289613,0.014278,Chordcat 0,control_change,1,,,,11,85,,,,,,B0 0B 55,control_change channel=0 control=11 value=85 time=0
526,2026-09-13T00:28:21.150+00:00,13.304073,0.01446,Chordcat 0,control_change,1,,,,11,79,,,,,,B0 0B 4F,control_change channel=0 control=11 value=79 time=0
527,2026-09-13T00:28:21.165+00:00,13.318858,0.014784,Chordcat 0,control_change,1,,,,11,75,,,,,,B0 0B 4B,control_change channel=0 control=11 value=75 time=0
528,2026-09-13T00:28:21.181+00:00,13.334638,0.01578,Chordcat 0,control_change,1,,,,11,71,,,,,,B0 0B 47,control_change channel=0 control=11 value=71 time=0
529,2026-09-13T00:28:21.195+00:00,13.348502,0.013865,Chordcat 0,control_change,1,,,,11,68,,,,,,B0 0B 44,control_change channel=0 control=11 value=68 time=0
530,2026-09-13T00:28:21.209+00:00,13.362771,0.014269,Chordcat 0,control_change,1,,,,11,66,,,,,,B0 0B 42,control_change channel=0 control=11 value=66 time=0
531,2026-09-13T00:28:21.225+00:00,13.378204,0.015433,Chordcat 0,control_change,1,,,,11,64,,,,,,B0 0B 40,control_change channel=0 control=11 value=64 time=0
532,2026-09-13T00:28:21.238+00:00,13.39187,0.013667,Chordcat 0,control_change,1,,,,11,63,,,,,,B0 0B 3F,control_change channel=0 control=11 value=63 time=0
533,2026-09-13T00:28:21.269+00:00,13.422955,0.031085,Chordcat 0,control_change,1,,,,11,127,,,,,,B0 0B 7F,control_change channel=0 control=11 value=127 time=0
534,2026-09-13T00:28:21.415+00:00,13.569131,0.146176,Chordcat 0,control_change,1,,,,11,121,,,,,,B0 0B 79,control_change channel=0 control=11 value=121 time=0
535,2026-09-13T00:28:21.430+00:00,13.583744,0.014613,Chordcat 0,control_change,1,,,,11,112,,,,,,B0 0B 70,control_change channel=0 control=11 value=112 time=0
536,2026-09-13T00:28:21.445+00:00,13.598319,0.014575,Chordcat 0,control_change,1,,,,11,104,,,,,,B0 0B 68,control_change channel=0 control=11 value=104 time=0
537,2026-09-13T00:28:21.459+00:00,13.612881,0.014562,Chordcat 0,control_change,1,,,,11,97,,,,,,B0 0B 61,control_change channel=0 control=11 value=97 time=0
538,2026-09-13T00:28:21.475+00:00,13.628842,0.015961,Chordcat 0,control_change,1,,,,11,90,,,,,,B0 0B 5A,control_change channel=0 control=11 value=90 time=0
539,2026-09-13T00:28:21.489+00:00,13.643071,0.014229,Chordcat 0,control_change,1,,,,11,84,,,,,,B0 0B 54,control_change channel=0 control=11 value=84 time=0
540,2026-09-13T00:28:21.503+00:00,13.656772,0.013701,Chordcat 0,control_change,1,,,,11,80,,,,,,B0 0B 50,control_change channel=0 control=11 value=80 time=0
541,2026-09-13T00:28:21.519+00:00,13.672233,0.015461,Chordcat 0,control_change,1,,,,11,75,,,,,,B0 0B 4B,control_change channel=0 control=11 value=75 time=0
542,2026-09-13T00:28:21.533+00:00,13.687103,0.01487,Chordcat 0,control_change,1,,,,11,71,,,,,,B0 0B 47,control_change channel=0 control=11 value=71 time=0
543,2026-09-13T00:28:21.547+00:00,13.700821,0.013718,Chordcat 0,control_change,1,,,,11,68,,,,,,B0 0B 44,control_change channel=0 control=11 value=68 time=0
544,2026-09-13T00:28:21.562+00:00,13.715745,0.014924,Chordcat 0,control_change,1,,,,11,66,,,,,,B0 0B 42,control_change channel=0 control=11 value=66 time=0
545,2026-09-13T00:28:21.577+00:00,13.730749,0.015004,Chordcat 0,control_change,1,,,,11,64,,,,,,B0 0B 40,control_change channel=0 control=11 value=64 time=0
546,2026-09-13T00:28:21.592+00:00,13.745878,0.015129,Chordcat 0,control_change,1,,,,11,63,,,,,,B0 0B 3F,control_change channel=0 control=11 value=63 time=0
547,2026-09-13T00:28:21.622+00:00,13.775437,0.029559,Chordcat 0,control_change,1,,,,11,127,,,,,,B0 0B 7F,control_change channel=0 control=11 value=127 time=0
548,2026-09-13T00:28:21.769+00:00,13.922259,0.146821,Chordcat 0,control_change,1,,,,11,121,,,,,,B0 0B 79,control_change channel=0 control=11 value=121 time=0
549,2026-09-13T00:28:21.783+00:00,13.937068,0.014809,Chordcat 0,control_change,1,,,,11,112,,,,,,B0 0B 70,control_change channel=0 control=11 value=112 time=0
550,2026-09-13T00:28:21.798+00:00,13.951555,0.014487,Chordcat 0,control_change,1,,,,11,104,,,,,,B0 0B 68,control_change channel=0 control=11 value=104 time=0
551,2026-09-13T00:28:21.812+00:00,13.965805,0.01425,Chordcat 0,control_change,1,,,,11,97,,,,,,B0 0B 61,control_change channel=0 control=11 value=97 time=0
552,2026-09-13T00:28:21.828+00:00,13.981725,0.015919,Chordcat 0,control_change,1,,,,11,90,,,,,,B0 0B 5A,control_change channel=0 control=11 value=90 time=0
553,2026-09-13T00:28:21.843+00:00,13.996353,0.014628,Chordcat 0,control_change,1,,,,11,84,,,,,,B0 0B 54,control_change channel=0 control=11 value=84 time=0
554,2026-09-13T00:28:21.857+00:00,14.010295,0.013942,Chordcat 0,control_change,1,,,,11,79,,,,,,B0 0B 4F,control_change channel=0 control=11 value=79 time=0
555,2026-09-13T00:28:21.871+00:00,14.02456,0.014265,Chordcat 0,control_change,1,,,,11,75,,,,,,B0 0B 4B,control_change channel=0 control=11 value=75 time=0
556,2026-09-13T00:28:21.886+00:00,14.039619,0.015059,Chordcat 0,control_change,1,,,,11,71,,,,,,B0 0B 47,control_change channel=0 control=11 value=71 time=0
557,2026-09-13T00:28:21.901+00:00,14.05429,0.014671,Chordcat 0,control_change,1,,,,11,68,,,,,,B0 0B 44,control_change channel=0 control=11 value=68 time=0
558,2026-09-13T00:28:21.915+00:00,14.068651,0.014361,Chordcat 0,control_change,1,,,,11,66,,,,,,B0 0B 42,control_change channel=0 control=11 value=66 time=0
559,2026-09-13T00:28:21.930+00:00,14.083783,0.015132,Chordcat 0,control_change,1,,,,11,64,,,,,,B0 0B 40,control_change channel=0 control=11 value=64 time=0
560,2026-09-13T00:28:21.944+00:00,14.097704,0.013921,Chordcat 0,control_change,1,,,,11,63,,,,,,B0 0B 3F,control_change channel=0 control=11 value=63 time=0
561,2026-09-13T00:28:21.974+00:00,14.127838,0.030133,Chordcat 0,control_change,1,,,,11,127,,,,,,B0 0B 7F,control_change channel=0 control=11 value=127 time=0
562,2026-09-13T00:28:22.121+00:00,14.274647,0.146809,Chordcat 0,control_change,1,,,,11,121,,,,,,B0 0B 79,control_change channel=0 control=11 value=121 time=0
563,2026-09-13T00:28:22.136+00:00,14.29008,0.015434,Chordcat 0,control_change,1,,,,11,112,,,,,,B0 0B 70,control_change channel=0 control=11 value=112 time=0
564,2026-09-13T00:28:22.151+00:00,14.304418,0.014337,Chordcat 0,control_change,1,,,,11,104,,,,,,B0 0B 68,control_change channel=0 control=11 value=104 time=0
565,2026-09-13T00:28:22.165+00:00,14.318786,0.014368,Chordcat 0,control_change,1,,,,11,97,,,,,,B0 0B 61,control_change channel=0 control=11 value=97 time=0
566,2026-09-13T00:28:22.181+00:00,14.334651,0.015865,Chordcat 0,control_change,1,,,,11,90,,,,,,B0 0B 5A,control_change channel=0 control=11 value=90 time=0
567,2026-09-13T00:28:22.195+00:00,14.348576,0.013925,Chordcat 0,control_change,1,,,,11,85,,,,,,B0 0B 55,control_change channel=0 control=11 value=85 time=0
568,2026-09-13T00:28:22.210+00:00,14.36316,0.014584,Chordcat 0,control_change,1,,,,11,79,,,,,,B0 0B 4F,control_change channel=0 control=11 value=79 time=0
569,2026-09-13T00:28:22.225+00:00,14.378585,0.015425,Chordcat 0,control_change,1,,,,11,75,,,,,,B0 0B 4B,control_change channel=0 control=11 value=75 time=0
570,2026-09-13T00:28:22.240+00:00,14.393782,0.015197,Chordcat 0,control_change,1,,,,11,71,,,,,,B0 0B 47,control_change channel=0 control=11 value=71 time=0
571,2026-09-13T00:28:22.253+00:00,14.406963,0.013181,Chordcat 0,control_change,1,,,,11,68,,,,,,B0 0B 44,control_change channel=0 control=11 value=68 time=0
572,2026-09-13T00:28:22.268+00:00,14.42202,0.015057,Chordcat 0,control_change,1,,,,11,66,,,,,,B0 0B 42,control_change channel=0 control=11 value=66 time=0
573,2026-09-13T00:28:22.283+00:00,14.437149,0.01513,Chordcat 0,control_change,1,,,,11,64,,,,,,B0 0B 40,control_change channel=0 control=11 value=64 time=0
574,2026-09-13T00:28:22.298+00:00,14.451291,0.014141,Chordcat 0,control_change,1,,,,11,63,,,,,,B0 0B 3F,control_change channel=0 control=11 value=63 time=0
575,2026-09-13T00:28:22.328+00:00,14.48154,0.030249,Chordcat 0,control_change,1,,,,11,127,,,,,,B0 0B 7F,control_change channel=0 control=11 value=127 time=0
576,2026-09-13T00:28:22.474+00:00,14.627901,0.146361,Chordcat 0,control_change,1,,,,11,121,,,,,,B0 0B 79,control_change channel=0 control=11 value=121 time=0
577,2026-09-13T00:28:22.489+00:00,14.642828,0.014928,Chordcat 0,control_change,1,,,,11,112,,,,,,B0 0B 70,control_change channel=0 control=11 value=112 time=0
578,2026-09-13T00:28:22.504+00:00,14.657948,0.015119,Chordcat 0,control_change,1,,,,11,104,,,,,,B0 0B 68,control_change channel=0 control=11 value=104 time=0
579,2026-09-13T00:28:22.519+00:00,14.672138,0.01419,Chordcat 0,control_change,1,,,,11,97,,,,,,B0 0B 61,control_change channel=0 control=11 value=97 time=0
580,2026-09-13T00:28:22.534+00:00,14.687308,0.01517,Chordcat 0,control_change,1,,,,11,90,,,,,,B0 0B 5A,control_change channel=0 control=11 value=90 time=0
581,2026-09-13T00:28:22.548+00:00,14.702043,0.014735,Chordcat 0,control_change,1,,,,11,84,,,,,,B0 0B 54,control_change channel=0 control=11 value=84 time=0
582,2026-09-13T00:28:22.562+00:00,14.715652,0.013609,Chordcat 0,control_change,1,,,,11,79,,,,,,B0 0B 4F,control_change channel=0 control=11 value=79 time=0
583,2026-09-13T00:28:22.578+00:00,14.731435,0.015783,Chordcat 0,control_change,1,,,,11,75,,,,,,B0 0B 4B,control_change channel=0 control=11 value=75 time=0
584,2026-09-13T00:28:22.592+00:00,14.745797,0.014362,Chordcat 0,control_change,1,,,,11,71,,,,,,B0 0B 47,control_change channel=0 control=11 value=71 time=0
585,2026-09-13T00:28:22.606+00:00,14.759989,0.014192,Chordcat 0,control_change,1,,,,11,68,,,,,,B0 0B 44,control_change channel=0 control=11 value=68 time=0
586,2026-09-13T00:28:22.621+00:00,14.775074,0.015085,Chordcat 0,control_change,1,,,,11,66,,,,,,B0 0B 42,control_change channel=0 control=11 value=66 time=0
587,2026-09-13T00:28:22.637+00:00,14.790126,0.015052,Chordcat 0,control_change,1,,,,11,64,,,,,,B0 0B 40,control_change channel=0 control=11 value=64 time=0
588,2026-09-13T00:28:22.651+00:00,14.804929,0.014803,Chordcat 0,control_change,1,,,,11,63,,,,,,B0 0B 3F,control_change channel=0 control=11 value=63 time=0
589,2026-09-13T00:28:22.681+00:00,14.834412,0.029482,Chordcat 0,control_change,1,,,,11,127,,,,,,B0 0B 7F,control_change channel=0 control=11 value=127 time=0
590,2026-09-13T00:28:22.828+00:00,14.981359,0.146947,Chordcat 0,control_change,1,,,,11,121,,,,,,B0 0B 79,control_change channel=0 control=11 value=121 time=0
591,2026-09-13T00:28:22.842+00:00,14.995925,0.014566,Chordcat 0,control_change,1,,,,11,112,,,,,,B0 0B 70,control_change channel=0 control=11 value=112 time=0
592,2026-09-13T00:28:22.856+00:00,15.009802,0.013877,Chordcat 0,control_change,1,,,,11,104,,,,,,B0 0B 68,control_change channel=0 control=11 value=104 time=0
593,2026-09-13T00:28:22.871+00:00,15.024994,0.015192,Chordcat 0,control_change,1,,,,11,97,,,,,,B0 0B 61,control_change channel=0 control=11 value=97 time=0
594,2026-09-13T00:28:22.886+00:00,15.039865,0.01487,Chordcat 0,control_change,1,,,,11,90,,,,,,B0 0B 5A,control_change channel=0 control=11 value=90 time=0
595,2026-09-13T00:28:22.901+00:00,15.055084,0.01522,Chordcat 0,control_change,1,,,,11,84,,,,,,B0 0B 54,control_change channel=0 control=11 value=84 time=0
596,2026-09-13T00:28:22.915+00:00,15.068788,0.013703,Chordcat 0,control_change,1,,,,11,79,,,,,,B0 0B 4F,control_change channel=0 control=11 value=79 time=0
597,2026-09-13T00:28:22.931+00:00,15.084492,0.015704,Chordcat 0,control_change,1,,,,11,75,,,,,,B0 0B 4B,control_change channel=0 control=11 value=75 time=0
598,2026-09-13T00:28:22.946+00:00,15.099529,0.015037,Chordcat 0,control_change,1,,,,11,71,,,,,,B0 0B 47,control_change channel=0 control=11 value=71 time=0
599,2026-09-13T00:28:22.960+00:00,15.113134,0.013605,Chordcat 0,control_change,1,,,,11,68,,,,,,B0 0B 44,control_change channel=0 control=11 value=68 time=0
600,2026-09-13T00:28:22.974+00:00,15.127603,0.014469,Chordcat 0,control_change,1,,,,11,66,,,,,,B0 0B 42,control_change channel=0 control=11 value=66 time=0
601,2026-09-13T00:28:22.990+00:00,15.143094,0.015491,Chordcat 0,control_change,1,,,,11,64,,,,,,B0 0B 40,control_change channel=0 control=11 value=64 time=0
602,2026-09-13T00:28:23.004+00:00,15.157797,0.014703,Chordcat 0,control_change,1,,,,11,63,,,,,,B0 0B 3F,control_change channel=0 control=11 value=63 time=0
603,2026-09-13T00:28:23.034+00:00,15.187172,0.029375,Chordcat 0,control_change,1,,,,11,127,,,,,,B0 0B 7F,control_change channel=0 control=11 value=127 time=0
604,2026-09-13T00:28:23.180+00:00,15.333872,0.146701,Chordcat 0,control_change,1,,,,11,121,,,,,,B0 0B 79,control_change channel=0 control=11 value=121 time=0
605,2026-09-13T00:28:23.195+00:00,15.349094,0.015222,Chordcat 0,control_change,1,,,,11,112,,,,,,B0 0B 70,control_change channel=0 control=11 value=112 time=0
606,2026-09-13T00:28:23.210+00:00,15.363575,0.014481,Chordcat 0,control_change,1,,,,11,104,,,,,,B0 0B 68,control_change channel=0 control=11 value=104 time=0
607,2026-09-13T00:28:23.224+00:00,15.377948,0.014372,Chordcat 0,control_change,1,,,,11,97,,,,,,B0 0B 61,control_change channel=0 control=11 value=97 time=0
608,2026-09-13T00:28:23.240+00:00,15.393935,0.015987,Chordcat 0,control_change,1,,,,11,90,,,,,,B0 0B 5A,control_change channel=0 control=11 value=90 time=0
609,2026-09-13T00:28:23.254+00:00,15.408058,0.014124,Chordcat 0,control_change,1,,,,11,84,,,,,,B0 0B 54,control_change channel=0 control=11 value=84 time=0
610,2026-09-13T00:28:23.269+00:00,15.422858,0.0148,Chordcat 0,control_change,1,,,,11,80,,,,,,B0 0B 50,control_change channel=0 control=11 value=80 time=0
611,2026-09-13T00:28:23.284+00:00,15.437509,0.014651,Chordcat 0,control_change,1,,,,11,75,,,,,,B0 0B 4B,control_change channel=0 control=11 value=75 time=0
612,2026-09-13T00:28:23.298+00:00,15.451602,0.014093,Chordcat 0,control_change,1,,,,11,71,,,,,,B0 0B 47,control_change channel=0 control=11 value=71 time=0
613,2026-09-13T00:28:23.313+00:00,15.466599,0.014997,Chordcat 0,control_change,1,,,,11,68,,,,,,B0 0B 44,control_change channel=0 control=11 value=68 time=0
614,2026-09-13T00:28:23.327+00:00,15.480912,0.014313,Chordcat 0,control_change,1,,,,11,66,,,,,,B0 0B 42,control_change channel=0 control=11 value=66 time=0
615,2026-09-13T00:28:23.343+00:00,15.496548,0.015636,Chordcat 0,control_change,1,,,,11,64,,,,,,B0 0B 40,control_change channel=0 control=11 value=64 time=0
616,2026-09-13T00:28:23.357+00:00,15.510599,0.014052,Chordcat 0,control_change,1,,,,11,63,,,,,,B0 0B 3F,control_change channel=0 control=11 value=63 time=0
617,2026-09-13T00:28:23.386+00:00,15.540001,0.029401,Chordcat 0,control_change,1,,,,11,127,,,,,,B0 0B 7F,control_change channel=0 control=11 value=127 time=0
618,2026-09-13T00:28:23.533+00:00,15.686838,0.146837,Chordcat 0,control_change,1,,,,11,121,,,,,,B0 0B 79,control_change channel=0 control=11 value=121 time=0
619,2026-09-13T00:28:23.549+00:00,15.702263,0.015426,Chordcat 0,control_change,1,,,,11,112,,,,,,B0 0B 70,control_change channel=0 control=11 value=112 time=0
620,2026-09-13T00:28:23.564+00:00,15.717224,0.014961,Chordcat 0,control_change,1,,,,11,104,,,,,,B0 0B 68,control_change channel=0 control=11 value=104 time=0
621,2026-09-13T00:28:23.577+00:00,15.730851,0.013627,Chordcat 0,control_change,1,,,,11,97,,,,,,B0 0B 61,control_change channel=0 control=11 value=97 time=0
622,2026-09-13T00:28:23.593+00:00,15.746423,0.015572,Chordcat 0,control_change,1,,,,11,90,,,,,,B0 0B 5A,control_change channel=0 control=11 value=90 time=0
623,2026-09-13T00:28:23.607+00:00,15.760812,0.014389,Chordcat 0,control_change,1,,,,11,84,,,,,,B0 0B 54,control_change channel=0 control=11 value=84 time=0
624,2026-09-13T00:28:23.622+00:00,15.775351,0.014539,Chordcat 0,control_change,1,,,,11,79,,,,,,B0 0B 4F,control_change channel=0 control=11 value=79 time=0
625,2026-09-13T00:28:23.637+00:00,15.790374,0.015023,Chordcat 0,control_change,1,,,,11,75,,,,,,B0 0B 4B,control_change channel=0 control=11 value=75 time=0
626,2026-09-13T00:28:23.652+00:00,15.805278,0.014904,Chordcat 0,control_change,1,,,,11,71,,,,,,B0 0B 47,control_change channel=0 control=11 value=71 time=0
627,2026-09-13T00:28:23.666+00:00,15.82009,0.014812,Chordcat 0,control_change,1,,,,11,68,,,,,,B0 0B 44,control_change channel=0 control=11 value=68 time=0
628,2026-09-13T00:28:23.681+00:00,15.83476,0.014669,Chordcat 0,control_change,1,,,,11,66,,,,,,B0 0B 42,control_change channel=0 control=11 value=66 time=0
629,2026-09-13T00:28:23.696+00:00,15.849501,0.014741,Chordcat 0,control_change,1,,,,11,64,,,,,,B0 0B 40,control_change channel=0 control=11 value=64 time=0
630,2026-09-13T00:28:23.711+00:00,15.864482,0.014981,Chordcat 0,control_change,1,,,,11,63,,,,,,B0 0B 3F,control_change channel=0 control=11 value=63 time=0
631,2026-09-13T00:28:23.740+00:00,15.893315,0.028833,Chordcat 0,control_change,1,,,,11,127,,,,,,B0 0B 7F,control_change channel=0 control=11 value=127 time=0
632,2026-09-13T00:28:23.887+00:00,16.04068,0.147366,Chordcat 0,control_change,1,,,,11,121,,,,,,B0 0B 79,control_change channel=0 control=11 value=121 time=0
633,2026-09-13T00:28:23.902+00:00,16.055423,0.014743,Chordcat 0,control_change,1,,,,11,112,,,,,,B0 0B 70,control_change channel=0 control=11 value=112 time=0
634,2026-09-13T00:28:23.917+00:00,16.070336,0.014913,Chordcat 0,control_change,1,,,,11,104,,,,,,B0 0B 68,control_change channel=0 control=11 value=104 time=0
635,2026-09-13T00:28:23.930+00:00,16.083757,0.013421,Chordcat 0,control_change,1,,,,11,97,,,,,,B0 0B 61,control_change channel=0 control=11 value=97 time=0
636,2026-09-13T00:28:23.945+00:00,16.098705,0.014949,Chordcat 0,control_change,1,,,,11,90,,,,,,B0 0B 5A,control_change channel=0 control=11 value=90 time=0
637,2026-09-13T00:28:23.961+00:00,16.114448,0.015743,Chordcat 0,control_change,1,,,,11,84,,,,,,B0 0B 54,control_change channel=0 control=11 value=84 time=0
638,2026-09-13T00:28:23.975+00:00,16.128569,0.01412,Chordcat 0,control_change,1,,,,11,79,,,,,,B0 0B 4F,control_change channel=0 control=11 value=79 time=0
639,2026-09-13T00:28:23.989+00:00,16.142844,0.014275,Chordcat 0,control_change,1,,,,11,75,,,,,,B0 0B 4B,control_change channel=0 control=11 value=75 time=0
640,2026-09-13T00:28:24.005+00:00,16.158219,0.015375,Chordcat 0,control_change,1,,,,11,71,,,,,,B0 0B 47,control_change channel=0 control=11 value=71 time=0
641,2026-09-13T00:28:24.018+00:00,16.172039,0.01382,Chordcat 0,control_change,1,,,,11,68,,,,,,B0 0B 44,control_change channel=0 control=11 value=68 time=0
642,2026-09-13T00:28:24.034+00:00,16.187203,0.015164,Chordcat 0,control_change,1,,,,11,66,,,,,,B0 0B 42,control_change channel=0 control=11 value=66 time=0
643,2026-09-13T00:28:24.049+00:00,16.202131,0.014928,Chordcat 0,control_change,1,,,,11,64,,,,,,B0 0B 40,control_change channel=0 control=11 value=64 time=0
644,2026-09-13T00:28:24.063+00:00,16.21663,0.014498,Chordcat 0,control_change,1,,,,11,63,,,,,,B0 0B 3F,control_change channel=0 control=11 value=63 time=0
645,2026-09-13T00:28:24.093+00:00,16.246629,0.029999,Chordcat 0,control_change,1,,,,11,127,,,,,,B0 0B 7F,control_change channel=0 control=11 value=127 time=0
646,2026-09-13T00:28:24.240+00:00,16.393767,0.147138,Chordcat 0,control_change,1,,,,11,121,,,,,,B0 0B 79,control_change channel=0 control=11 value=121 time=0
647,2026-09-13T00:28:24.254+00:00,16.407738,0.013971,Chordcat 0,control_change,1,,,,11,112,,,,,,B0 0B 70,control_change channel=0 control=11 value=112 time=0
648,2026-09-13T00:28:24.270+00:00,16.423756,0.016018,Chordcat 0,control_change,1,,,,11,104,,,,,,B0 0B 68,control_change channel=0 control=11 value=104 time=0
649,2026-09-13T00:28:24.283+00:00,16.436587,0.012831,Chordcat 0,control_change,1,,,,11,97,,,,,,B0 0B 61,control_change channel=0 control=11 value=97 time=0
650,2026-09-13T00:28:24.299+00:00,16.452994,0.016407,Chordcat 0,control_change,1,,,,11,90,,,,,,B0 0B 5A,control_change channel=0 control=11 value=90 time=0
651,2026-09-13T00:28:24.314+00:00,16.46754,0.014546,Chordcat 0,control_change,1,,,,11,84,,,,,,B0 0B 54,control_change channel=0 control=11 value=84 time=0
652,2026-09-13T00:28:24.328+00:00,16.481678,0.014138,Chordcat 0,control_change,1,,,,11,79,,,,,,B0 0B 4F,control_change channel=0 control=11 value=79 time=0
653,2026-09-13T00:28:24.343+00:00,16.496452,0.014774,Chordcat 0,control_change,1,,,,11,75,,,,,,B0 0B 4B,control_change channel=0 control=11 value=75 time=0
654,2026-09-13T00:28:24.357+00:00,16.510848,0.014396,Chordcat 0,control_change,1,,,,11,71,,,,,,B0 0B 47,control_change channel=0 control=11 value=71 time=0
655,2026-09-13T00:28:24.373+00:00,16.526463,0.015615,Chordcat 0,control_change,1,,,,11,68,,,,,,B0 0B 44,control_change channel=0 control=11 value=68 time=0
656,2026-09-13T00:28:24.387+00:00,16.540135,0.013672,Chordcat 0,control_change,1,,,,11,66,,,,,,B0 0B 42,control_change channel=0 control=11 value=66 time=0
657,2026-09-13T00:28:24.401+00:00,16.554551,0.014416,Chordcat 0,control_change,1,,,,11,64,,,,,,B0 0B 40,control_change channel=0 control=11 value=64 time=0
658,2026-09-13T00:28:24.416+00:00,16.570103,0.015551,Chordcat 0,control_change,1,,,,11,63,,,,,,B0 0B 3F,control_change channel=0 control=11 value=63 time=0
659,2026-09-13T00:28:24.446+00:00,16.599419,0.029316,Chordcat 0,control_change,1,,,,11,127,,,,,,B0 0B 7F,control_change channel=0 control=11 value=127 time=0
660,2026-09-13T00:28:24.593+00:00,16.746648,0.147229,Chordcat 0,control_change,1,,,,11,121,,,,,,B0 0B 79,control_change channel=0 control=11 value=121 time=0
661,2026-09-13T00:28:24.608+00:00,16.761492,0.014845,Chordcat 0,control_change,1,,,,11,112,,,,,,B0 0B 70,control_change channel=0 control=11 value=112 time=0
662,2026-09-13T00:28:24.623+00:00,16.776509,0.015016,Chordcat 0,control_change,1,,,,11,104,,,,,,B0 0B 68,control_change channel=0 control=11 value=104 time=0
663,2026-09-13T00:28:24.636+00:00,16.789693,0.013185,Chordcat 0,control_change,1,,,,11,97,,,,,,B0 0B 61,control_change channel=0 control=11 value=97 time=0
664,2026-09-13T00:28:24.652+00:00,16.805196,0.015503,Chordcat 0,control_change,1,,,,11,90,,,,,,B0 0B 5A,control_change channel=0 control=11 value=90 time=0
665,2026-09-13T00:28:24.666+00:00,16.820094,0.014898,Chordcat 0,control_change,1,,,,11,84,,,,,,B0 0B 54,control_change channel=0 control=11 value=84 time=0
666,2026-09-13T00:28:24.682+00:00,16.835854,0.01576,Chordcat 0,control_change,1,,,,11,79,,,,,,B0 0B 4F,control_change channel=0 control=11 value=79 time=0
667,2026-09-13T00:28:24.697+00:00,16.850832,0.014979,Chordcat 0,control_change,1,,,,11,75,,,,,,B0 0B 4B,control_change channel=0 control=11 value=75 time=0
668,2026-09-13T00:28:24.711+00:00,16.86457,0.013738,Chordcat 0,control_change,1,,,,11,71,,,,,,B0 0B 47,control_change channel=0 control=11 value=71 time=0
669,2026-09-13T00:28:24.726+00:00,16.879041,0.014471,Chordcat 0,control_change,1,,,,11,68,,,,,,B0 0B 44,control_change channel=0 control=11 value=68 time=0
670,2026-09-13T00:28:24.740+00:00,16.893541,0.0145,Chordcat 0,control_change,1,,,,11,66,,,,,,B0 0B 42,control_change channel=0 control=11 value=66 time=0
671,2026-09-13T00:28:24.755+00:00,16.908213,0.014673,Chordcat 0,control_change,1,,,,11,64,,,,,,B0 0B 40,control_change channel=0 control=11 value=64 time=0
672,2026-09-13T00:28:24.770+00:00,16.923627,0.015413,Chordcat 0,control_change,1,,,,11,63,,,,,,B0 0B 3F,control_change channel=0 control=11 value=63 time=0
673,2026-09-13T00:28:24.798+00:00,16.95157,0.027943,Chordcat 0,control_change,1,,,,11,127,,,,,,B0 0B 7F,control_change channel=0 control=11 value=127 time=0
674,2026-09-13T00:28:24.945+00:00,17.098553,0.146983,Chordcat 0,control_change,1,,,,11,121,,,,,,B0 0B 79,control_change channel=0 control=11 value=121 time=0
675,2026-09-13T00:28:24.960+00:00,17.114074,0.015521,Chordcat 0,control_change,1,,,,11,112,,,,,,B0 0B 70,control_change channel=0 control=11 value=112 time=0
676,2026-09-13T00:28:24.976+00:00,17.129487,0.015413,Chordcat 0,control_change,1,,,,11,104,,,,,,B0 0B 68,control_change channel=0 control=11 value=104 time=0
677,2026-09-13T00:28:24.990+00:00,17.143528,0.014041,Chordcat 0,control_change,1,,,,11,97,,,,,,B0 0B 61,control_change channel=0 control=11 value=97 time=0
678,2026-09-13T00:28:25.004+00:00,17.157869,0.014341,Chordcat 0,control_change,1,,,,11,90,,,,,,B0 0B 5A,control_change channel=0 control=11 value=90 time=0
679,2026-09-13T00:28:25.020+00:00,17.173288,0.015419,Chordcat 0,control_change,1,,,,11,84,,,,,,B0 0B 54,control_change channel=0 control=11 value=84 time=0
680,2026-09-13T00:28:25.034+00:00,17.187541,0.014252,Chordcat 0,control_change,1,,,,11,79,,,,,,B0 0B 4F,control_change channel=0 control=11 value=79 time=0
681,2026-09-13T00:28:25.048+00:00,17.201666,0.014126,Chordcat 0,control_change,1,,,,11,75,,,,,,B0 0B 4B,control_change channel=0 control=11 value=75 time=0
682,2026-09-13T00:28:25.064+00:00,17.217259,0.015593,Chordcat 0,control_change,1,,,,11,71,,,,,,B0 0B 47,control_change channel=0 control=11 value=71 time=0
683,2026-09-13T00:28:25.078+00:00,17.231443,0.014183,Chordcat 0,control_change,1,,,,11,68,,,,,,B0 0B 44,control_change channel=0 control=11 value=68 time=0
684,2026-09-13T00:28:25.092+00:00,17.247958,0.016515,Chordcat 0,control_change,1,,,,11,66,,,,,,B0 0B 42,control_change channel=0 control=11 value=66 time=0
685,2026-09-13T00:28:25.108+00:00,17.261729,0.013771,Chordcat 0,control_change,1,,,,11,64,,,,,,B0 0B 40,control_change channel=0 control=11 value=64 time=0
686,2026-09-13T00:28:25.122+00:00,17.276081,0.014352,Chordcat 0,control_change,1,,,,11,63,,,,,,B0 0B 3F,control_change channel=0 control=11 value=63 time=0
687,2026-09-13T00:28:25.151+00:00,17.304782,0.028701,Chordcat 0,control_change,1,,,,11,127,,,,,,B0 0B 7F,control_change channel=0 control=11 value=127 time=0
688,2026-09-13T00:28:25.299+00:00,17.452229,0.147447,Chordcat 0,control_change,1,,,,11,121,,,,,,B0 0B 79,control_change channel=0 control=11 value=121 time=0
689,2026-09-13T00:28:25.314+00:00,17.467128,0.014899,Chordcat 0,control_change,1,,,,11,112,,,,,,B0 0B 70,control_change channel=0 control=11 value=112 time=0
690,2026-09-13T00:28:25.328+00:00,17.481838,0.01471,Chordcat 0,control_change,1,,,,11,104,,,,,,B0 0B 68,control_change channel=0 control=11 value=104 time=0
691,2026-09-13T00:28:25.343+00:00,17.497101,0.015263,Chordcat 0,control_change,1,,,,11,96,,,,,,B0 0B 60,control_change channel=0 control=11 value=96 time=0
692,2026-09-13T00:28:25.358+00:00,17.511534,0.014433,Chordcat 0,control_change,1,,,,11,90,,,,,,B0 0B 5A,control_change channel=0 control=11 value=90 time=0
693,2026-09-13T00:28:25.373+00:00,17.526169,0.014635,Chordcat 0,control_change,1,,,,11,84,,,,,,B0 0B 54,control_change channel=0 control=11 value=84 time=0
694,2026-09-13T00:28:25.388+00:00,17.5416,0.015431,Chordcat 0,control_change,1,,,,11,79,,,,,,B0 0B 4F,control_change channel=0 control=11 value=79 time=0
695,2026-09-13T00:28:25.401+00:00,17.555109,0.013509,Chordcat 0,control_change,1,,,,11,75,,,,,,B0 0B 4B,control_change channel=0 control=11 value=75 time=0
696,2026-09-13T00:28:25.416+00:00,17.569884,0.014775,Chordcat 0,control_change,1,,,,11,71,,,,,,B0 0B 47,control_change channel=0 control=11 value=71 time=0
697,2026-09-13T00:28:25.431+00:00,17.584528,0.014644,Chordcat 0,control_change,1,,,,11,68,,,,,,B0 0B 44,control_change channel=0 control=11 value=68 time=0
698,2026-09-13T00:28:25.445+00:00,17.598455,0.013926,Chordcat 0,control_change,1,,,,11,66,,,,,,B0 0B 42,control_change channel=0 control=11 value=66 time=0
699,2026-09-13T00:28:25.461+00:00,17.614534,0.01608,Chordcat 0,control_change,1,,,,11,64,,,,,,B0 0B 40,control_change channel=0 control=11 value=64 time=0
700,2026-09-13T00:28:25.475+00:00,17.628516,0.013982,Chordcat 0,control_change,1,,,,11,63,,,,,,B0 0B 3F,control_change channel=0 control=11 value=63 time=0
701,2026-09-13T00:28:25.505+00:00,17.658443,0.029927,Chordcat 0,control_change,1,,,,11,127,,,,,,B0 0B 7F,control_change channel=0 control=11 value=127 time=0
702,2026-09-13T00:28:25.652+00:00,17.805396,0.146953,Chordcat 0,control_change,1,,,,11,121,,,,,,B0 0B 79,control_change channel=0 control=11 value=121 time=0
703,2026-09-13T00:28:25.667+00:00,17.820362,0.014967,Chordcat 0,control_change,1,,,,11,112,,,,,,B0 0B 70,control_change channel=0 control=11 value=112 time=0
704,2026-09-13T00:28:25.681+00:00,17.834988,0.014626,Chordcat 0,control_change,1,,,,11,104,,,,,,B0 0B 68,control_change channel=0 control=11 value=104 time=0
705,2026-09-13T00:28:25.695+00:00,17.848734,0.013746,Chordcat 0,control_change,1,,,,11,97,,,,,,B0 0B 61,control_change channel=0 control=11 value=97 time=0
706,2026-09-13T00:28:25.711+00:00,17.864887,0.016153,Chordcat 0,control_change,1,,,,11,90,,,,,,B0 0B 5A,control_change channel=0 control=11 value=90 time=0
707,2026-09-13T00:28:25.726+00:00,17.879207,0.01432,Chordcat 0,control_change,1,,,,11,84,,,,,,B0 0B 54,control_change channel=0 control=11 value=84 time=0
708,2026-09-13T00:28:25.741+00:00,17.894459,0.015252,Chordcat 0,control_change,1,,,,11,79,,,,,,B0 0B 4F,control_change channel=0 control=11 value=79 time=0
709,2026-09-13T00:28:25.755+00:00,17.908334,0.013875,Chordcat 0,control_change,1,,,,11,75,,,,,,B0 0B 4B,control_change channel=0 control=11 value=75 time=0
710,2026-09-13T00:28:25.770+00:00,17.923501,0.015167,Chordcat 0,control_change,1,,,,11,71,,,,,,B0 0B 47,control_change channel=0 control=11 value=71 time=0
711,2026-09-13T00:28:25.785+00:00,17.938337,0.014836,Chordcat 0,control_change,1,,,,11,68,,,,,,B0 0B 44,control_change channel=0 control=11 value=68 time=0
712,2026-09-13T00:28:25.798+00:00,17.951674,0.013337,Chordcat 0,control_change,1,,,,11,66,,,,,,B0 0B 42,control_change channel=0 control=11 value=66 time=0
713,2026-09-13T00:28:25.813+00:00,17.966706,0.015032,Chordcat 0,control_change,1,,,,11,64,,,,,,B0 0B 40,control_change channel=0 control=11 value=64 time=0
714,2026-09-13T00:28:25.829+00:00,17.982909,0.016203,Chordcat 0,control_change,1,,,,11,63,,,,,,B0 0B 3F,control_change channel=0 control=11 value=63 time=0
715,2026-09-13T00:28:25.858+00:00,18.011532,0.028623,Chordcat 0,control_change,1,,,,11,127,,,,,,B0 0B 7F,control_change channel=0 control=11 value=127 time=0
716,2026-09-13T00:28:26.005+00:00,18.158467,0.146935,Chordcat 0,control_change,1,,,,11,121,,,,,,B0 0B 79,control_change channel=0 control=11 value=121 time=0
717,2026-09-13T00:28:26.020+00:00,18.173247,0.01478,Chordcat 0,control_change,1,,,,11,112,,,,,,B0 0B 70,control_change channel=0 control=11 value=112 time=0
718,2026-09-13T00:28:26.034+00:00,18.187537,0.01429,Chordcat 0,control_change,1,,,,11,104,,,,,,B0 0B 68,control_change channel=0 control=11 value=104 time=0
719,2026-09-13T00:28:26.048+00:00,18.202093,0.014556,Chordcat 0,control_change,1,,,,11,97,,,,,,B0 0B 61,control_change channel=0 control=11 value=97 time=0
720,2026-09-13T00:28:26.064+00:00,18.217459,0.015366,Chordcat 0,control_change,1,,,,11,90,,,,,,B0 0B 5A,control_change channel=0 control=11 value=90 time=0
721,2026-09-13T00:28:26.078+00:00,18.231713,0.014254,Chordcat 0,control_change,1,,,,11,84,,,,,,B0 0B 54,control_change channel=0 control=11 value=84 time=0
722,2026-09-13T00:28:26.093+00:00,18.246504,0.014791,Chordcat 0,control_change,1,,,,11,79,,,,,,B0 0B 4F,control_change channel=0 control=11 value=79 time=0
723,2026-09-13T00:28:26.108+00:00,18.261221,0.014717,Chordcat 0,control_change,1,,,,11,75,,,,,,B0 0B 4B,control_change channel=0 control=11 value=75 time=0
724,2026-09-13T00:28:26.122+00:00,18.275566,0.014346,Chordcat 0,control_change,1,,,,11,71,,,,,,B0 0B 47,control_change channel=0 control=11 value=71 time=0
725,2026-09-13T00:28:26.137+00:00,18.29059,0.015024,Chordcat 0,control_change,1,,,,11,68,,,,,,B0 0B 44,control_change channel=0 control=11 value=68 time=0
726,2026-09-13T00:28:26.152+00:00,18.305689,0.015099,Chordcat 0,control_change,1,,,,11,66,,,,,,B0 0B 42,control_change channel=0 control=11 value=66 time=0
727,2026-09-13T00:28:26.166+00:00,18.319965,0.014276,Chordcat 0,control_change,1,,,,11,64,,,,,,B0 0B 40,control_change channel=0 control=11 value=64 time=0
728,2026-09-13T00:28:26.181+00:00,18.334429,0.014464,Chordcat 0,control_change,1,,,,11,63,,,,,,B0 0B 3F,control_change channel=0 control=11 value=63 time=0
729,2026-09-13T00:28:26.210+00:00,18.363539,0.02911,Chordcat 0,control_change,1,,,,11,127,,,,,,B0 0B 7F,control_change channel=0 control=11 value=127 time=0
730,2026-09-13T00:28:26.358+00:00,18.511359,0.14782,Chordcat 0,control_change,1,,,,11,121,,,,,,B0 0B 79,control_change channel=0 control=11 value=121 time=0
731,2026-09-13T00:28:26.372+00:00,18.525969,0.01461,Chordcat 0,control_change,1,,,,11,112,,,,,,B0 0B 70,control_change channel=0 control=11 value=112 time=0
732,2026-09-13T00:28:26.387+00:00,18.54077,0.014801,Chordcat 0,control_change,1,,,,11,104,,,,,,B0 0B 68,control_change channel=0 control=11 value=104 time=0
733,2026-09-13T00:28:26.403+00:00,18.556217,0.015447,Chordcat 0,control_change,1,,,,11,96,,,,,,B0 0B 60,control_change channel=0 control=11 value=96 time=0
734,2026-09-13T00:28:26.417+00:00,18.570329,0.014112,Chordcat 0,control_change,1,,,,11,90,,,,,,B0 0B 5A,control_change channel=0 control=11 value=90 time=0
735,2026-09-13T00:28:26.431+00:00,18.584472,0.014143,Chordcat 0,control_change,1,,,,11,84,,,,,,B0 0B 54,control_change channel=0 control=11 value=84 time=0
736,2026-09-13T00:28:26.446+00:00,18.599999,0.015527,Chordcat 0,control_change,1,,,,11,79,,,,,,B0 0B 4F,control_change channel=0 control=11 value=79 time=0
737,2026-09-13T00:28:26.461+00:00,18.614247,0.014248,Chordcat 0,control_change,1,,,,11,75,,,,,,B0 0B 4B,control_change channel=0 control=11 value=75 time=0
738,2026-09-13T00:28:26.475+00:00,18.628712,0.014465,Chordcat 0,control_change,1,,,,11,71,,,,,,B0 0B 47,control_change channel=0 control=11 value=71 time=0
739,2026-09-13T00:28:26.490+00:00,18.643578,0.014866,Chordcat 0,control_change,1,,,,11,68,,,,,,B0 0B 44,control_change channel=0 control=11 value=68 time=0
740,2026-09-13T00:28:26.506+00:00,18.659189,0.015611,Chordcat 0,control_change,1,,,,11,65,,,,,,B0 0B 41,control_change channel=0 control=11 value=65 time=0
741,2026-09-13T00:28:26.520+00:00,18.673606,0.014417,Chordcat 0,control_change,1,,,,11,64,,,,,,B0 0B 40,control_change channel=0 control=11 value=64 time=0
742,2026-09-13T00:28:26.534+00:00,18.687563,0.013957,Chordcat 0,control_change,1,,,,11,63,,,,,,B0 0B 3F,control_change channel=0 control=11 value=63 time=0
743,2026-09-13T00:28:26.563+00:00,18.716747,0.029183,Chordcat 0,control_change,1,,,,11,127,,,,,,B0 0B 7F,control_change channel=0 control=11 value=127 time=0
744,2026-09-13T00:28:26.710+00:00,18.863973,0.147227,Chordcat 0,control_change,1,,,,11,121,,,,,,B0 0B 79,control_change channel=0 control=11 value=121 time=0
745,2026-09-13T00:28:26.725+00:00,18.878658,0.014685,Chordcat 0,control_change,1,,,,11,112,,,,,,B0 0B 70,control_change channel=0 control=11 value=112 time=0
746,2026-09-13T00:28:26.741+00:00,18.89427,0.015612,Chordcat 0,control_change,1,,,,11,104,,,,,,B0 0B 68,control_change channel=0 control=11 value=104 time=0
747,2026-09-13T00:28:26.756+00:00,18.909253,0.014983,Chordcat 0,control_change,1,,,,11,96,,,,,,B0 0B 60,control_change channel=0 control=11 value=96 time=0
748,2026-09-13T00:28:26.770+00:00,18.923501,0.014248,Chordcat 0,control_change,1,,,,11,90,,,,,,B0 0B 5A,control_change channel=0 control=11 value=90 time=0
749,2026-09-13T00:28:26.785+00:00,18.938206,0.014705,Chordcat 0,control_change,1,,,,11,84,,,,,,B0 0B 54,control_change channel=0 control=11 value=84 time=0
750,2026-09-13T00:28:26.800+00:00,18.95371,0.015504,Chordcat 0,control_change,1,,,,11,79,,,,,,B0 0B 4F,control_change channel=0 control=11 value=79 time=0
751,2026-09-13T00:28:26.814+00:00,18.967122,0.013412,Chordcat 0,control_change,1,,,,11,75,,,,,,B0 0B 4B,control_change channel=0 control=11 value=75 time=0
752,2026-09-13T00:28:26.828+00:00,18.981848,0.014726,Chordcat 0,control_change,1,,,,11,71,,,,,,B0 0B 47,control_change channel=0 control=11 value=71 time=0
753,2026-09-13T00:28:26.843+00:00,18.9966,0.014752,Chordcat 0,control_change,1,,,,11,68,,,,,,B0 0B 44,control_change channel=0 control=11 value=68 time=0
754,2026-09-13T00:28:26.857+00:00,19.010532,0.013932,Chordcat 0,control_change,1,,,,11,66,,,,,,B0 0B 42,control_change channel=0 control=11 value=66 time=0
755,2026-09-13T00:28:26.872+00:00,19.025873,0.015341,Chordcat 0,control_change,1,,,,11,64,,,,,,B0 0B 40,control_change channel=0 control=11 value=64 time=0
756,2026-09-13T00:28:26.888+00:00,19.04166,0.015786,Chordcat 0,control_change,1,,,,11,63,,,,,,B0 0B 3F,control_change channel=0 control=11 value=63 time=0
757,2026-09-13T00:28:26.917+00:00,19.070861,0.029201,Chordcat 0,control_change,1,,,,11,127,,,,,,B0 0B 7F,control_change channel=0 control=11 value=127 time=0
758,2026-09-13T00:28:27.065+00:00,19.2184,0.147539,Chordcat 0,control_change,1,,,,11,120,,,,,,B0 0B 78,control_change channel=0 control=11 value=120 time=0
759,2026-09-13T00:28:27.078+00:00,19.23164,0.01324,Chordcat 0,control_change,1,,,,11,112,,,,,,B0 0B 70,control_change channel=0 control=11 value=112 time=0
760,2026-09-13T00:28:27.094+00:00,19.247546,0.015906,Chordcat 0,control_change,1,,,,11,104,,,,,,B0 0B 68,control_change channel=0 control=11 value=104 time=0
761,2026-09-13T00:28:27.108+00:00,19.261921,0.014375,Chordcat 0,control_change,1,,,,11,97,,,,,,B0 0B 61,control_change channel=0 control=11 value=97 time=0
762,2026-09-13T00:28:27.122+00:00,19.275574,0.013653,Chordcat 0,control_change,1,,,,11,90,,,,,,B0 0B 5A,control_change channel=0 control=11 value=90 time=0
763,2026-09-13T00:28:27.137+00:00,19.290459,0.014885,Chordcat 0,control_change,1,,,,11,84,,,,,,B0 0B 54,control_change channel=0 control=11 value=84 time=0
764,2026-09-13T00:28:27.152+00:00,19.305854,0.015395,Chordcat 0,control_change,1,,,,11,79,,,,,,B0 0B 4F,control_change channel=0 control=11 value=79 time=0
765,2026-09-13T00:28:27.167+00:00,19.321117,0.015263,Chordcat 0,control_change,1,,,,11,75,,,,,,B0 0B 4B,control_change channel=0 control=11 value=75 time=0
766,2026-09-13T00:28:27.182+00:00,19.33541,0.014293,Chordcat 0,control_change,1,,,,11,71,,,,,,B0 0B 47,control_change channel=0 control=11 value=71 time=0
767,2026-09-13T00:28:27.196+00:00,19.35009,0.01468,Chordcat 0,control_change,1,,,,11,68,,,,,,B0 0B 44,control_change channel=0 control=11 value=68 time=0
768,2026-09-13T00:28:27.212+00:00,19.365469,0.015379,Chordcat 0,control_change,1,,,,11,66,,,,,,B0 0B 42,control_change channel=0 control=11 value=66 time=0
769,2026-09-13T00:28:27.225+00:00,19.378712,0.013243,Chordcat 0,control_change,1,,,,11,64,,,,,,B0 0B 40,control_change channel=0 control=11 value=64 time=0
770,2026-09-13T00:28:27.241+00:00,19.394626,0.015914,Chordcat 0,control_change,1,,,,11,63,,,,,,B0 0B 3F,control_change channel=0 control=11 value=63 time=0
771,2026-09-13T00:28:27.270+00:00,19.423323,0.028697,Chordcat 0,control_change,1,,,,11,127,,,,,,B0 0B 7F,control_change channel=0 control=11 value=127 time=0
772,2026-09-13T00:28:27.417+00:00,19.570765,0.147443,Chordcat 0,control_change,1,,,,11,120,,,,,,B0 0B 78,control_change channel=0 control=11 value=120 time=0
773,2026-09-13T00:28:27.432+00:00,19.585371,0.014606,Chordcat 0,control_change,1,,,,11,112,,,,,,B0 0B 70,control_change channel=0 control=11 value=112 time=0
774,2026-09-13T00:28:27.447+00:00,19.600207,0.014836,Chordcat 0,control_change,1,,,,11,104,,,,,,B0 0B 68,control_change channel=0 control=11 value=104 time=0
775,2026-09-13T00:28:27.461+00:00,19.614678,0.014471,Chordcat 0,control_change,1,,,,11,96,,,,,,B0 0B 60,control_change channel=0 control=11 value=96 time=0
776,2026-09-13T00:28:27.476+00:00,19.629325,0.014647,Chordcat 0,control_change,1,,,,11,90,,,,,,B0 0B 5A,control_change channel=0 control=11 value=90 time=0
777,2026-09-13T00:28:27.491+00:00,19.644472,0.015148,Chordcat 0,control_change,1,,,,11,84,,,,,,B0 0B 54,control_change channel=0 control=11 value=84 time=0
778,2026-09-13T00:28:27.506+00:00,19.659467,0.014995,Chordcat 0,control_change,1,,,,11,79,,,,,,B0 0B 4F,control_change channel=0 control=11 value=79 time=0
779,2026-09-13T00:28:27.519+00:00,19.672619,0.013151,Chordcat 0,control_change,1,,,,11,75,,,,,,B0 0B 4B,control_change channel=0 control=11 value=75 time=0
780,2026-09-13T00:28:27.535+00:00,19.688315,0.015696,Chordcat 0,control_change,1,,,,11,71,,,,,,B0 0B 47,control_change channel=0 control=11 value=71 time=0
781,2026-09-13T00:28:27.550+00:00,19.703747,0.015431,Chordcat 0,control_change,1,,,,11,68,,,,,,B0 0B 44,control_change channel=0 control=11 value=68 time=0
782,2026-09-13T00:28:27.565+00:00,19.718298,0.014551,Chordcat 0,control_change,1,,,,11,65,,,,,,B0 0B 41,control_change channel=0 control=11 value=65 time=0
783,2026-09-13T00:28:27.579+00:00,19.732265,0.013967,Chordcat 0,control_change,1,,,,11,64,,,,,,B0 0B 40,control_change channel=0 control=11 value=64 time=0
784,2026-09-13T00:28:27.593+00:00,19.746507,0.014242,Chordcat 0,control_change,1,,,,11,63,,,,,,B0 0B 3F,control_change channel=0 control=11 value=63 time=0
785,2026-09-13T00:28:27.622+00:00,19.775865,0.029358,Chordcat 0,control_change,1,,,,11,127,,,,,,B0 0B 7F,control_change channel=0 control=11 value=127 time=0
786,2026-09-13T00:28:27.770+00:00,19.923278,0.147413,Chordcat 0,control_change,1,,,,11,121,,,,,,B0 0B 79,control_change channel=0 control=11 value=121 time=0
787,2026-09-13T00:28:27.784+00:00,19.937498,0.014221,Chordcat 0,control_change,1,,,,11,112,,,,,,B0 0B 70,control_change channel=0 control=11 value=112 time=0
788,2026-09-13T00:28:27.800+00:00,19.953699,0.016201,Chordcat 0,control_change,1,,,,11,104,,,,,,B0 0B 68,control_change channel=0 control=11 value=104 time=0
789,2026-09-13T00:28:27.814+00:00,19.967397,0.013698,Chordcat 0,control_change,1,,,,11,96,,,,,,B0 0B 60,control_change channel=0 control=11 value=96 time=0
790,2026-09-13T00:28:27.828+00:00,19.98195,0.014553,Chordcat 0,control_change,1,,,,11,90,,,,,,B0 0B 5A,control_change channel=0 control=11 value=90 time=0
791,2026-09-13T00:28:27.843+00:00,19.996608,0.014658,Chordcat 0,control_change,1,,,,11,84,,,,,,B0 0B 54,control_change channel=0 control=11 value=84 time=0
792,2026-09-13T00:28:27.858+00:00,20.011814,0.015206,Chordcat 0,control_change,1,,,,11,79,,,,,,B0 0B 4F,control_change channel=0 control=11 value=79 time=0
793,2026-09-13T00:28:27.873+00:00,20.02648,0.014666,Chordcat 0,control_change,1,,,,11,75,,,,,,B0 0B 4B,control_change channel=0 control=11 value=75 time=0
794,2026-09-13T00:28:27.888+00:00,20.041244,0.014764,Chordcat 0,control_change,1,,,,11,71,,,,,,B0 0B 47,control_change channel=0 control=11 value=71 time=0
795,2026-09-13T00:28:27.902+00:00,20.05562,0.014376,Chordcat 0,control_change,1,,,,11,68,,,,,,B0 0B 44,control_change channel=0 control=11 value=68 time=0
796,2026-09-13T00:28:27.918+00:00,20.071854,0.016233,Chordcat 0,control_change,1,,,,11,65,,,,,,B0 0B 41,control_change channel=0 control=11 value=65 time=0
797,2026-09-13T00:28:27.932+00:00,20.085304,0.01345,Chordcat 0,control_change,1,,,,11,64,,,,,,B0 0B 40,control_change channel=0 control=11 value=64 time=0
798,2026-09-13T00:28:27.947+00:00,20.100288,0.014984,Chordcat 0,control_change,1,,,,11,63,,,,,,B0 0B 3F,control_change channel=0 control=11 value=63 time=0
799,2026-09-13T00:28:27.976+00:00,20.129495,0.029207,Chordcat 0,control_change,1,,,,11,127,,,,,,B0 0B 7F,control_change channel=0 control=11 value=127 time=0
800,2026-09-13T00:28:28.124+00:00,20.277385,0.14789,Chordcat 0,control_change,1,,,,11,121,,,,,,B0 0B 79,control_change channel=0 control=11 value=121 time=0
801,2026-09-13T00:28:28.138+00:00,20.291278,0.013893,Chordcat 0,control_change,1,,,,11,112,,,,,,B0 0B 70,control_change channel=0 control=11 value=112 time=0
802,2026-09-13T00:28:28.152+00:00,20.305453,0.014175,Chordcat 0,control_change,1,,,,11,104,,,,,,B0 0B 68,control_change channel=0 control=11 value=104 time=0
803,2026-09-13T00:28:28.168+00:00,20.321153,0.0157,Chordcat 0,control_change,1,,,,11,97,,,,,,B0 0B 61,control_change channel=0 control=11 value=97 time=0
804,2026-09-13T00:28:28.181+00:00,20.33508,0.013927,Chordcat 0,control_change,1,,,,11,91,,,,,,B0 0B 5B,control_change channel=0 control=11 value=91 time=0
805,2026-09-13T00:28:28.196+00:00,20.349924,0.014844,Chordcat 0,control_change,1,,,,11,85,,,,,,B0 0B 55,control_change channel=0 control=11 value=85 time=0
806,2026-09-13T00:28:28.212+00:00,20.365477,0.015553,Chordcat 0,control_change,1,,,,11,79,,,,,,B0 0B 4F,control_change channel=0 control=11 value=79 time=0
807,2026-09-13T00:28:28.227+00:00,20.380552,0.015074,Chordcat 0,control_change,1,,,,11,75,,,,,,B0 0B 4B,control_change channel=0 control=11 value=75 time=0
808,2026-09-13T00:28:28.240+00:00,20.393781,0.013229,Chordcat 0,control_change,1,,,,11,71,,,,,,B0 0B 47,control_change channel=0 control=11 value=71 time=0
809,2026-09-13T00:28:28.255+00:00,20.408538,0.014756,Chordcat 0,control_change,1,,,,11,68,,,,,,B0 0B 44,control_change channel=0 control=11 value=68 time=0
810,2026-09-13T00:28:28.271+00:00,20.424238,0.0157,Chordcat 0,control_change,1,,,,11,66,,,,,,B0 0B 42,control_change channel=0 control=11 value=66 time=0
811,2026-09-13T00:28:28.284+00:00,20.43792,0.013683,Chordcat 0,control_change,1,,,,11,64,,,,,,B0 0B 40,control_change channel=0 control=11 value=64 time=0
812,2026-09-13T00:28:28.300+00:00,20.453582,0.015661,Chordcat 0,control_change,1,,,,11,63,,,,,,B0 0B 3F,control_change channel=0 control=11 value=63 time=0
813,2026-09-13T00:28:28.329+00:00,20.483011,0.029429,Chordcat 0,control_change,1,,,,11,127,,,,,,B0 0B 7F,control_change channel=0 control=11 value=127 time=0
814,2026-09-13T00:28:28.476+00:00,20.629989,0.146978,Chordcat 0,control_change,1,,,,11,121,,,,,,B0 0B 79,control_change channel=0 control=11 value=121 time=0
815,2026-09-13T00:28:28.491+00:00,20.644416,0.014427,Chordcat 0,control_change,1,,,,11,112,,,,,,B0 0B 70,control_change channel=0 control=11 value=112 time=0
816,2026-09-13T00:28:28.505+00:00,20.658796,0.014379,Chordcat 0,control_change,1,,,,11,104,,,,,,B0 0B 68,control_change channel=0 control=11 value=104 time=0
817,2026-09-13T00:28:28.520+00:00,20.67354,0.014745,Chordcat 0,control_change,1,,,,11,97,,,,,,B0 0B 61,control_change channel=0 control=11 value=97 time=0
818,2026-09-13T00:28:28.534+00:00,20.687473,0.013933,Chordcat 0,control_change,1,,,,11,91,,,,,,B0 0B 5B,control_change channel=0 control=11 value=91 time=0
819,2026-09-13T00:28:28.549+00:00,20.702479,0.015007,Chordcat 0,control_change,1,,,,11,85,,,,,,B0 0B 55,control_change channel=0 control=11 value=85 time=0
820,2026-09-13T00:28:28.565+00:00,20.718166,0.015686,Chordcat 0,control_change,1,,,,11,79,,,,,,B0 0B 4F,control_change channel=0 control=11 value=79 time=0
821,2026-09-13T00:28:28.580+00:00,20.733238,0.015072,Chordcat 0,control_change,1,,,,11,75,,,,,,B0 0B 4B,control_change channel=0 control=11 value=75 time=0
822,2026-09-13T00:28:28.594+00:00,20.747833,0.014595,Chordcat 0,control_change,1,,,,11,71,,,,,,B0 0B 47,control_change channel=0 control=11 value=71 time=0
823,2026-09-13T00:28:28.608+00:00,20.761933,0.014101,Chordcat 0,control_change,1,,,,11,68,,,,,,B0 0B 44,control_change channel=0 control=11 value=68 time=0
824,2026-09-13T00:28:28.623+00:00,20.776529,0.014596,Chordcat 0,control_change,1,,,,11,66,,,,,,B0 0B 42,control_change channel=0 control=11 value=66 time=0
825,2026-09-13T00:28:28.637+00:00,20.790922,0.014393,Chordcat 0,control_change,1,,,,11,64,,,,,,B0 0B 40,control_change channel=0 control=11 value=64 time=0
826,2026-09-13T00:28:28.652+00:00,20.805933,0.01501,Chordcat 0,control_change,1,,,,11,63,,,,,,B0 0B 3F,control_change channel=0 control=11 value=63 time=0
827,2026-09-13T00:28:28.682+00:00,20.835105,0.029172,Chordcat 0,control_change,1,,,,11,127,,,,,,B0 0B 7F,control_change channel=0 control=11 value=127 time=0
828,2026-09-13T00:28:28.829+00:00,20.982846,0.147741,Chordcat 0,control_change,1,,,,11,120,,,,,,B0 0B 78,control_change channel=0 control=11 value=120 time=0
829,2026-09-13T00:28:28.843+00:00,20.996646,0.013801,Chordcat 0,control_change,1,,,,11,112,,,,,,B0 0B 70,control_change channel=0 control=11 value=112 time=0
830,2026-09-13T00:28:28.859+00:00,21.012241,0.015595,Chordcat 0,control_change,1,,,,11,104,,,,,,B0 0B 68,control_change channel=0 control=11 value=104 time=0
831,2026-09-13T00:28:28.873+00:00,21.026639,0.014398,Chordcat 0,control_change,1,,,,11,97,,,,,,B0 0B 61,control_change channel=0 control=11 value=97 time=0
832,2026-09-13T00:28:28.888+00:00,21.041641,0.015002,Chordcat 0,control_change,1,,,,11,90,,,,,,B0 0B 5A,control_change channel=0 control=11 value=90 time=0
833,2026-09-13T00:28:28.903+00:00,21.056188,0.014547,Chordcat 0,control_change,1,,,,11,84,,,,,,B0 0B 54,control_change channel=0 control=11 value=84 time=0
834,2026-09-13T00:28:28.917+00:00,21.070994,0.014806,Chordcat 0,control_change,1,,,,11,79,,,,,,B0 0B 4F,control_change channel=0 control=11 value=79 time=0
835,2026-09-13T00:28:28.933+00:00,21.086291,0.015298,Chordcat 0,control_change,1,,,,11,75,,,,,,B0 0B 4B,control_change channel=0 control=11 value=75 time=0
836,2026-09-13T00:28:28.947+00:00,21.100421,0.014129,Chordcat 0,control_change,1,,,,11,71,,,,,,B0 0B 47,control_change channel=0 control=11 value=71 time=0
837,2026-09-13T00:28:28.962+00:00,21.115141,0.014721,Chordcat 0,control_change,1,,,,11,68,,,,,,B0 0B 44,control_change channel=0 control=11 value=68 time=0
838,2026-09-13T00:28:28.976+00:00,21.129866,0.014724,Chordcat 0,control_change,1,,,,11,66,,,,,,B0 0B 42,control_change channel=0 control=11 value=66 time=0
839,2026-09-13T00:28:28.992+00:00,21.145448,0.015582,Chordcat 0,control_change,1,,,,11,64,,,,,,B0 0B 40,control_change channel=0 control=11 value=64 time=0
840,2026-09-13T00:28:29.006+00:00,21.159287,0.013839,Chordcat 0,control_change,1,,,,11,63,,,,,,B0 0B 3F,control_change channel=0 control=11 value=63 time=0
841,2026-09-13T00:28:29.035+00:00,21.188557,0.02927,Chordcat 0,control_change,1,,,,11,127,,,,,,B0 0B 7F,control_change channel=0 control=11 value=127 time=0
842,2026-09-13T00:28:29.182+00:00,21.335849,0.147292,Chordcat 0,control_change,1,,,,11,121,,,,,,B0 0B 79,control_change channel=0 control=11 value=121 time=0
843,2026-09-13T00:28:29.197+00:00,21.350145,0.014296,Chordcat 0,control_change,1,,,,11,112,,,,,,B0 0B 70,control_change channel=0 control=11 value=112 time=0
844,2026-09-13T00:28:29.212+00:00,21.365546,0.015402,Chordcat 0,control_change,1,,,,11,104,,,,,,B0 0B 68,control_change channel=0 control=11 value=104 time=0
845,2026-09-13T00:28:29.227+00:00,21.380311,0.014765,Chordcat 0,control_change,1,,,,11,97,,,,,,B0 0B 61,control_change channel=0 control=11 value=97 time=0
846,2026-09-13T00:28:29.241+00:00,21.394886,0.014575,Chordcat 0,control_change,1,,,,11,90,,,,,,B0 0B 5A,control_change channel=0 control=11 value=90 time=0
847,2026-09-13T00:28:29.255+00:00,21.408881,0.013995,Chordcat 0,control_change,1,,,,11,85,,,,,,B0 0B 55,control_change channel=0 control=11 value=85 time=0
848,2026-09-13T00:28:29.270+00:00,21.423678,0.014797,Chordcat 0,control_change,1,,,,11,79,,,,,,B0 0B 4F,control_change channel=0 control=11 value=79 time=0
849,2026-09-13T00:28:29.285+00:00,21.439035,0.015357,Chordcat 0,control_change,1,,,,11,75,,,,,,B0 0B 4B,control_change channel=0 control=11 value=75 time=0
850,2026-09-13T00:28:29.300+00:00,21.453643,0.014608,Chordcat 0,control_change,1,,,,11,71,,,,,,B0 0B 47,control_change channel=0 control=11 value=71 time=0
851,2026-09-13T00:28:29.315+00:00,21.468304,0.014661,Chordcat 0,control_change,1,,,,11,68,,,,,,B0 0B 44,control_change channel=0 control=11 value=68 time=0
852,2026-09-13T00:28:29.330+00:00,21.48381,0.015506,Chordcat 0,control_change,1,,,,11,66,,,,,,B0 0B 42,control_change channel=0 control=11 value=66 time=0
853,2026-09-13T00:28:29.344+00:00,21.498029,0.014219,Chordcat 0,control_change,1,,,,11,64,,,,,,B0 0B 40,control_change channel=0 control=11 value=64 time=0
854,2026-09-13T00:28:29.359+00:00,21.512126,0.014097,Chordcat 0,control_change,1,,,,11,63,,,,,,B0 0B 3F,control_change channel=0 control=11 value=63 time=0
855,2026-09-13T00:28:29.388+00:00,21.541641,0.029515,Chordcat 0,control_change,1,,,,11,127,,,,,,B0 0B 7F,control_change channel=0 control=11 value=127 time=0
856,2026-09-13T00:28:29.536+00:00,21.689384,0.147742,Chordcat 0,control_change,1,,,,11,121,,,,,,B0 0B 79,control_change channel=0 control=11 value=121 time=0
857,2026-09-13T00:28:29.549+00:00,21.702757,0.013373,Chordcat 0,control_change,1,,,,11,112,,,,,,B0 0B 70,control_change channel=0 control=11 value=112 time=0
858,2026-09-13T00:28:29.564+00:00,21.718061,0.015304,Chordcat 0,control_change,1,,,,11,104,,,,,,B0 0B 68,control_change channel=0 control=11 value=104 time=0
859,2026-09-13T00:28:29.580+00:00,21.733319,0.015258,Chordcat 0,control_change,1,,,,11,97,,,,,,B0 0B 61,control_change channel=0 control=11 value=97 time=0
860,2026-09-13T00:28:29.595+00:00,21.748487,0.015168,Chordcat 0,control_change,1,,,,11,90,,,,,,B0 0B 5A,control_change channel=0 control=11 value=90 time=0
861,2026-09-13T00:28:29.608+00:00,21.761891,0.013404,Chordcat 0,control_change,1,,,,11,85,,,,,,B0 0B 55,control_change channel=0 control=11 value=85 time=0
862,2026-09-13T00:28:29.624+00:00,21.777667,0.015776,Chordcat 0,control_change,1,,,,11,79,,,,,,B0 0B 4F,control_change channel=0 control=11 value=79 time=0
863,2026-09-13T00:28:29.638+00:00,21.791794,0.014127,Chordcat 0,control_change,1,,,,11,75,,,,,,B0 0B 4B,control_change channel=0 control=11 value=75 time=0
864,2026-09-13T00:28:29.653+00:00,21.806456,0.014662,Chordcat 0,control_change,1,,,,11,71,,,,,,B0 0B 47,control_change channel=0 control=11 value=71 time=0
865,2026-09-13T00:28:29.668+00:00,21.821361,0.014905,Chordcat 0,control_change,1,,,,11,68,,,,,,B0 0B 44,control_change channel=0 control=11 value=68 time=0
866,2026-09-13T00:28:29.682+00:00,21.835507,0.014145,Chordcat 0,control_change,1,,,,11,66,,,,,,B0 0B 42,control_change channel=0 control=11 value=66 time=0
867,2026-09-13T00:28:29.696+00:00,21.849551,0.014044,Chordcat 0,control_change,1,,,,11,64,,,,,,B0 0B 40,control_change channel=0 control=11 value=64 time=0
868,2026-09-13T00:28:29.712+00:00,21.86533,0.015779,Chordcat 0,control_change,1,,,,11,63,,,,,,B0 0B 3F,control_change channel=0 control=11 value=63 time=0
869,2026-09-13T00:28:29.741+00:00,21.894502,0.029172,Chordcat 0,control_change,1,,,,11,127,,,,,,B0 0B 7F,control_change channel=0 control=11 value=127 time=0
870,2026-09-13T00:28:29.888+00:00,22.041513,0.147011,Chordcat 0,control_change,1,,,,11,121,,,,,,B0 0B 79,control_change channel=0 control=11 value=121 time=0
871,2026-09-13T00:28:29.903+00:00,22.05659,0.015077,Chordcat 0,control_change,1,,,,11,112,,,,,,B0 0B 70,control_change channel=0 control=11 value=112 time=0
872,2026-09-13T00:28:29.917+00:00,22.070531,0.013941,Chordcat 0,control_change,1,,,,11,104,,,,,,B0 0B 68,control_change channel=0 control=11 value=104 time=0
873,2026-09-13T00:28:29.932+00:00,22.086108,0.015576,Chordcat 0,control_change,1,,,,11,97,,,,,,B0 0B 61,control_change channel=0 control=11 value=97 time=0
874,2026-09-13T00:28:29.947+00:00,22.100797,0.014689,Chordcat 0,control_change,1,,,,11,90,,,,,,B0 0B 5A,control_change channel=0 control=11 value=90 time=0
875,2026-09-13T00:28:29.962+00:00,22.115505,0.014708,Chordcat 0,control_change,1,,,,11,85,,,,,,B0 0B 55,control_change channel=0 control=11 value=85 time=0
876,2026-09-13T00:28:29.977+00:00,22.130651,0.015146,Chordcat 0,control_change,1,,,,11,80,,,,,,B0 0B 50,control_change channel=0 control=11 value=80 time=0
877,2026-09-13T00:28:29.992+00:00,22.145325,0.014674,Chordcat 0,control_change,1,,,,11,75,,,,,,B0 0B 4B,control_change channel=0 control=11 value=75 time=0
878,2026-09-13T00:28:30.007+00:00,22.160598,0.015272,Chordcat 0,control_change,1,,,,11,71,,,,,,B0 0B 47,control_change channel=0 control=11 value=71 time=0
879,2026-09-13T00:28:30.021+00:00,22.174385,0.013787,Chordcat 0,control_change,1,,,,11,68,,,,,,B0 0B 44,control_change channel=0 control=11 value=68 time=0
880,2026-09-13T00:28:30.035+00:00,22.188529,0.014144,Chordcat 0,control_change,1,,,,11,66,,,,,,B0 0B 42,control_change channel=0 control=11 value=66 time=0
881,2026-09-13T00:28:30.051+00:00,22.204204,0.015675,Chordcat 0,control_change,1,,,,11,64,,,,,,B0 0B 40,control_change channel=0 control=11 value=64 time=0
882,2026-09-13T00:28:30.064+00:00,22.217958,0.013754,Chordcat 0,control_change,1,,,,11,63,,,,,,B0 0B 3F,control_change channel=0 control=11 value=63 time=0
883,2026-09-13T00:28:30.094+00:00,22.248024,0.030066,Chordcat 0,control_change,1,,,,11,127,,,,,,B0 0B 7F,control_change channel=0 control=11 value=127 time=0
884,2026-09-13T00:28:30.241+00:00,22.394525,0.146502,Chordcat 0,control_change,1,,,,11,121,,,,,,B0 0B 79,control_change channel=0 control=11 value=121 time=0
885,2026-09-13T00:28:30.257+00:00,22.410392,0.015867,Chordcat 0,control_change,1,,,,11,112,,,,,,B0 0B 70,control_change channel=0 control=11 value=112 time=0
886,2026-09-13T00:28:30.271+00:00,22.424191,0.013799,Chordcat 0,control_change,1,,,,11,104,,,,,,B0 0B 68,control_change channel=0 control=11 value=104 time=0
887,2026-09-13T00:28:30.286+00:00,22.439243,0.015052,Chordcat 0,control_change,1,,,,11,97,,,,,,B0 0B 61,control_change channel=0 control=11 value=97 time=0
888,2026-09-13T00:28:30.300+00:00,22.45366,0.014417,Chordcat 0,control_change,1,,,,11,90,,,,,,B0 0B 5A,control_change channel=0 control=11 value=90 time=0
889,2026-09-13T00:28:30.314+00:00,22.467856,0.014195,Chordcat 0,control_change,1,,,,11,85,,,,,,B0 0B 55,control_change channel=0 control=11 value=85 time=0
890,2026-09-13T00:28:30.330+00:00,22.483235,0.015379,Chordcat 0,control_change,1,,,,11,79,,,,,,B0 0B 4F,control_change channel=0 control=11 value=79 time=0
891,2026-09-13T00:28:30.344+00:00,22.497757,0.014522,Chordcat 0,control_change,1,,,,11,75,,,,,,B0 0B 4B,control_change channel=0 control=11 value=75 time=0
892,2026-09-13T00:28:30.358+00:00,22.511825,0.014067,Chordcat 0,control_change,1,,,,11,71,,,,,,B0 0B 47,control_change channel=0 control=11 value=71 time=0
893,2026-09-13T00:28:30.374+00:00,22.527373,0.015549,Chordcat 0,control_change,1,,,,11,68,,,,,,B0 0B 44,control_change channel=0 control=11 value=68 time=0
894,2026-09-13T00:28:30.388+00:00,22.541935,0.014562,Chordcat 0,control_change,1,,,,11,66,,,,,,B0 0B 42,control_change channel=0 control=11 value=66 time=0
895,2026-09-13T00:28:30.403+00:00,22.556443,0.014508,Chordcat 0,control_change,1,,,,11,64,,,,,,B0 0B 40,control_change channel=0 control=11 value=64 time=0
896,2026-09-13T00:28:30.417+00:00,22.57083,0.014387,Chordcat 0,control_change,1,,,,11,63,,,,,,B0 0B 3F,control_change channel=0 control=11 value=63 time=0
897,2026-09-13T00:28:30.447+00:00,22.600872,0.030042,Chordcat 0,control_change,1,,,,11,127,,,,,,B0 0B 7F,control_change channel=0 control=11 value=127 time=0
898,2026-09-13T00:28:30.594+00:00,22.74768,0.146808,Chordcat 0,control_change,1,,,,11,121,,,,,,B0 0B 79,control_change channel=0 control=11 value=121 time=0
899,2026-09-13T00:28:30.609+00:00,22.762203,0.014524,Chordcat 0,control_change,1,,,,11,112,,,,,,B0 0B 70,control_change channel=0 control=11 value=112 time=0
900,2026-09-13T00:28:30.623+00:00,22.776718,0.014515,Chordcat 0,control_change,1,,,,11,104,,,,,,B0 0B 68,control_change channel=0 control=11 value=104 time=0
901,2026-09-13T00:28:30.638+00:00,22.791943,0.015224,Chordcat 0,control_change,1,,,,11,97,,,,,,B0 0B 61,control_change channel=0 control=11 value=97 time=0
902,2026-09-13T00:28:30.653+00:00,22.806834,0.014892,Chordcat 0,control_change,1,,,,11,90,,,,,,B0 0B 5A,control_change channel=0 control=11 value=90 time=0
903,2026-09-13T00:28:30.667+00:00,22.821071,0.014236,Chordcat 0,control_change,1,,,,11,85,,,,,,B0 0B 55,control_change channel=0 control=11 value=85 time=0
904,2026-09-13T00:28:30.683+00:00,22.836248,0.015178,Chordcat 0,control_change,1,,,,11,79,,,,,,B0 0B 4F,control_change channel=0 control=11 value=79 time=0
905,2026-09-13T00:28:30.697+00:00,22.850832,0.014584,Chordcat 0,control_change,1,,,,11,75,,,,,,B0 0B 4B,control_change channel=0 control=11 value=75 time=0
906,2026-09-13T00:28:30.711+00:00,22.864632,0.0138,Chordcat 0,control_change,1,,,,11,71,,,,,,B0 0B 47,control_change channel=0 control=11 value=71 time=0
907,2026-09-13T00:28:30.727+00:00,22.880142,0.01551,Chordcat 0,control_change,1,,,,11,68,,,,,,B0 0B 44,control_change channel=0 control=11 value=68 time=0
908,2026-09-13T00:28:30.741+00:00,22.894486,0.014344,Chordcat 0,control_change,1,,,,11,66,,,,,,B0 0B 42,control_change channel=0 control=11 value=66 time=0
909,2026-09-13T00:28:30.756+00:00,22.909385,0.014899,Chordcat 0,control_change,1,,,,11,64,,,,,,B0 0B 40,control_change channel=0 control=11 value=64 time=0
910,2026-09-13T00:28:30.770+00:00,22.923538,0.014152,Chordcat 0,control_change,1,,,,11,63,,,,,,B0 0B 3F,control_change channel=0 control=11 value=63 time=0
911,2026-09-13T00:28:30.800+00:00,22.953643,0.030105,Chordcat 0,control_change,1,,,,11,127,,,,,,B0 0B 7F,control_change channel=0 control=11 value=127 time=0
912,2026-09-13T00:28:30.947+00:00,23.101102,0.147459,Chordcat 0,control_change,1,,,,11,121,,,,,,B0 0B 79,control_change channel=0 control=11 value=121 time=0
913,2026-09-13T00:28:30.963+00:00,23.116189,0.015087,Chordcat 0,control_change,1,,,,11,112,,,,,,B0 0B 70,control_change channel=0 control=11 value=112 time=0
914,2026-09-13T00:28:30.976+00:00,23.129754,0.013565,Chordcat 0,control_change,1,,,,11,104,,,,,,B0 0B 68,control_change channel=0 control=11 value=104 time=0
915,2026-09-13T00:28:30.991+00:00,23.144771,0.015017,Chordcat 0,control_change,1,,,,11,97,,,,,,B0 0B 61,control_change channel=0 control=11 value=97 time=0
916,2026-09-13T00:28:31.007+00:00,23.160561,0.01579,Chordcat 0,control_change,1,,,,11,90,,,,,,B0 0B 5A,control_change channel=0 control=11 value=90 time=0
917,2026-09-13T00:28:31.023+00:00,23.176255,0.015694,Chordcat 0,control_change,1,,,,11,85,,,,,,B0 0B 55,control_change channel=0 control=11 value=85 time=0
918,2026-09-13T00:28:31.036+00:00,23.189736,0.01348,Chordcat 0,control_change,1,,,,11,79,,,,,,B0 0B 4F,control_change channel=0 control=11 value=79 time=0
919,2026-09-13T00:28:31.049+00:00,23.204081,0.014346,Chordcat 0,control_change,1,,,,11,75,,,,,,B0 0B 4B,control_change channel=0 control=11 value=75 time=0
920,2026-09-13T00:28:31.065+00:00,23.218903,0.014821,Chordcat 0,control_change,1,,,,11,71,,,,,,B0 0B 47,control_change channel=0 control=11 value=71 time=0
921,2026-09-13T00:28:31.079+00:00,23.232894,0.013992,Chordcat 0,control_change,1,,,,11,68,,,,,,B0 0B 44,control_change channel=0 control=11 value=68 time=0
922,2026-09-13T00:28:31.094+00:00,23.247419,0.014524,Chordcat 0,control_change,1,,,,11,66,,,,,,B0 0B 42,control_change channel=0 control=11 value=66 time=0
923,2026-09-13T00:28:31.109+00:00,23.263104,0.015685,Chordcat 0,control_change,1,,,,11,64,,,,,,B0 0B 40,control_change channel=0 control=11 value=64 time=0
924,2026-09-13T00:28:31.123+00:00,23.276419,0.013315,Chordcat 0,control_change,1,,,,11,63,,,,,,B0 0B 3F,control_change channel=0 control=11 value=63 time=0
925,2026-09-13T00:28:31.153+00:00,23.306991,0.030572,Chordcat 0,control_change,1,,,,11,127,,,,,,B0 0B 7F,control_change channel=0 control=11 value=127 time=0
926,2026-09-13T00:28:31.300+00:00,23.453719,0.146728,Chordcat 0,control_change,1,,,,11,121,,,,,,B0 0B 79,control_change channel=0 control=11 value=121 time=0
927,2026-09-13T00:28:31.315+00:00,23.468872,0.015154,Chordcat 0,control_change,1,,,,11,112,,,,,,B0 0B 70,control_change channel=0 control=11 value=112 time=0
928,2026-09-13T00:28:31.330+00:00,23.483302,0.01443,Chordcat 0,control_change,1,,,,11,104,,,,,,B0 0B 68,control_change channel=0 control=11 value=104 time=0
929,2026-09-13T00:28:31.344+00:00,23.497404,0.014102,Chordcat 0,control_change,1,,,,11,97,,,,,,B0 0B 61,control_change channel=0 control=11 value=97 time=0
930,2026-09-13T00:28:31.359+00:00,23.512892,0.015488,Chordcat 0,control_change,1,,,,11,90,,,,,,B0 0B 5A,control_change channel=0 control=11 value=90 time=0
931,2026-09-13T00:28:31.373+00:00,23.526853,0.01396,Chordcat 0,control_change,1,,,,11,85,,,,,,B0 0B 55,control_change channel=0 control=11 value=85 time=0
932,2026-09-13T00:28:31.388+00:00,23.541789,0.014936,Chordcat 0,control_change,1,,,,11,79,,,,,,B0 0B 4F,control_change channel=0 control=11 value=79 time=0
933,2026-09-13T00:28:31.404+00:00,23.557423,0.015634,Chordcat 0,control_change,1,,,,11,75,,,,,,B0 0B 4B,control_change channel=0 control=11 value=75 time=0
934,2026-09-13T00:28:31.418+00:00,23.571366,0.013943,Chordcat 0,control_change,1,,,,11,71,,,,,,B0 0B 47,control_change channel=0 control=11 value=71 time=0
935,2026-09-13T00:28:31.432+00:00,23.585365,0.013999,Chordcat 0,control_change,1,,,,11,68,,,,,,B0 0B 44,control_change channel=0 control=11 value=68 time=0
936,2026-09-13T00:28:31.447+00:00,23.601032,0.015667,Chordcat 0,control_change,1,,,,11,66,,,,,,B0 0B 42,control_change channel=0 control=11 value=66 time=0
937,2026-09-13T00:28:31.462+00:00,23.615822,0.014791,Chordcat 0,control_change,1,,,,11,64,,,,,,B0 0B 40,control_change channel=0 control=11 value=64 time=0
938,2026-09-13T00:28:31.477+00:00,23.63042,0.014598,Chordcat 0,control_change,1,,,,11,63,,,,,,B0 0B 3F,control_change channel=0 control=11 value=63 time=0
939,2026-09-13T00:28:31.506+00:00,23.659829,0.029409,Chordcat 0,control_change,1,,,,11,127,,,,,,B0 0B 7F,control_change channel=0 control=11 value=127 time=0
940,2026-09-13T00:28:31.654+00:00,23.807692,0.147863,Chordcat 0,control_change,1,,,,11,121,,,,,,B0 0B 79,control_change channel=0 control=11 value=121 time=0
941,2026-09-13T00:28:31.668+00:00,23.821842,0.01415,Chordcat 0,control_change,1,,,,11,112,,,,,,B0 0B 70,control_change channel=0 control=11 value=112 time=0
942,2026-09-13T00:28:31.682+00:00,23.836072,0.01423,Chordcat 0,control_change,1,,,,11,104,,,,,,B0 0B 68,control_change channel=0 control=11 value=104 time=0
943,2026-09-13T00:28:31.697+00:00,23.850784,0.014712,Chordcat 0,control_change,1,,,,11,97,,,,,,B0 0B 61,control_change channel=0 control=11 value=97 time=0
944,2026-09-13T00:28:31.712+00:00,23.866095,0.015311,Chordcat 0,control_change,1,,,,11,90,,,,,,B0 0B 5A,control_change channel=0 control=11 value=90 time=0
945,2026-09-13T00:28:31.727+00:00,23.880411,0.014316,Chordcat 0,control_change,1,,,,11,84,,,,,,B0 0B 54,control_change channel=0 control=11 value=84 time=0
946,2026-09-13T00:28:31.742+00:00,23.895359,0.014947,Chordcat 0,control_change,1,,,,11,80,,,,,,B0 0B 50,control_change channel=0 control=11 value=80 time=0
947,2026-09-13T00:28:31.756+00:00,23.909977,0.014619,Chordcat 0,control_change,1,,,,11,75,,,,,,B0 0B 4B,control_change channel=0 control=11 value=75 time=0
948,2026-09-13T00:28:31.771+00:00,23.924363,0.014386,Chordcat 0,control_change,1,,,,11,71,,,,,,B0 0B 47,control_change channel=0 control=11 value=71 time=0
949,2026-09-13T00:28:31.785+00:00,23.939091,0.014727,Chordcat 0,control_change,1,,,,11,68,,,,,,B0 0B 44,control_change channel=0 control=11 value=68 time=0
950,2026-09-13T00:28:31.801+00:00,23.954285,0.015194,Chordcat 0,control_change,1,,,,11,66,,,,,,B0 0B 42,control_change channel=0 control=11 value=66 time=0
951,2026-09-13T00:28:31.815+00:00,23.968998,0.014714,Chordcat 0,control_change,1,,,,11,64,,,,,,B0 0B 40,control_change channel=0 control=11 value=64 time=0
952,2026-09-13T00:28:31.830+00:00,23.984059,0.015061,Chordcat 0,control_change,1,,,,11,63,,,,,,B0 0B 3F,control_change channel=0 control=11 value=63 time=0
953,2026-09-13T00:28:31.859+00:00,24.013024,0.028965,Chordcat 0,control_change,1,,,,11,127,,,,,,B0 0B 7F,control_change channel=0 control=11 value=127 time=0
954,2026-09-13T00:28:32.006+00:00,24.159504,0.14648,Chordcat 0,control_change,1,,,,11,121,,,,,,B0 0B 79,control_change channel=0 control=11 value=121 time=0
955,2026-09-13T00:28:32.021+00:00,24.17449,0.014986,Chordcat 0,control_change,1,,,,11,112,,,,,,B0 0B 70,control_change channel=0 control=11 value=112 time=0
956,2026-09-13T00:28:32.035+00:00,24.188661,0.014171,Chordcat 0,control_change,1,,,,11,104,,,,,,B0 0B 68,control_change channel=0 control=11 value=104 time=0
957,2026-09-13T00:28:32.050+00:00,24.203936,0.015275,Chordcat 0,control_change,1,,,,11,97,,,,,,B0 0B 61,control_change channel=0 control=11 value=97 time=0
958,2026-09-13T00:28:32.066+00:00,24.219534,0.015598,Chordcat 0,control_change,1,,,,11,90,,,,,,B0 0B 5A,control_change channel=0 control=11 value=90 time=0
959,2026-09-13T00:28:32.080+00:00,24.23407,0.014536,Chordcat 0,control_change,1,,,,11,84,,,,,,B0 0B 54,control_change channel=0 control=11 value=84 time=0
960,2026-09-13T00:28:32.094+00:00,24.247422,0.013352,Chordcat 0,control_change,1,,,,11,79,,,,,,B0 0B 4F,control_change channel=0 control=11 value=79 time=0
961,2026-09-13T00:28:32.110+00:00,24.263467,0.016045,Chordcat 0,control_change,1,,,,11,75,,,,,,B0 0B 4B,control_change channel=0 control=11 value=75 time=0
962,2026-09-13T00:28:32.125+00:00,24.278663,0.015195,Chordcat 0,control_change,1,,,,11,71,,,,,,B0 0B 47,control_change channel=0 control=11 value=71 time=0
963,2026-09-13T00:28:32.138+00:00,24.291903,0.013241,Chordcat 0,control_change,1,,,,11,68,,,,,,B0 0B 44,control_change channel=0 control=11 value=68 time=0
964,2026-09-13T00:28:32.153+00:00,24.306817,0.014914,Chordcat 0,control_change,1,,,,11,66,,,,,,B0 0B 42,control_change channel=0 control=11 value=66 time=0
965,2026-09-13T00:28:32.169+00:00,24.32225,0.015433,Chordcat 0,control_change,1,,,,11,64,,,,,,B0 0B 40,control_change channel=0 control=11 value=64 time=0
966,2026-09-13T00:28:32.182+00:00,24.33552,0.01327,Chordcat 0,control_change,1,,,,11,63,,,,,,B0 0B 3F,control_change channel=0 control=11 value=63 time=0
967,2026-09-13T00:28:32.213+00:00,24.366623,0.031103,Chordcat 0,control_change,1,,,,11,127,,,,,,B0 0B 7F,control_change channel=0 control=11 value=127 time=0
968,2026-09-13T00:28:32.359+00:00,24.512793,0.146169,Chordcat 0,control_change,1,,,,11,121,,,,,,B0 0B 79,control_change channel=0 control=11 value=121 time=0
969,2026-09-13T00:28:32.374+00:00,24.527599,0.014806,Chordcat 0,control_change,1,,,,11,112,,,,,,B0 0B 70,control_change channel=0 control=11 value=112 time=0
970,2026-09-13T00:28:32.388+00:00,24.54209,0.014491,Chordcat 0,control_change,1,,,,11,104,,,,,,B0 0B 68,control_change channel=0 control=11 value=104 time=0
971,2026-09-13T00:28:32.403+00:00,24.556877,0.014787,Chordcat 0,control_change,1,,,,11,97,,,,,,B0 0B 61,control_change channel=0 control=11 value=97 time=0
972,2026-09-13T00:28:32.418+00:00,24.571872,0.014995,Chordcat 0,control_change,1,,,,11,90,,,,,,B0 0B 5A,control_change channel=0 control=11 value=90 time=0
973,2026-09-13T00:28:32.432+00:00,24.58552,0.013648,Chordcat 0,control_change,1,,,,11,85,,,,,,B0 0B 55,control_change channel=0 control=11 value=85 time=0
974,2026-09-13T00:28:32.447+00:00,24.600851,0.015331,Chordcat 0,control_change,1,,,,11,79,,,,,,B0 0B 4F,control_change channel=0 control=11 value=79 time=0
975,2026-09-13T00:28:32.462+00:00,24.615588,0.014737,Chordcat 0,control_change,1,,,,11,75,,,,,,B0 0B 4B,control_change channel=0 control=11 value=75 time=0
976,2026-09-13T00:28:32.478+00:00,24.631218,0.01563,Chordcat 0,control_change,1,,,,11,71,,,,,,B0 0B 47,control_change channel=0 control=11 value=71 time=0
977,2026-09-13T00:28:32.491+00:00,24.644973,0.013754,Chordcat 0,control_change,1,,,,11,68,,,,,,B0 0B 44,control_change channel=0 control=11 value=68 time=0
978,2026-09-13T00:28:32.506+00:00,24.659826,0.014853,Chordcat 0,control_change,1,,,,11,66,,,,,,B0 0B 42,control_change channel=0 control=11 value=66 time=0
979,2026-09-13T00:28:32.521+00:00,24.674407,0.014581,Chordcat 0,control_change,1,,,,11,64,,,,,,B0 0B 40,control_change channel=0 control=11 value=64 time=0
980,2026-09-13T00:28:32.536+00:00,24.689761,0.015354,Chordcat 0,control_change,1,,,,11,63,,,,,,B0 0B 3F,control_change channel=0 control=11 value=63 time=0
981,2026-09-13T00:28:32.566+00:00,24.719229,0.029468,Chordcat 0,control_change,1,,,,11,127,,,,,,B0 0B 7F,control_change channel=0 control=11 value=127 time=0
982,2026-09-13T00:28:32.712+00:00,24.865306,0.146077,Chordcat 0,control_change,1,,,,11,121,,,,,,B0 0B 79,control_change channel=0 control=11 value=121 time=0
983,2026-09-13T00:28:32.728+00:00,24.881385,0.016079,Chordcat 0,control_change,1,,,,11,112,,,,,,B0 0B 70,control_change channel=0 control=11 value=112 time=0
984,2026-09-13T00:28:32.743+00:00,24.896731,0.015345,Chordcat 0,control_change,1,,,,11,104,,,,,,B0 0B 68,control_change channel=0 control=11 value=104 time=0
985,2026-09-13T00:28:32.756+00:00,24.909556,0.012825,Chordcat 0,control_change,1,,,,11,97,,,,,,B0 0B 61,control_change channel=0 control=11 value=97 time=0
986,2026-09-13T00:28:32.772+00:00,24.92538,0.015824,Chordcat 0,control_change,1,,,,11,90,,,,,,B0 0B 5A,control_change channel=0 control=11 value=90 time=0
987,2026-09-13T00:28:32.787+00:00,24.940462,0.015083,Chordcat 0,control_change,1,,,,11,84,,,,,,B0 0B 54,control_change channel=0 control=11 value=84 time=0
988,2026-09-13T00:28:32.801+00:00,24.954187,0.013725,Chordcat 0,control_change,1,,,,11,80,,,,,,B0 0B 50,control_change channel=0 control=11 value=80 time=0
989,2026-09-13T00:28:32.815+00:00,24.968744,0.014557,Chordcat 0,control_change,1,,,,11,75,,,,,,B0 0B 4B,control_change channel=0 control=11 value=75 time=0
990,2026-09-13T00:28:32.830+00:00,24.983606,0.014862,Chordcat 0,control_change,1,,,,11,71,,,,,,B0 0B 47,control_change channel=0 control=11 value=71 time=0
991,2026-09-13T00:28:32.846+00:00,24.999167,0.015561,Chordcat 0,control_change,1,,,,11,68,,,,,,B0 0B 44,control_change channel=0 control=11 value=68 time=0
992,2026-09-13T00:28:32.860+00:00,25.013612,0.014445,Chordcat 0,control_change,1,,,,11,66,,,,,,B0 0B 42,control_change channel=0 control=11 value=66 time=0
993,2026-09-13T00:28:32.874+00:00,25.02737,0.013757,Chordcat 0,control_change,1,,,,11,64,,,,,,B0 0B 40,control_change channel=0 control=11 value=64 time=0
994,2026-09-13T00:28:32.889+00:00,25.042636,0.015266,Chordcat 0,control_change,1,,,,11,63,,,,,,B0 0B 3F,control_change channel=0 control=11 value=63 time=0
995,2026-09-13T00:28:32.918+00:00,25.07164,0.029004,Chordcat 0,control_change,1,,,,11,127,,,,,,B0 0B 7F,control_change channel=0 control=11 value=127 time=0
996,2026-09-13T00:28:33.065+00:00,25.218846,0.147206,Chordcat 0,control_change,1,,,,11,121,,,,,,B0 0B 79,control_change channel=0 control=11 value=121 time=0
997,2026-09-13T00:28:33.080+00:00,25.233455,0.014609,Chordcat 0,control_change,1,,,,11,112,,,,,,B0 0B 70,control_change channel=0 control=11 value=112 time=0
998,2026-09-13T00:28:33.096+00:00,25.249125,0.015671,Chordcat 0,control_change,1,,,,11,104,,,,,,B0 0B 68,control_change channel=0 control=11 value=104 time=0
999,2026-09-13T00:28:33.109+00:00,25.262796,0.013671,Chordcat 0,control_change,1,,,,11,97,,,,,,B0 0B 61,control_change channel=0 control=11 value=97 time=0
1000,2026-09-13T00:28:33.124+00:00,25.277769,0.014973,Chordcat 0,control_change,1,,,,11,90,,,,,,B0 0B 5A,control_change channel=0 control=11 value=90 time=0
1001,2026-09-13T00:28:33.139+00:00,25.292828,0.015059,Chordcat 0,control_change,1,,,,11,84,,,,,,B0 0B 54,control_change channel=0 control=11 value=84 time=0
1002,2026-09-13T00:28:33.154+00:00,25.30733,0.014502,Chordcat 0,control_change,1,,,,11,79,,,,,,B0 0B 4F,control_change channel=0 control=11 value=79 time=0
1003,2026-09-13T00:28:33.168+00:00,25.321602,0.014272,Chordcat 0,control_change,1,,,,11,75,,,,,,B0 0B 4B,control_change channel=0 control=11 value=75 time=0
1004,2026-09-13T00:28:33.184+00:00,25.337244,0.015642,Chordcat 0,control_change,1,,,,11,71,,,,,,B0 0B 47,control_change channel=0 control=11 value=71 time=0
1005,2026-09-13T00:28:33.197+00:00,25.35067,0.013426,Chordcat 0,control_change,1,,,,11,68,,,,,,B0 0B 44,control_change channel=0 control=11 value=68 time=0
1006,2026-09-13T00:28:33.213+00:00,25.366147,0.015477,Chordcat 0,control_change,1,,,,11,66,,,,,,B0 0B 42,control_change channel=0 control=11 value=66 time=0
1007,2026-09-13T00:28:33.227+00:00,25.380815,0.014667,Chordcat 0,control_change,1,,,,11,64,,,,,,B0 0B 40,control_change channel=0 control=11 value=64 time=0
1008,2026-09-13T00:28:33.242+00:00,25.395672,0.014857,Chordcat 0,control_change,1,,,,11,63,,,,,,B0 0B 3F,control_change channel=0 control=11 value=63 time=0
1009,2026-09-13T00:28:33.270+00:00,25.424327,0.028655,Chordcat 0,control_change,1,,,,11,127,,,,,,B0 0B 7F,control_change channel=0 control=11 value=127 time=0
1010,2026-09-13T00:28:33.418+00:00,25.571659,0.147332,Chordcat 0,control_change,1,,,,11,121,,,,,,B0 0B 79,control_change channel=0 control=11 value=121 time=0
1011,2026-09-13T00:28:33.434+00:00,25.587331,0.015673,Chordcat 0,control_change,1,,,,11,112,,,,,,B0 0B 70,control_change channel=0 control=11 value=112 time=0
1012,2026-09-13T00:28:33.447+00:00,25.600366,0.013035,Chordcat 0,control_change,1,,,,11,104,,,,,,B0 0B 68,control_change channel=0 control=11 value=104 time=0
1013,2026-09-13T00:28:33.463+00:00,25.616137,0.015771,Chordcat 0,control_change,1,,,,11,97,,,,,,B0 0B 61,control_change channel=0 control=11 value=97 time=0
1014,2026-09-13T00:28:33.477+00:00,25.630388,0.014251,Chordcat 0,control_change,1,,,,11,90,,,,,,B0 0B 5A,control_change channel=0 control=11 value=90 time=0
1015,2026-09-13T00:28:33.492+00:00,25.645771,0.015383,Chordcat 0,control_change,1,,,,11,84,,,,,,B0 0B 54,control_change channel=0 control=11 value=84 time=0
1016,2026-09-13T00:28:33.507+00:00,25.660776,0.015005,Chordcat 0,control_change,1,,,,11,79,,,,,,B0 0B 4F,control_change channel=0 control=11 value=79 time=0
1017,2026-09-13T00:28:33.522+00:00,25.675261,0.014485,Chordcat 0,control_change,1,,,,11,75,,,,,,B0 0B 4B,control_change channel=0 control=11 value=75 time=0
1018,2026-09-13T00:28:33.536+00:00,25.689379,0.014117,Chordcat 0,control_change,1,,,,11,71,,,,,,B0 0B 47,control_change channel=0 control=11 value=71 time=0
1019,2026-09-13T00:28:33.551+00:00,25.704149,0.014771,Chordcat 0,control_change,1,,,,11,68,,,,,,B0 0B 44,control_change channel=0 control=11 value=68 time=0
1020,2026-09-13T00:28:33.565+00:00,25.71889,0.014741,Chordcat 0,control_change,1,,,,11,66,,,,,,B0 0B 42,control_change channel=0 control=11 value=66 time=0
1021,2026-09-13T00:28:33.580+00:00,25.733385,0.014495,Chordcat 0,control_change,1,,,,11,64,,,,,,B0 0B 40,control_change channel=0 control=11 value=64 time=0
1022,2026-09-13T00:28:33.595+00:00,25.748797,0.015413,Chordcat 0,control_change,1,,,,11,63,,,,,,B0 0B 3F,control_change channel=0 control=11 value=63 time=0
1023,2026-09-13T00:28:33.624+00:00,25.777415,0.028618,Chordcat 0,control_change,1,,,,11,127,,,,,,B0 0B 7F,control_change channel=0 control=11 value=127 time=0
1024,2026-09-13T00:28:33.771+00:00,25.92483,0.147415,Chordcat 0,control_change,1,,,,11,121,,,,,,B0 0B 79,control_change channel=0 control=11 value=121 time=0
1025,2026-09-13T00:28:33.786+00:00,25.939923,0.015093,Chordcat 0,control_change,1,,,,11,112,,,,,,B0 0B 70,control_change channel=0 control=11 value=112 time=0
1026,2026-09-13T00:28:33.801+00:00,25.954941,0.015018,Chordcat 0,control_change,1,,,,11,104,,,,,,B0 0B 68,control_change channel=0 control=11 value=104 time=0
1027,2026-09-13T00:28:33.815+00:00,25.968877,0.013937,Chordcat 0,control_change,1,,,,11,97,,,,,,B0 0B 61,control_change channel=0 control=11 value=97 time=0
1028,2026-09-13T00:28:33.830+00:00,25.983779,0.014902,Chordcat 0,control_change,1,,,,11,90,,,,,,B0 0B 5A,control_change channel=0 control=11 value=90 time=0
1029,2026-09-13T00:28:33.845+00:00,25.998896,0.015116,Chordcat 0,control_change,1,,,,11,84,,,,,,B0 0B 54,control_change channel=0 control=11 value=84 time=0
1030,2026-09-13T00:28:33.860+00:00,26.013557,0.014661,Chordcat 0,control_change,1,,,,11,79,,,,,,B0 0B 4F,control_change channel=0 control=11 value=79 time=0
1031,2026-09-13T00:28:33.874+00:00,26.027843,0.014286,Chordcat 0,control_change,1,,,,11,75,,,,,,B0 0B 4B,control_change channel=0 control=11 value=75 time=0
1032,2026-09-13T00:28:33.890+00:00,26.04355,0.015708,Chordcat 0,control_change,1,,,,11,71,,,,,,B0 0B 47,control_change channel=0 control=11 value=71 time=0
1033,2026-09-13T00:28:33.904+00:00,26.057359,0.013808,Chordcat 0,control_change,1,,,,11,68,,,,,,B0 0B 44,control_change channel=0 control=11 value=68 time=0
1034,2026-09-13T00:28:33.918+00:00,26.071506,0.014148,Chordcat 0,control_change,1,,,,11,66,,,,,,B0 0B 42,control_change channel=0 control=11 value=66 time=0
1035,2026-09-13T00:28:33.933+00:00,26.086586,0.015079,Chordcat 0,control_change,1,,,,11,64,,,,,,B0 0B 40,control_change channel=0 control=11 value=64 time=0
1036,2026-09-13T00:28:33.948+00:00,26.101456,0.01487,Chordcat 0,control_change,1,,,,11,63,,,,,,B0 0B 3F,control_change channel=0 control=11 value=63 time=0
1037,2026-09-13T00:28:33.977+00:00,26.131112,0.029656,Chordcat 0,control_change,1,,,,11,127,,,,,,B0 0B 7F,control_change channel=0 control=11 value=127 time=0
1038,2026-09-13T00:28:34.124+00:00,26.277772,0.146659,Chordcat 0,control_change,1,,,,11,121,,,,,,B0 0B 79,control_change channel=0 control=11 value=121 time=0
1039,2026-09-13T00:28:34.139+00:00,26.292753,0.014982,Chordcat 0,control_change,1,,,,11,112,,,,,,B0 0B 70,control_change channel=0 control=11 value=112 time=0
1040,2026-09-13T00:28:34.154+00:00,26.307692,0.014939,Chordcat 0,control_change,1,,,,11,104,,,,,,B0 0B 68,control_change channel=0 control=11 value=104 time=0
1041,2026-09-13T00:28:34.168+00:00,26.321781,0.01409,Chordcat 0,control_change,1,,,,11,97,,,,,,B0 0B 61,control_change channel=0 control=11 value=97 time=0
1042,2026-09-13T00:28:34.184+00:00,26.337137,0.015355,Chordcat 0,control_change,1,,,,11,90,,,,,,B0 0B 5A,control_change channel=0 control=11 value=90 time=0
1043,2026-09-13T00:28:34.199+00:00,26.352182,0.015045,Chordcat 0,control_change,1,,,,11,84,,,,,,B0 0B 54,control_change channel=0 control=11 value=84 time=0
1044,2026-09-13T00:28:34.212+00:00,26.365755,0.013573,Chordcat 0,control_change,1,,,,11,79,,,,,,B0 0B 4F,control_change channel=0 control=11 value=79 time=0
1045,2026-09-13T00:28:34.227+00:00,26.380754,0.015,Chordcat 0,control_change,1,,,,11,75,,,,,,B0 0B 4B,control_change channel=0 control=11 value=75 time=0
1046,2026-09-13T00:28:34.242+00:00,26.395535,0.014781,Chordcat 0,control_change,1,,,,11,71,,,,,,B0 0B 47,control_change channel=0 control=11 value=71 time=0
1047,2026-09-13T00:28:34.257+00:00,26.410658,0.015123,Chordcat 0,control_change,1,,,,11,68,,,,,,B0 0B 44,control_change channel=0 control=11 value=68 time=0
1048,2026-09-13T00:28:34.272+00:00,26.425193,0.014534,Chordcat 0,control_change,1,,,,11,66,,,,,,B0 0B 42,control_change channel=0 control=11 value=66 time=0
1049,2026-09-13T00:28:34.287+00:00,26.440233,0.01504,Chordcat 0,control_change,1,,,,11,64,,,,,,B0 0B 40,control_change channel=0 control=11 value=64 time=0
1050,2026-09-13T00:28:34.301+00:00,26.455056,0.014823,Chordcat 0,control_change,1,,,,11,63,,,,,,B0 0B 3F,control_change channel=0 control=11 value=63 time=0
1051,2026-09-13T00:28:34.330+00:00,26.483791,0.028735,Chordcat 0,control_change,1,,,,11,127,,,,,,B0 0B 7F,control_change channel=0 control=11 value=127 time=0
1052,2026-09-13T00:28:34.477+00:00,26.63042,0.146628,Chordcat 0,control_change,1,,,,11,121,,,,,,B0 0B 79,control_change channel=0 control=11 value=121 time=0
1053,2026-09-13T00:28:34.492+00:00,26.645804,0.015384,Chordcat 0,control_change,1,,,,11,112,,,,,,B0 0B 70,control_change channel=0 control=11 value=112 time=0
1054,2026-09-13T00:28:34.507+00:00,26.661052,0.015248,Chordcat 0,control_change,1,,,,11,104,,,,,,B0 0B 68,control_change channel=0 control=11 value=104 time=0
1055,2026-09-13T00:28:34.521+00:00,26.674238,0.013186,Chordcat 0,control_change,1,,,,11,97,,,,,,B0 0B 61,control_change channel=0 control=11 value=97 time=0
1056,2026-09-13T00:28:34.536+00:00,26.689536,0.015298,Chordcat 0,control_change,1,,,,11,90,,,,,,B0 0B 5A,control_change channel=0 control=11 value=90 time=0
1057,2026-09-13T00:28:34.551+00:00,26.704769,0.015233,Chordcat 0,control_change,1,,,,11,84,,,,,,B0 0B 54,control_change channel=0 control=11 value=84 time=0
1058,2026-09-13T00:28:34.567+00:00,26.720243,0.015475,Chordcat 0,control_change,1,,,,11,79,,,,,,B0 0B 4F,control_change channel=0 control=11 value=79 time=0
1059,2026-09-13T00:28:34.580+00:00,26.73372,0.013477,Chordcat 0,control_change,1,,,,11,75,,,,,,B0 0B 4B,control_change channel=0 control=11 value=75 time=0
1060,2026-09-13T00:28:34.595+00:00,26.748771,0.015051,Chordcat 0,control_change,1,,,,11,71,,,,,,B0 0B 47,control_change channel=0 control=11 value=71 time=0
1061,2026-09-13T00:28:34.610+00:00,26.763411,0.01464,Chordcat 0,control_change,1,,,,11,68,,,,,,B0 0B 44,control_change channel=0 control=11 value=68 time=0
1062,2026-09-13T00:28:34.624+00:00,26.778082,0.014671,Chordcat 0,control_change,1,,,,11,66,,,,,,B0 0B 42,control_change channel=0 control=11 value=66 time=0
1063,2026-09-13T00:28:34.639+00:00,26.792682,0.0146,Chordcat 0,control_change,1,,,,11,64,,,,,,B0 0B 40,control_change channel=0 control=11 value=64 time=0
1064,2026-09-13T00:28:34.654+00:00,26.807787,0.015105,Chordcat 0,control_change,1,,,,11,63,,,,,,B0 0B 3F,control_change channel=0 control=11 value=63 time=0
1065,2026-09-13T00:28:34.683+00:00,26.836296,0.028509,Chordcat 0,control_change,1,,,,11,127,,,,,,B0 0B 7F,control_change channel=0 control=11 value=127 time=0
1066,2026-09-13T00:28:34.830+00:00,26.983815,0.14752,Chordcat 0,control_change,1,,,,11,121,,,,,,B0 0B 79,control_change channel=0 control=11 value=121 time=0
1067,2026-09-13T00:28:34.845+00:00,26.998332,0.014517,Chordcat 0,control_change,1,,,,11,112,,,,,,B0 0B 70,control_change channel=0 control=11 value=112 time=0
1068,2026-09-13T00:28:34.860+00:00,27.014016,0.015684,Chordcat 0,control_change,1,,,,11,104,,,,,,B0 0B 68,control_change channel=0 control=11 value=104 time=0
1069,2026-09-13T00:28:34.874+00:00,27.027752,0.013736,Chordcat 0,control_change,1,,,,11,97,,,,,,B0 0B 61,control_change channel=0 control=11 value=97 time=0
1070,2026-09-13T00:28:34.890+00:00,27.043335,0.015583,Chordcat 0,control_change,1,,,,11,90,,,,,,B0 0B 5A,control_change channel=0 control=11 value=90 time=0
1071,2026-09-13T00:28:34.904+00:00,27.057945,0.01461,Chordcat 0,control_change,1,,,,11,84,,,,,,B0 0B 54,control_change channel=0 control=11 value=84 time=0
1072,2026-09-13T00:28:34.919+00:00,27.072918,0.014973,Chordcat 0,control_change,1,,,,11,79,,,,,,B0 0B 4F,control_change channel=0 control=11 value=79 time=0
1073,2026-09-13T00:28:34.933+00:00,27.087102,0.014183,Chordcat 0,control_change,1,,,,11,75,,,,,,B0 0B 4B,control_change channel=0 control=11 value=75 time=0
1074,2026-09-13T00:28:34.948+00:00,27.10181,0.014708,Chordcat 0,control_change,1,,,,11,71,,,,,,B0 0B 47,control_change channel=0 control=11 value=71 time=0
1075,2026-09-13T00:28:34.963+00:00,27.116303,0.014493,Chordcat 0,control_change,1,,,,11,68,,,,,,B0 0B 44,control_change channel=0 control=11 value=68 time=0
1076,2026-09-13T00:28:34.977+00:00,27.130545,0.014242,Chordcat 0,control_change,1,,,,11,66,,,,,,B0 0B 42,control_change channel=0 control=11 value=66 time=0
1077,2026-09-13T00:28:34.992+00:00,27.145826,0.015282,Chordcat 0,control_change,1,,,,11,64,,,,,,B0 0B 40,control_change channel=0 control=11 value=64 time=0
1078,2026-09-13T00:28:35.007+00:00,27.160301,0.014475,Chordcat 0,control_change,1,,,,11,63,,,,,,B0 0B 3F,control_change channel=0 control=11 value=63 time=0
1079,2026-09-13T00:28:35.036+00:00,27.189861,0.02956,Chordcat 0,control_change,1,,,,11,127,,,,,,B0 0B 7F,control_change channel=0 control=11 value=127 time=0
1080,2026-09-13T00:28:35.183+00:00,27.336537,0.146676,Chordcat 0,control_change,1,,,,11,121,,,,,,B0 0B 79,control_change channel=0 control=11 value=121 time=0
1081,2026-09-13T00:28:35.198+00:00,27.352066,0.015529,Chordcat 0,control_change,1,,,,11,112,,,,,,B0 0B 70,control_change channel=0 control=11 value=112 time=0
1082,2026-09-13T00:28:35.213+00:00,27.367124,0.015059,Chordcat 0,control_change,1,,,,11,104,,,,,,B0 0B 68,control_change channel=0 control=11 value=104 time=0
1083,2026-09-13T00:28:35.227+00:00,27.380573,0.013449,Chordcat 0,control_change,1,,,,11,97,,,,,,B0 0B 61,control_change channel=0 control=11 value=97 time=0
1084,2026-09-13T00:28:35.242+00:00,27.39543,0.014857,Chordcat 0,control_change,1,,,,11,90,,,,,,B0 0B 5A,control_change channel=0 control=11 value=90 time=0
1085,2026-09-13T00:28:35.257+00:00,27.410396,0.014967,Chordcat 0,control_change,1,,,,11,84,,,,,,B0 0B 54,control_change channel=0 control=11 value=84 time=0
1086,2026-09-13T00:28:35.271+00:00,27.424495,0.014099,Chordcat 0,control_change,1,,,,11,79,,,,,,B0 0B 4F,control_change channel=0 control=11 value=79 time=0
1087,2026-09-13T00:28:35.286+00:00,27.439589,0.015094,Chordcat 0,control_change,1,,,,11,75,,,,,,B0 0B 4B,control_change channel=0 control=11 value=75 time=0
1088,2026-09-13T00:28:35.302+00:00,27.455409,0.01582,Chordcat 0,control_change,1,,,,11,71,,,,,,B0 0B 47,control_change channel=0 control=11 value=71 time=0
1089,2026-09-13T00:28:35.316+00:00,27.469512,0.014103,Chordcat 0,control_change,1,,,,11,68,,,,,,B0 0B 44,control_change channel=0 control=11 value=68 time=0
1090,2026-09-13T00:28:35.331+00:00,27.484151,0.014639,Chordcat 0,control_change,1,,,,11,66,,,,,,B0 0B 42,control_change channel=0 control=11 value=66 time=0
1091,2026-09-13T00:28:35.345+00:00,27.49845,0.014299,Chordcat 0,control_change,1,,,,11,64,,,,,,B0 0B 40,control_change channel=0 control=11 value=64 time=0
1092,2026-09-13T00:28:35.360+00:00,27.514057,0.015607,Chordcat 0,control_change,1,,,,11,63,,,,,,B0 0B 3F,control_change channel=0 control=11 value=63 time=0
1093,2026-09-13T00:28:35.390+00:00,27.543624,0.029567,Chordcat 0,control_change,1,,,,11,127,,,,,,B0 0B 7F,control_change channel=0 control=11 value=127 time=0
1094,2026-09-13T00:28:35.536+00:00,27.689808,0.146185,Chordcat 0,control_change,1,,,,11,121,,,,,,B0 0B 79,control_change channel=0 control=11 value=121 time=0
1095,2026-09-13T00:28:35.552+00:00,27.705433,0.015625,Chordcat 0,control_change,1,,,,11,112,,,,,,B0 0B 70,control_change channel=0 control=11 value=112 time=0
1096,2026-09-13T00:28:35.567+00:00,27.720141,0.014708,Chordcat 0,control_change,1,,,,11,104,,,,,,B0 0B 68,control_change channel=0 control=11 value=104 time=0
1097,2026-09-13T00:28:35.582+00:00,27.735378,0.015237,Chordcat 0,control_change,1,,,,11,97,,,,,,B0 0B 61,control_change channel=0 control=11 value=97 time=0
1098,2026-09-13T00:28:35.596+00:00,27.749178,0.0138,Chordcat 0,control_change,1,,,,11,90,,,,,,B0 0B 5A,control_change channel=0 control=11 value=90 time=0
1099,2026-09-13T00:28:35.611+00:00,27.76453,0.015352,Chordcat 0,control_change,1,,,,11,84,,,,,,B0 0B 54,control_change channel=0 control=11 value=84 time=0
1100,2026-09-13T00:28:35.625+00:00,27.779024,0.014494,Chordcat 0,control_change,1,,,,11,79,,,,,,B0 0B 4F,control_change channel=0 control=11 value=79 time=0
1101,2026-09-13T00:28:35.639+00:00,27.792796,0.013772,Chordcat 0,control_change,1,,,,11,75,,,,,,B0 0B 4B,control_change channel=0 control=11 value=75 time=0
1102,2026-09-13T00:28:35.654+00:00,27.807768,0.014972,Chordcat 0,control_change,1,,,,11,71,,,,,,B0 0B 47,control_change channel=0 control=11 value=71 time=0
1103,2026-09-13T00:28:35.669+00:00,27.822469,0.014701,Chordcat 0,control_change,1,,,,11,68,,,,,,B0 0B 44,control_change channel=0 control=11 value=68 time=0
1104,2026-09-13T00:28:35.683+00:00,27.836493,0.014024,Chordcat 0,control_change,1,,,,11,66,,,,,,B0 0B 42,control_change channel=0 control=11 value=66 time=0
1105,2026-09-13T00:28:35.699+00:00,27.852179,0.015687,Chordcat 0,control_change,1,,,,11,64,,,,,,B0 0B 40,control_change channel=0 control=11 value=64 time=0
1106,2026-09-13T00:28:35.713+00:00,27.86666,0.01448,Chordcat 0,control_change,1,,,,11,63,,,,,,B0 0B 3F,control_change channel=0 control=11 value=63 time=0
1107,2026-09-13T00:28:35.743+00:00,27.896142,0.029482,Chordcat 0,control_change,1,,,,11,127,,,,,,B0 0B 7F,control_change channel=0 control=11 value=127 time=0
1108,2026-09-13T00:28:35.889+00:00,28.042866,0.146724,Chordcat 0,control_change,1,,,,11,121,,,,,,B0 0B 79,control_change channel=0 control=11 value=121 time=0
1109,2026-09-13T00:28:35.904+00:00,28.057527,0.014661,Chordcat 0,control_change,1,,,,11,112,,,,,,B0 0B 70,control_change channel=0 control=11 value=112 time=0
1110,2026-09-13T00:28:35.920+00:00,28.07335,0.015823,Chordcat 0,control_change,1,,,,11,104,,,,,,B0 0B 68,control_change channel=0 control=11 value=104 time=0
1111,2026-09-13T00:28:35.933+00:00,28.086842,0.013491,Chordcat 0,control_change,1,,,,11,97,,,,,,B0 0B 61,control_change channel=0 control=11 value=97 time=0
1112,2026-09-13T00:28:35.948+00:00,28.101457,0.014615,Chordcat 0,control_change,1,,,,11,90,,,,,,B0 0B 5A,control_change channel=0 control=11 value=90 time=0
1113,2026-09-13T00:28:35.964+00:00,28.117214,0.015757,Chordcat 0,control_change,1,,,,11,84,,,,,,B0 0B 54,control_change channel=0 control=11 value=84 time=0
1114,2026-09-13T00:28:35.978+00:00,28.131655,0.014441,Chordcat 0,control_change,1,,,,11,79,,,,,,B0 0B 4F,control_change channel=0 control=11 value=79 time=0
1115,2026-09-13T00:28:35.992+00:00,28.145515,0.01386,Chordcat 0,control_change,1,,,,11,75,,,,,,B0 0B 4B,control_change channel=0 control=11 value=75 time=0
1116,2026-09-13T00:28:36.007+00:00,28.160261,0.014745,Chordcat 0,control_change,1,,,,11,71,,,,,,B0 0B 47,control_change channel=0 control=11 value=71 time=0
1117,2026-09-13T00:28:36.022+00:00,28.175523,0.015262,Chordcat 0,control_change,1,,,,11,68,,,,,,B0 0B 44,control_change channel=0 control=11 value=68 time=0
1118,2026-09-13T00:28:36.036+00:00,28.189249,0.013726,Chordcat 0,control_change,1,,,,11,66,,,,,,B0 0B 42,control_change channel=0 control=11 value=66 time=0
1119,2026-09-13T00:28:36.052+00:00,28.205259,0.01601,Chordcat 0,control_change,1,,,,11,64,,,,,,B0 0B 40,control_change channel=0 control=11 value=64 time=0
1120,2026-09-13T00:28:36.066+00:00,28.219404,0.014145,Chordcat 0,control_change,1,,,,11,63,,,,,,B0 0B 3F,control_change channel=0 control=11 value=63 time=0
1121,2026-09-13T00:28:36.095+00:00,28.248685,0.029282,Chordcat 0,control_change,1,,,,11,127,,,,,,B0 0B 7F,control_change channel=0 control=11 value=127 time=0
1122,2026-09-13T00:28:36.242+00:00,28.396024,0.147338,Chordcat 0,control_change,1,,,,11,121,,,,,,B0 0B 79,control_change channel=0 control=11 value=121 time=0
1123,2026-09-13T00:28:36.257+00:00,28.410444,0.01442,Chordcat 0,control_change,1,,,,11,112,,,,,,B0 0B 70,control_change channel=0 control=11 value=112 time=0
1124,2026-09-13T00:28:36.272+00:00,28.425477,0.015033,Chordcat 0,control_change,1,,,,11,104,,,,,,B0 0B 68,control_change channel=0 control=11 value=104 time=0
1125,2026-09-13T00:28:36.286+00:00,28.43948,0.014002,Chordcat 0,control_change,1,,,,11,97,,,,,,B0 0B 61,control_change channel=0 control=11 value=97 time=0
1126,2026-09-13T00:28:36.301+00:00,28.454297,0.014817,Chordcat 0,control_change,1,,,,11,90,,,,,,B0 0B 5A,control_change channel=0 control=11 value=90 time=0
1127,2026-09-13T00:28:36.316+00:00,28.469852,0.015555,Chordcat 0,control_change,1,,,,11,84,,,,,,B0 0B 54,control_change channel=0 control=11 value=84 time=0
1128,2026-09-13T00:28:36.331+00:00,28.484855,0.015004,Chordcat 0,control_change,1,,,,11,79,,,,,,B0 0B 4F,control_change channel=0 control=11 value=79 time=0
1129,2026-09-13T00:28:36.345+00:00,28.498319,0.013464,Chordcat 0,control_change,1,,,,11,75,,,,,,B0 0B 4B,control_change channel=0 control=11 value=75 time=0
1130,2026-09-13T00:28:36.360+00:00,28.513521,0.015202,Chordcat 0,control_change,1,,,,11,71,,,,,,B0 0B 47,control_change channel=0 control=11 value=71 time=0
1131,2026-09-13T00:28:36.375+00:00,28.528662,0.015141,Chordcat 0,control_change,1,,,,11,68,,,,,,B0 0B 44,control_change channel=0 control=11 value=68 time=0
1132,2026-09-13T00:28:36.390+00:00,28.544095,0.015433,Chordcat 0,control_change,1,,,,11,66,,,,,,B0 0B 42,control_change channel=0 control=11 value=66 time=0
1133,2026-09-13T00:28:36.404+00:00,28.557651,0.013556,Chordcat 0,control_change,1,,,,11,64,,,,,,B0 0B 40,control_change channel=0 control=11 value=64 time=0
1134,2026-09-13T00:28:36.419+00:00,28.572975,0.015324,Chordcat 0,control_change,1,,,,11,63,,,,,,B0 0B 3F,control_change channel=0 control=11 value=63 time=0
1135,2026-09-13T00:28:36.448+00:00,28.601865,0.02889,Chordcat 0,control_change,1,,,,11,127,,,,,,B0 0B 7F,control_change channel=0 control=11 value=127 time=0
1136,2026-09-13T00:28:36.596+00:00,28.749274,0.147409,Chordcat 0,control_change,1,,,,11,120,,,,,,B0 0B 78,control_change channel=0 control=11 value=120 time=0
1137,2026-09-13T00:28:36.611+00:00,28.764361,0.015087,Chordcat 0,control_change,1,,,,11,112,,,,,,B0 0B 70,control_change channel=0 control=11 value=112 time=0
1138,2026-09-13T00:28:36.625+00:00,28.778254,0.013893,Chordcat 0,control_change,1,,,,11,104,,,,,,B0 0B 68,control_change channel=0 control=11 value=104 time=0
1139,2026-09-13T00:28:36.641+00:00,28.794377,0.016123,Chordcat 0,control_change,1,,,,11,96,,,,,,B0 0B 60,control_change channel=0 control=11 value=96 time=0
1140,2026-09-13T00:28:36.654+00:00,28.807625,0.013248,Chordcat 0,control_change,1,,,,11,90,,,,,,B0 0B 5A,control_change channel=0 control=11 value=90 time=0
1141,2026-09-13T00:28:36.670+00:00,28.82326,0.015635,Chordcat 0,control_change,1,,,,11,84,,,,,,B0 0B 54,control_change channel=0 control=11 value=84 time=0
1142,2026-09-13T00:28:36.684+00:00,28.837467,0.014207,Chordcat 0,control_change,1,,,,11,79,,,,,,B0 0B 4F,control_change channel=0 control=11 value=79 time=0
1143,2026-09-13T00:28:36.698+00:00,28.851599,0.014133,Chordcat 0,control_change,1,,,,11,75,,,,,,B0 0B 4B,control_change channel=0 control=11 value=75 time=0
1144,2026-09-13T00:28:36.713+00:00,28.866803,0.015203,Chordcat 0,control_change,1,,,,11,71,,,,,,B0 0B 47,control_change channel=0 control=11 value=71 time=0
1145,2026-09-13T00:28:36.728+00:00,28.882059,0.015256,Chordcat 0,control_change,1,,,,11,68,,,,,,B0 0B 44,control_change channel=0 control=11 value=68 time=0
1146,2026-09-13T00:28:36.743+00:00,28.896794,0.014735,Chordcat 0,control_change,1,,,,11,65,,,,,,B0 0B 41,control_change channel=0 control=11 value=65 time=0
1147,2026-09-13T00:28:36.757+00:00,28.910654,0.01386,Chordcat 0,control_change,1,,,,11,64,,,,,,B0 0B 40,control_change channel=0 control=11 value=64 time=0
1148,2026-09-13T00:28:36.772+00:00,28.925464,0.01481,Chordcat 0,control_change,1,,,,11,63,,,,,,B0 0B 3F,control_change channel=0 control=11 value=63 time=0
1149,2026-09-13T00:28:36.801+00:00,28.95429,0.028826,Chordcat 0,control_change,1,,,,11,127,,,,,,B0 0B 7F,control_change channel=0 control=11 value=127 time=0
1150,2026-09-13T00:28:36.948+00:00,29.101215,0.146925,Chordcat 0,control_change,1,,,,11,121,,,,,,B0 0B 79,control_change channel=0 control=11 value=121 time=0
1151,2026-09-13T00:28:36.963+00:00,29.116485,0.015271,Chordcat 0,control_change,1,,,,11,112,,,,,,B0 0B 70,control_change channel=0 control=11 value=112 time=0
1152,2026-09-13T00:28:36.978+00:00,29.131983,0.015498,Chordcat 0,control_change,1,,,,11,104,,,,,,B0 0B 68,control_change channel=0 control=11 value=104 time=0
1153,2026-09-13T00:28:36.993+00:00,29.147052,0.015068,Chordcat 0,control_change,1,,,,11,96,,,,,,B0 0B 60,control_change channel=0 control=11 value=96 time=0
1154,2026-09-13T00:28:37.008+00:00,29.161153,0.014101,Chordcat 0,control_change,1,,,,11,90,,,,,,B0 0B 5A,control_change channel=0 control=11 value=90 time=0
1155,2026-09-13T00:28:37.022+00:00,29.175808,0.014655,Chordcat 0,control_change,1,,,,11,84,,,,,,B0 0B 54,control_change channel=0 control=11 value=84 time=0
1156,2026-09-13T00:28:37.037+00:00,29.190329,0.014521,Chordcat 0,control_change,1,,,,11,79,,,,,,B0 0B 4F,control_change channel=0 control=11 value=79 time=0
1157,2026-09-13T00:28:37.051+00:00,29.204312,0.013983,Chordcat 0,control_change,1,,,,11,75,,,,,,B0 0B 4B,control_change channel=0 control=11 value=75 time=0
1158,2026-09-13T00:28:37.067+00:00,29.220187,0.015874,Chordcat 0,control_change,1,,,,11,71,,,,,,B0 0B 47,control_change channel=0 control=11 value=71 time=0
1159,2026-09-13T00:28:37.081+00:00,29.234769,0.014582,Chordcat 0,control_change,1,,,,11,68,,,,,,B0 0B 44,control_change channel=0 control=11 value=68 time=0
1160,2026-09-13T00:28:37.096+00:00,29.249506,0.014737,Chordcat 0,control_change,1,,,,11,65,,,,,,B0 0B 41,control_change channel=0 control=11 value=65 time=0
1161,2026-09-13T00:28:37.110+00:00,29.263249,0.013743,Chordcat 0,control_change,1,,,,11,64,,,,,,B0 0B 40,control_change channel=0 control=11 value=64 time=0
1162,2026-09-13T00:28:37.125+00:00,29.278354,0.015106,Chordcat 0,control_change,1,,,,11,63,,,,,,B0 0B 3F,control_change channel=0 control=11 value=63 time=0
1163,2026-09-13T00:28:37.154+00:00,29.307375,0.029021,Chordcat 0,control_change,1,,,,11,127,,,,,,B0 0B 7F,control_change channel=0 control=11 value=127 time=0
1164,2026-09-13T00:28:37.301+00:00,29.454306,0.146931,Chordcat 0,control_change,1,,,,11,121,,,,,,B0 0B 79,control_change channel=0 control=11 value=121 time=0
1165,2026-09-13T00:28:37.317+00:00,29.470274,0.015968,Chordcat 0,control_change,1,,,,11,112,,,,,,B0 0B 70,control_change channel=0 control=11 value=112 time=0
1166,2026-09-13T00:28:37.331+00:00,29.484904,0.01463,Chordcat 0,control_change,1,,,,11,104,,,,,,B0 0B 68,control_change channel=0 control=11 value=104 time=0
1167,2026-09-13T00:28:37.346+00:00,29.499631,0.014727,Chordcat 0,control_change,1,,,,11,97,,,,,,B0 0B 61,control_change channel=0 control=11 value=97 time=0
1168,2026-09-13T00:28:37.360+00:00,29.513972,0.014341,Chordcat 0,control_change,1,,,,11,90,,,,,,B0 0B 5A,control_change channel=0 control=11 value=90 time=0
1169,2026-09-13T00:28:37.375+00:00,29.528515,0.014542,Chordcat 0,control_change,1,,,,11,84,,,,,,B0 0B 54,control_change channel=0 control=11 value=84 time=0
1170,2026-09-13T00:28:37.390+00:00,29.544074,0.015559,Chordcat 0,control_change,1,,,,11,79,,,,,,B0 0B 4F,control_change channel=0 control=11 value=79 time=0
1171,2026-09-13T00:28:37.406+00:00,29.559208,0.015134,Chordcat 0,control_change,1,,,,11,75,,,,,,B0 0B 4B,control_change channel=0 control=11 value=75 time=0
1172,2026-09-13T00:28:37.420+00:00,29.573522,0.014315,Chordcat 0,control_change,1,,,,11,71,,,,,,B0 0B 47,control_change channel=0 control=11 value=71 time=0
1173,2026-09-13T00:28:37.434+00:00,29.587965,0.014443,Chordcat 0,control_change,1,,,,11,68,,,,,,B0 0B 44,control_change channel=0 control=11 value=68 time=0
1174,2026-09-13T00:28:37.449+00:00,29.602168,0.014203,Chordcat 0,control_change,1,,,,11,66,,,,,,B0 0B 42,control_change channel=0 control=11 value=66 time=0
1175,2026-09-13T00:28:37.463+00:00,29.61684,0.014673,Chordcat 0,control_change,1,,,,11,64,,,,,,B0 0B 40,control_change channel=0 control=11 value=64 time=0
1176,2026-09-13T00:28:37.478+00:00,29.631247,0.014406,Chordcat 0,control_change,1,,,,11,63,,,,,,B0 0B 3F,control_change channel=0 control=11 value=63 time=0
1177,2026-09-13T00:28:37.508+00:00,29.661279,0.030032,Chordcat 0,control_change,1,,,,11,127,,,,,,B0 0B 7F,control_change channel=0 control=11 value=127 time=0
1178,2026-09-13T00:28:37.655+00:00,29.80844,0.147161,Chordcat 0,control_change,1,,,,11,121,,,,,,B0 0B 79,control_change channel=0 control=11 value=121 time=0
1179,2026-09-13T00:28:37.669+00:00,29.823008,0.014568,Chordcat 0,control_change,1,,,,11,112,,,,,,B0 0B 70,control_change channel=0 control=11 value=112 time=0
1180,2026-09-13T00:28:37.684+00:00,29.837651,0.014643,Chordcat 0,control_change,1,,,,11,104,,,,,,B0 0B 68,control_change channel=0 control=11 value=104 time=0
1181,2026-09-13T00:28:37.700+00:00,29.853583,0.015932,Chordcat 0,control_change,1,,,,11,97,,,,,,B0 0B 61,control_change channel=0 control=11 value=97 time=0
1182,2026-09-13T00:28:37.713+00:00,29.866996,0.013413,Chordcat 0,control_change,1,,,,11,91,,,,,,B0 0B 5B,control_change channel=0 control=11 value=91 time=0
1183,2026-09-13T00:28:37.728+00:00,29.881659,0.014663,Chordcat 0,control_change,1,,,,11,85,,,,,,B0 0B 55,control_change channel=0 control=11 value=85 time=0
1184,2026-09-13T00:28:37.744+00:00,29.897271,0.015611,Chordcat 0,control_change,1,,,,11,79,,,,,,B0 0B 4F,control_change channel=0 control=11 value=79 time=0
1185,2026-09-13T00:28:37.758+00:00,29.91194,0.01467,Chordcat 0,control_change,1,,,,11,75,,,,,,B0 0B 4B,control_change channel=0 control=11 value=75 time=0
1186,2026-09-13T00:28:37.772+00:00,29.925272,0.013331,Chordcat 0,control_change,1,,,,11,71,,,,,,B0 0B 47,control_change channel=0 control=11 value=71 time=0
1187,2026-09-13T00:28:37.787+00:00,29.94044,0.015169,Chordcat 0,control_change,1,,,,11,68,,,,,,B0 0B 44,control_change channel=0 control=11 value=68 time=0
1188,2026-09-13T00:28:37.802+00:00,29.955982,0.015541,Chordcat 0,control_change,1,,,,11,66,,,,,,B0 0B 42,control_change channel=0 control=11 value=66 time=0
1189,2026-09-13T00:28:37.815+00:00,29.969192,0.01321,Chordcat 0,control_change,1,,,,11,64,,,,,,B0 0B 40,control_change channel=0 control=11 value=64 time=0
1190,2026-09-13T00:28:37.831+00:00,29.984802,0.01561,Chordcat 0,control_change,1,,,,11,63,,,,,,B0 0B 3F,control_change channel=0 control=11 value=63 time=0
1191,2026-09-13T00:28:37.861+00:00,30.014182,0.02938,Chordcat 0,control_change,1,,,,11,127,,,,,,B0 0B 7F,control_change channel=0 control=11 value=127 time=0
1192,2026-09-13T00:28:38.008+00:00,30.161389,0.147207,Chordcat 0,control_change,1,,,,11,120,,,,,,B0 0B 78,control_change channel=0 control=11 value=120 time=0
1193,2026-09-13T00:28:38.022+00:00,30.175519,0.01413,Chordcat 0,control_change,1,,,,11,112,,,,,,B0 0B 70,control_change channel=0 control=11 value=112 time=0
1194,2026-09-13T00:28:38.037+00:00,30.190275,0.014756,Chordcat 0,control_change,1,,,,11,104,,,,,,B0 0B 68,control_change channel=0 control=11 value=104 time=0
1195,2026-09-13T00:28:38.052+00:00,30.20545,0.015176,Chordcat 0,control_change,1,,,,11,96,,,,,,B0 0B 60,control_change channel=0 control=11 value=96 time=0
1196,2026-09-13T00:28:38.066+00:00,30.219267,0.013817,Chordcat 0,control_change,1,,,,11,90,,,,,,B0 0B 5A,control_change channel=0 control=11 value=90 time=0
1197,2026-09-13T00:28:38.081+00:00,30.23469,0.015422,Chordcat 0,control_change,1,,,,11,84,,,,,,B0 0B 54,control_change channel=0 control=11 value=84 time=0
1198,2026-09-13T00:28:38.096+00:00,30.249261,0.014572,Chordcat 0,control_change,1,,,,11,79,,,,,,B0 0B 4F,control_change channel=0 control=11 value=79 time=0
1199,2026-09-13T00:28:38.111+00:00,30.264439,0.015178,Chordcat 0,control_change,1,,,,11,75,,,,,,B0 0B 4B,control_change channel=0 control=11 value=75 time=0
1200,2026-09-13T00:28:38.125+00:00,30.278392,0.013953,Chordcat 0,control_change,1,,,,11,71,,,,,,B0 0B 47,control_change channel=0 control=11 value=71 time=0
1201,2026-09-13T00:28:38.140+00:00,30.294099,0.015707,Chordcat 0,control_change,1,,,,11,68,,,,,,B0 0B 44,control_change channel=0 control=11 value=68 time=0
1202,2026-09-13T00:28:38.156+00:00,30.309172,0.015072,Chordcat 0,control_change,1,,,,11,65,,,,,,B0 0B 41,control_change channel=0 control=11 value=65 time=0
1203,2026-09-13T00:28:38.170+00:00,30.32362,0.014448,Chordcat 0,control_change,1,,,,11,64,,,,,,B0 0B 40,control_change channel=0 control=11 value=64 time=0
1204,2026-09-13T00:28:38.185+00:00,30.33835,0.01473,Chordcat 0,control_change,1,,,,11,63,,,,,,B0 0B 3F,control_change channel=0 control=11 value=63 time=0
1205,2026-09-13T00:28:38.213+00:00,30.366933,0.028584,Chordcat 0,control_change,1,,,,11,127,,,,,,B0 0B 7F,control_change channel=0 control=11 value=127 time=0
1206,2026-09-13T00:28:38.360+00:00,30.514231,0.147298,Chordcat 0,control_change,1,,,,11,120,,,,,,B0 0B 78,control_change channel=0 control=11 value=120 time=0
1207,2026-09-13T00:28:38.375+00:00,30.528236,0.014005,Chordcat 0,control_change,1,,,,11,112,,,,,,B0 0B 70,control_change channel=0 control=11 value=112 time=0
1208,2026-09-13T00:28:38.390+00:00,30.543616,0.01538,Chordcat 0,control_change,1,,,,11,104,,,,,,B0 0B 68,control_change channel=0 control=11 value=104 time=0
1209,2026-09-13T00:28:38.405+00:00,30.5584,0.014784,Chordcat 0,control_change,1,,,,11,97,,,,,,B0 0B 61,control_change channel=0 control=11 value=97 time=0
1210,2026-09-13T00:28:38.420+00:00,30.573386,0.014986,Chordcat 0,control_change,1,,,,11,90,,,,,,B0 0B 5A,control_change channel=0 control=11 value=90 time=0
1211,2026-09-13T00:28:38.435+00:00,30.588211,0.014824,Chordcat 0,control_change,1,,,,11,84,,,,,,B0 0B 54,control_change channel=0 control=11 value=84 time=0
1212,2026-09-13T00:28:38.449+00:00,30.602802,0.014592,Chordcat 0,control_change,1,,,,11,79,,,,,,B0 0B 4F,control_change channel=0 control=11 value=79 time=0
1213,2026-09-13T00:28:38.464+00:00,30.617277,0.014474,Chordcat 0,control_change,1,,,,11,75,,,,,,B0 0B 4B,control_change channel=0 control=11 value=75 time=0
1214,2026-09-13T00:28:38.479+00:00,30.632399,0.015123,Chordcat 0,control_change,1,,,,11,71,,,,,,B0 0B 47,control_change channel=0 control=11 value=71 time=0
1215,2026-09-13T00:28:38.492+00:00,30.646224,0.013825,Chordcat 0,control_change,1,,,,11,68,,,,,,B0 0B 44,control_change channel=0 control=11 value=68 time=0
1216,2026-09-13T00:28:38.508+00:00,30.661362,0.015137,Chordcat 0,control_change,1,,,,11,66,,,,,,B0 0B 42,control_change channel=0 control=11 value=66 time=0
1217,2026-09-13T00:28:38.522+00:00,30.675256,0.013894,Chordcat 0,control_change,1,,,,11,64,,,,,,B0 0B 40,control_change channel=0 control=11 value=64 time=0
1218,2026-09-13T00:28:38.537+00:00,30.690664,0.015408,Chordcat 0,control_change,1,,,,11,63,,,,,,B0 0B 3F,control_change channel=0 control=11 value=63 time=0
1219,2026-09-13T00:28:38.567+00:00,30.720705,0.030042,Chordcat 0,control_change,1,,,,11,127,,,,,,B0 0B 7F,control_change channel=0 control=11 value=127 time=0
1220,2026-09-13T00:28:38.715+00:00,30.86829,0.147585,Chordcat 0,control_change,1,,,,11,121,,,,,,B0 0B 79,control_change channel=0 control=11 value=121 time=0
1221,2026-09-13T00:28:38.728+00:00,30.881881,0.013591,Chordcat 0,control_change,1,,,,11,112,,,,,,B0 0B 70,control_change channel=0 control=11 value=112 time=0
1222,2026-09-13T00:28:38.743+00:00,30.896325,0.014443,Chordcat 0,control_change,1,,,,11,104,,,,,,B0 0B 68,control_change channel=0 control=11 value=104 time=0
1223,2026-09-13T00:28:38.759+00:00,30.912561,0.016236,Chordcat 0,control_change,1,,,,11,97,,,,,,B0 0B 61,control_change channel=0 control=11 value=97 time=0
1224,2026-09-13T00:28:38.772+00:00,30.925345,0.012784,Chordcat 0,control_change,1,,,,11,91,,,,,,B0 0B 5B,control_change channel=0 control=11 value=91 time=0
1225,2026-09-13T00:28:38.787+00:00,30.940569,0.015223,Chordcat 0,control_change,1,,,,11,85,,,,,,B0 0B 55,control_change channel=0 control=11 value=85 time=0
1226,2026-09-13T00:28:38.802+00:00,30.955355,0.014786,Chordcat 0,control_change,1,,,,11,79,,,,,,B0 0B 4F,control_change channel=0 control=11 value=79 time=0
1227,2026-09-13T00:28:38.818+00:00,30.971117,0.015762,Chordcat 0,control_change,1,,,,11,75,,,,,,B0 0B 4B,control_change channel=0 control=11 value=75 time=0
1228,2026-09-13T00:28:38.831+00:00,30.984397,0.01328,Chordcat 0,control_change,1,,,,11,71,,,,,,B0 0B 47,control_change channel=0 control=11 value=71 time=0
1229,2026-09-13T00:28:38.846+00:00,30.999455,0.015058,Chordcat 0,control_change,1,,,,11,68,,,,,,B0 0B 44,control_change channel=0 control=11 value=68 time=0
1230,2026-09-13T00:28:38.862+00:00,31.01522,0.015765,Chordcat 0,control_change,1,,,,11,66,,,,,,B0 0B 42,control_change channel=0 control=11 value=66 time=0
1231,2026-09-13T00:28:38.876+00:00,31.02914,0.01392,Chordcat 0,control_change,1,,,,11,64,,,,,,B0 0B 40,control_change channel=0 control=11 value=64 time=0
1232,2026-09-13T00:28:38.890+00:00,31.043575,0.014436,Chordcat 0,control_change,1,,,,11,63,,,,,,B0 0B 3F,control_change channel=0 control=11 value=63 time=0
1233,2026-09-13T00:28:38.921+00:00,31.074125,0.03055,Chordcat 0,control_change,1,,,,11,127,,,,,,B0 0B 7F,control_change channel=0 control=11 value=127 time=0
1234,2026-09-13T00:28:39.067+00:00,31.220385,0.14626,Chordcat 0,control_change,1,,,,11,121,,,,,,B0 0B 79,control_change channel=0 control=11 value=121 time=0
1235,2026-09-13T00:28:39.081+00:00,31.234991,0.014606,Chordcat 0,control_change,1,,,,11,112,,,,,,B0 0B 70,control_change channel=0 control=11 value=112 time=0
1236,2026-09-13T00:28:39.097+00:00,31.250555,0.015564,Chordcat 0,control_change,1,,,,11,104,,,,,,B0 0B 68,control_change channel=0 control=11 value=104 time=0
1237,2026-09-13T00:28:39.111+00:00,31.264382,0.013826,Chordcat 0,control_change,1,,,,11,97,,,,,,B0 0B 61,control_change channel=0 control=11 value=97 time=0
1238,2026-09-13T00:28:39.126+00:00,31.279269,0.014887,Chordcat 0,control_change,1,,,,11,91,,,,,,B0 0B 5B,control_change channel=0 control=11 value=91 time=0
1239,2026-09-13T00:28:39.140+00:00,31.293642,0.014373,Chordcat 0,control_change,1,,,,11,85,,,,,,B0 0B 55,control_change channel=0 control=11 value=85 time=0
1240,2026-09-13T00:28:39.155+00:00,31.308644,0.015001,Chordcat 0,control_change,1,,,,11,79,,,,,,B0 0B 4F,control_change channel=0 control=11 value=79 time=0
1241,2026-09-13T00:28:39.170+00:00,31.323585,0.014941,Chordcat 0,control_change,1,,,,11,75,,,,,,B0 0B 4B,control_change channel=0 control=11 value=75 time=0
1242,2026-09-13T00:28:39.184+00:00,31.338008,0.014423,Chordcat 0,control_change,1,,,,11,71,,,,,,B0 0B 47,control_change channel=0 control=11 value=71 time=0
1243,2026-09-13T00:28:39.199+00:00,31.353119,0.015111,Chordcat 0,control_change,1,,,,11,68,,,,,,B0 0B 44,control_change channel=0 control=11 value=68 time=0
1244,2026-09-13T00:28:39.215+00:00,31.368398,0.015279,Chordcat 0,control_change,1,,,,11,66,,,,,,B0 0B 42,control_change channel=0 control=11 value=66 time=0
1245,2026-09-13T00:28:39.229+00:00,31.382233,0.013835,Chordcat 0,control_change,1,,,,11,64,,,,,,B0 0B 40,control_change channel=0 control=11 value=64 time=0
1246,2026-09-13T00:28:39.243+00:00,31.396349,0.014116,Chordcat 0,control_change,1,,,,11,63,,,,,,B0 0B 3F,control_change channel=0 control=11 value=63 time=0
1247,2026-09-13T00:28:39.273+00:00,31.426517,0.030168,Chordcat 0,control_change,1,,,,11,127,,,,,,B0 0B 7F,control_change channel=0 control=11 value=127 time=0
1248,2026-09-13T00:28:39.420+00:00,31.573416,0.1469,Chordcat 0,control_change,1,,,,11,121,,,,,,B0 0B 79,control_change channel=0 control=11 value=121 time=0
1249,2026-09-13T00:28:39.435+00:00,31.588214,0.014798,Chordcat 0,control_change,1,,,,11,112,,,,,,B0 0B 70,control_change channel=0 control=11 value=112 time=0
1250,2026-09-13T00:28:39.449+00:00,31.602921,0.014706,Chordcat 0,control_change,1,,,,11,104,,,,,,B0 0B 68,control_change channel=0 control=11 value=104 time=0
1251,2026-09-13T00:28:39.464+00:00,31.617674,0.014753,Chordcat 0,control_change,1,,,,11,97,,,,,,B0 0B 61,control_change channel=0 control=11 value=97 time=0
1252,2026-09-13T00:28:39.479+00:00,31.632325,0.014651,Chordcat 0,control_change,1,,,,11,90,,,,,,B0 0B 5A,control_change channel=0 control=11 value=90 time=0
1253,2026-09-13T00:28:39.494+00:00,31.647215,0.01489,Chordcat 0,control_change,1,,,,11,85,,,,,,B0 0B 55,control_change channel=0 control=11 value=85 time=0
1254,2026-09-13T00:28:39.508+00:00,31.661503,0.014288,Chordcat 0,control_change,1,,,,11,79,,,,,,B0 0B 4F,control_change channel=0 control=11 value=79 time=0
1255,2026-09-13T00:28:39.523+00:00,31.676814,0.015311,Chordcat 0,control_change,1,,,,11,75,,,,,,B0 0B 4B,control_change channel=0 control=11 value=75 time=0
1256,2026-09-13T00:28:39.538+00:00,31.691217,0.014403,Chordcat 0,control_change,1,,,,11,71,,,,,,B0 0B 47,control_change channel=0 control=11 value=71 time=0
1257,2026-09-13T00:28:39.552+00:00,31.705852,0.014635,Chordcat 0,control_change,1,,,,11,68,,,,,,B0 0B 44,control_change channel=0 control=11 value=68 time=0
1258,2026-09-13T00:28:39.567+00:00,31.720923,0.015071,Chordcat 0,control_change,1,,,,11,66,,,,,,B0 0B 42,control_change channel=0 control=11 value=66 time=0
1259,2026-09-13T00:28:39.582+00:00,31.735789,0.014865,Chordcat 0,control_change,1,,,,11,64,,,,,,B0 0B 40,control_change channel=0 control=11 value=64 time=0
1260,2026-09-13T00:28:39.597+00:00,31.750303,0.014515,Chordcat 0,control_change,1,,,,11,63,,,,,,B0 0B 3F,control_change channel=0 control=11 value=63 time=0
1261,2026-09-13T00:28:39.626+00:00,31.779795,0.029492,Chordcat 0,control_change,1,,,,11,127,,,,,,B0 0B 7F,control_change channel=0 control=11 value=127 time=0
1262,2026-09-13T00:28:39.773+00:00,31.926934,0.147139,Chordcat 0,control_change,1,,,,11,121,,,,,,B0 0B 79,control_change channel=0 control=11 value=121 time=0
1263,2026-09-13T00:28:39.787+00:00,31.94098,0.014046,Chordcat 0,control_change,1,,,,11,112,,,,,,B0 0B 70,control_change channel=0 control=11 value=112 time=0
1264,2026-09-13T00:28:39.802+00:00,31.955447,0.014467,Chordcat 0,control_change,1,,,,11,104,,,,,,B0 0B 68,control_change channel=0 control=11 value=104 time=0
1265,2026-09-13T00:28:39.817+00:00,31.970957,0.015509,Chordcat 0,control_change,1,,,,11,97,,,,,,B0 0B 61,control_change channel=0 control=11 value=97 time=0
1266,2026-09-13T00:28:39.832+00:00,31.98544,0.014483,Chordcat 0,control_change,1,,,,11,90,,,,,,B0 0B 5A,control_change channel=0 control=11 value=90 time=0
1267,2026-09-13T00:28:39.846+00:00,31.999691,0.014251,Chordcat 0,control_change,1,,,,11,85,,,,,,B0 0B 55,control_change channel=0 control=11 value=85 time=0
1268,2026-09-13T00:28:39.861+00:00,32.015114,0.015423,Chordcat 0,control_change,1,,,,11,79,,,,,,B0 0B 4F,control_change channel=0 control=11 value=79 time=0
1269,2026-09-13T00:28:39.877+00:00,32.030212,0.015098,Chordcat 0,control_change,1,,,,11,75,,,,,,B0 0B 4B,control_change channel=0 control=11 value=75 time=0
1270,2026-09-13T00:28:39.890+00:00,32.044021,0.01381,Chordcat 0,control_change,1,,,,11,71,,,,,,B0 0B 47,control_change channel=0 control=11 value=71 time=0
1271,2026-09-13T00:28:39.905+00:00,32.058382,0.01436,Chordcat 0,control_change,1,,,,11,68,,,,,,B0 0B 44,control_change channel=0 control=11 value=68 time=0
1272,2026-09-13T00:28:39.921+00:00,32.074269,0.015888,Chordcat 0,control_change,1,,,,11,66,,,,,,B0 0B 42,control_change channel=0 control=11 value=66 time=0
1273,2026-09-13T00:28:39.934+00:00,32.087931,0.013662,Chordcat 0,control_change,1,,,,11,64,,,,,,B0 0B 40,control_change channel=0 control=11 value=64 time=0
1274,2026-09-13T00:28:39.949+00:00,32.102241,0.01431,Chordcat 0,control_change,1,,,,11,63,,,,,,B0 0B 3F,control_change channel=0 control=11 value=63 time=0
1275,2026-09-13T00:28:39.979+00:00,32.132132,0.029891,Chordcat 0,control_change,1,,,,11,127,,,,,,B0 0B 7F,control_change channel=0 control=11 value=127 time=0
1276,2026-09-13T00:28:40.126+00:00,32.280082,0.14795,Chordcat 0,control_change,1,,,,11,121,,,,,,B0 0B 79,control_change channel=0 control=11 value=121 time=0
1277,2026-09-13T00:28:40.141+00:00,32.294604,0.014521,Chordcat 0,control_change,1,,,,11,112,,,,,,B0 0B 70,control_change channel=0 control=11 value=112 time=0
1278,2026-09-13T00:28:40.155+00:00,32.308701,0.014097,Chordcat 0,control_change,1,,,,11,104,,,,,,B0 0B 68,control_change channel=0 control=11 value=104 time=0
1279,2026-09-13T00:28:40.171+00:00,32.324158,0.015457,Chordcat 0,control_change,1,,,,11,97,,,,,,B0 0B 61,control_change channel=0 control=11 value=97 time=0
1280,2026-09-13T00:28:40.185+00:00,32.338257,0.014099,Chordcat 0,control_change,1,,,,11,90,,,,,,B0 0B 5A,control_change channel=0 control=11 value=90 time=0
1281,2026-09-13T00:28:40.198+00:00,32.352195,0.013938,Chordcat 0,control_change,1,,,,11,85,,,,,,B0 0B 55,control_change channel=0 control=11 value=85 time=0
1282,2026-09-13T00:28:40.214+00:00,32.367719,0.015524,Chordcat 0,control_change,1,,,,11,80,,,,,,B0 0B 50,control_change channel=0 control=11 value=80 time=0
1283,2026-09-13T00:28:40.228+00:00,32.38221,0.01449,Chordcat 0,control_change,1,,,,11,75,,,,,,B0 0B 4B,control_change channel=0 control=11 value=75 time=0
1284,2026-09-13T00:28:40.244+00:00,32.397581,0.015372,Chordcat 0,control_change,1,,,,11,71,,,,,,B0 0B 47,control_change channel=0 control=11 value=71 time=0
1285,2026-09-13T00:28:40.258+00:00,32.41151,0.013928,Chordcat 0,control_change,1,,,,11,68,,,,,,B0 0B 44,control_change channel=0 control=11 value=68 time=0
1286,2026-09-13T00:28:40.273+00:00,32.426266,0.014756,Chordcat 0,control_change,1,,,,11,66,,,,,,B0 0B 42,control_change channel=0 control=11 value=66 time=0
1287,2026-09-13T00:28:40.288+00:00,32.441601,0.015336,Chordcat 0,control_change,1,,,,11,64,,,,,,B0 0B 40,control_change channel=0 control=11 value=64 time=0
1288,2026-09-13T00:28:40.302+00:00,32.455598,0.013997,Chordcat 0,control_change,1,,,,11,63,,,,,,B0 0B 3F,control_change channel=0 control=11 value=63 time=0
1289,2026-09-13T00:28:40.332+00:00,32.48536,0.029762,Chordcat 0,control_change,1,,,,11,127,,,,,,B0 0B 7F,control_change channel=0 control=11 value=127 time=0
1290,2026-09-13T00:28:40.478+00:00,32.632127,0.146767,Chordcat 0,control_change,1,,,,11,121,,,,,,B0 0B 79,control_change channel=0 control=11 value=121 time=0
1291,2026-09-13T00:28:40.494+00:00,32.648009,0.015882,Chordcat 0,control_change,1,,,,11,112,,,,,,B0 0B 70,control_change channel=0 control=11 value=112 time=0
1292,2026-09-13T00:28:40.509+00:00,32.66214,0.014131,Chordcat 0,control_change,1,,,,11,104,,,,,,B0 0B 68,control_change channel=0 control=11 value=104 time=0
1293,2026-09-13T00:28:40.523+00:00,32.676333,0.014194,Chordcat 0,control_change,1,,,,11,97,,,,,,B0 0B 61,control_change channel=0 control=11 value=97 time=0
1294,2026-09-13T00:28:40.538+00:00,32.691443,0.01511,Chordcat 0,control_change,1,,,,11,90,,,,,,B0 0B 5A,control_change channel=0 control=11 value=90 time=0
1295,2026-09-13T00:28:40.552+00:00,32.705633,0.014189,Chordcat 0,control_change,1,,,,11,85,,,,,,B0 0B 55,control_change channel=0 control=11 value=85 time=0
1296,2026-09-13T00:28:40.567+00:00,32.72057,0.014937,Chordcat 0,control_change,1,,,,11,79,,,,,,B0 0B 4F,control_change channel=0 control=11 value=79 time=0
1297,2026-09-13T00:28:40.582+00:00,32.735695,0.015125,Chordcat 0,control_change,1,,,,11,75,,,,,,B0 0B 4B,control_change channel=0 control=11 value=75 time=0
1298,2026-09-13T00:28:40.597+00:00,32.751031,0.015337,Chordcat 0,control_change,1,,,,11,71,,,,,,B0 0B 47,control_change channel=0 control=11 value=71 time=0
1299,2026-09-13T00:28:40.611+00:00,32.764145,0.013113,Chordcat 0,control_change,1,,,,11,68,,,,,,B0 0B 44,control_change channel=0 control=11 value=68 time=0
1300,2026-09-13T00:28:40.626+00:00,32.779295,0.01515,Chordcat 0,control_change,1,,,,11,66,,,,,,B0 0B 42,control_change channel=0 control=11 value=66 time=0
1301,2026-09-13T00:28:40.641+00:00,32.794637,0.015342,Chordcat 0,control_change,1,,,,11,64,,,,,,B0 0B 40,control_change channel=0 control=11 value=64 time=0
1302,2026-09-13T00:28:40.655+00:00,32.80857,0.013933,Chordcat 0,control_change,1,,,,11,63,,,,,,B0 0B 3F,control_change channel=0 control=11 value=63 time=0
1303,2026-09-13T00:28:40.685+00:00,32.839015,0.030445,Chordcat 0,control_change,1,,,,11,127,,,,,,B0 0B 7F,control_change channel=0 control=11 value=127 time=0
1304,2026-09-13T00:28:40.832+00:00,32.985241,0.146226,Chordcat 0,control_change,1,,,,11,121,,,,,,B0 0B 79,control_change channel=0 control=11 value=121 time=0
1305,2026-09-13T00:28:40.847+00:00,33.000472,0.015232,Chordcat 0,control_change,1,,,,11,112,,,,,,B0 0B 70,control_change channel=0 control=11 value=112 time=0
1306,2026-09-13T00:28:40.861+00:00,33.014341,0.013869,Chordcat 0,control_change,1,,,,11,104,,,,,,B0 0B 68,control_change channel=0 control=11 value=104 time=0
1307,2026-09-13T00:28:40.877+00:00,33.030276,0.015935,Chordcat 0,control_change,1,,,,11,97,,,,,,B0 0B 61,control_change channel=0 control=11 value=97 time=0
1308,2026-09-13T00:28:40.891+00:00,33.044783,0.014507,Chordcat 0,control_change,1,,,,11,90,,,,,,B0 0B 5A,control_change channel=0 control=11 value=90 time=0
1309,2026-09-13T00:28:40.905+00:00,33.059055,0.014272,Chordcat 0,control_change,1,,,,11,85,,,,,,B0 0B 55,control_change channel=0 control=11 value=85 time=0
1310,2026-09-13T00:28:40.921+00:00,33.074301,0.015245,Chordcat 0,control_change,1,,,,11,79,,,,,,B0 0B 4F,control_change channel=0 control=11 value=79 time=0
1311,2026-09-13T00:28:40.934+00:00,33.08816,0.01386,Chordcat 0,control_change,1,,,,11,75,,,,,,B0 0B 4B,control_change channel=0 control=11 value=75 time=0
1312,2026-09-13T00:28:40.949+00:00,33.102262,0.014102,Chordcat 0,control_change,1,,,,11,71,,,,,,B0 0B 47,control_change channel=0 control=11 value=71 time=0
1313,2026-09-13T00:28:40.964+00:00,33.117557,0.015295,Chordcat 0,control_change,1,,,,11,68,,,,,,B0 0B 44,control_change channel=0 control=11 value=68 time=0
1314,2026-09-13T00:28:40.980+00:00,33.133716,0.016159,Chordcat 0,control_change,1,,,,11,66,,,,,,B0 0B 42,control_change channel=0 control=11 value=66 time=0
1315,2026-09-13T00:28:40.994+00:00,33.147952,0.014236,Chordcat 0,control_change,1,,,,11,64,,,,,,B0 0B 40,control_change channel=0 control=11 value=64 time=0
1316,2026-09-13T00:28:41.008+00:00,33.161276,0.013325,Chordcat 0,control_change,1,,,,11,63,,,,,,B0 0B 3F,control_change channel=0 control=11 value=63 time=0
1317,2026-09-13T00:28:41.038+00:00,33.192106,0.03083,Chordcat 0,control_change,1,,,,11,127,,,,,,B0 0B 7F,control_change channel=0 control=11 value=127 time=0
1318,2026-09-13T00:28:41.185+00:00,33.338279,0.146173,Chordcat 0,control_change,1,,,,11,121,,,,,,B0 0B 79,control_change channel=0 control=11 value=121 time=0
1319,2026-09-13T00:28:41.200+00:00,33.353505,0.015226,Chordcat 0,control_change,1,,,,11,112,,,,,,B0 0B 70,control_change channel=0 control=11 value=112 time=0
1320,2026-09-13T00:28:41.214+00:00,33.367707,0.014203,Chordcat 0,control_change,1,,,,11,104,,,,,,B0 0B 68,control_change channel=0 control=11 value=104 time=0
1321,2026-09-13T00:28:41.230+00:00,33.383314,0.015606,Chordcat 0,control_change,1,,,,11,97,,,,,,B0 0B 61,control_change channel=0 control=11 value=97 time=0
1322,2026-09-13T00:28:41.244+00:00,33.397298,0.013984,Chordcat 0,control_change,1,,,,11,90,,,,,,B0 0B 5A,control_change channel=0 control=11 value=90 time=0
1323,2026-09-13T00:28:41.260+00:00,33.413261,0.015963,Chordcat 0,control_change,1,,,,11,84,,,,,,B0 0B 54,control_change channel=0 control=11 value=84 time=0
1324,2026-09-13T00:28:41.273+00:00,33.426258,0.012996,Chordcat 0,control_change,1,,,,11,80,,,,,,B0 0B 50,control_change channel=0 control=11 value=80 time=0
1325,2026-09-13T00:28:41.288+00:00,33.441525,0.015268,Chordcat 0,control_change,1,,,,11,75,,,,,,B0 0B 4B,control_change channel=0 control=11 value=75 time=0
1326,2026-09-13T00:28:41.303+00:00,33.456579,0.015054,Chordcat 0,control_change,1,,,,11,71,,,,,,B0 0B 47,control_change channel=0 control=11 value=71 time=0
1327,2026-09-13T00:28:41.317+00:00,33.470817,0.014238,Chordcat 0,control_change,1,,,,11,68,,,,,,B0 0B 44,control_change channel=0 control=11 value=68 time=0
1328,2026-09-13T00:28:41.332+00:00,33.485255,0.014438,Chordcat 0,control_change,1,,,,11,66,,,,,,B0 0B 42,control_change channel=0 control=11 value=66 time=0
1329,2026-09-13T00:28:41.347+00:00,33.501063,0.015808,Chordcat 0,control_change,1,,,,11,64,,,,,,B0 0B 40,control_change channel=0 control=11 value=64 time=0
1330,2026-09-13T00:28:41.362+00:00,33.515188,0.014125,Chordcat 0,control_change,1,,,,11,63,,,,,,B0 0B 3F,control_change channel=0 control=11 value=63 time=0
1331,2026-09-13T00:28:41.391+00:00,33.544879,0.02969,Chordcat 0,control_change,1,,,,11,127,,,,,,B0 0B 7F,control_change channel=0 control=11 value=127 time=0
1332,2026-09-13T00:28:41.538+00:00,33.691651,0.146772,Chordcat 0,control_change,1,,,,11,121,,,,,,B0 0B 79,control_change channel=0 control=11 value=121 time=0
1333,2026-09-13T00:28:41.553+00:00,33.706416,0.014765,Chordcat 0,control_change,1,,,,11,112,,,,,,B0 0B 70,control_change channel=0 control=11 value=112 time=0
1334,2026-09-13T00:28:41.567+00:00,33.720304,0.013889,Chordcat 0,control_change,1,,,,11,104,,,,,,B0 0B 68,control_change channel=0 control=11 value=104 time=0
1335,2026-09-13T00:28:41.581+00:00,33.735106,0.014802,Chordcat 0,control_change,1,,,,11,97,,,,,,B0 0B 61,control_change channel=0 control=11 value=97 time=0
1336,2026-09-13T00:28:41.596+00:00,33.750105,0.014999,Chordcat 0,control_change,1,,,,11,90,,,,,,B0 0B 5A,control_change channel=0 control=11 value=90 time=0
1337,2026-09-13T00:28:41.611+00:00,33.764769,0.014664,Chordcat 0,control_change,1,,,,11,85,,,,,,B0 0B 55,control_change channel=0 control=11 value=85 time=0
1338,2026-09-13T00:28:41.626+00:00,33.779612,0.014843,Chordcat 0,control_change,1,,,,11,79,,,,,,B0 0B 4F,control_change channel=0 control=11 value=79 time=0
1339,2026-09-13T00:28:41.640+00:00,33.7942,0.014589,Chordcat 0,control_change,1,,,,11,75,,,,,,B0 0B 4B,control_change channel=0 control=11 value=75 time=0
1340,2026-09-13T00:28:41.656+00:00,33.809183,0.014982,Chordcat 0,control_change,1,,,,11,71,,,,,,B0 0B 47,control_change channel=0 control=11 value=71 time=0
1341,2026-09-13T00:28:41.669+00:00,33.823128,0.013945,Chordcat 0,control_change,1,,,,11,68,,,,,,B0 0B 44,control_change channel=0 control=11 value=68 time=0
1342,2026-09-13T00:28:41.685+00:00,33.838489,0.015361,Chordcat 0,control_change,1,,,,11,66,,,,,,B0 0B 42,control_change channel=0 control=11 value=66 time=0
1343,2026-09-13T00:28:41.700+00:00,33.853685,0.015196,Chordcat 0,control_change,1,,,,11,64,,,,,,B0 0B 40,control_change channel=0 control=11 value=64 time=0
1344,2026-09-13T00:28:41.714+00:00,33.868088,0.014403,Chordcat 0,control_change,1,,,,11,63,,,,,,B0 0B 3F,control_change channel=0 control=11 value=63 time=0
1345,2026-09-13T00:28:41.744+00:00,33.897342,0.029254,Chordcat 0,control_change,1,,,,11,127,,,,,,B0 0B 7F,control_change channel=0 control=11 value=127 time=0
1346,2026-09-13T00:28:41.890+00:00,34.044231,0.14689,Chordcat 0,control_change,1,,,,11,121,,,,,,B0 0B 79,control_change channel=0 control=11 value=121 time=0
1347,2026-09-13T00:28:41.905+00:00,34.059042,0.014811,Chordcat 0,control_change,1,,,,11,112,,,,,,B0 0B 70,control_change channel=0 control=11 value=112 time=0
1348,2026-09-13T00:28:41.920+00:00,34.073215,0.014173,Chordcat 0,control_change,1,,,,11,104,,,,,,B0 0B 68,control_change channel=0 control=11 value=104 time=0
1349,2026-09-13T00:28:41.935+00:00,34.088691,0.015476,Chordcat 0,control_change,1,,,,11,97,,,,,,B0 0B 61,control_change channel=0 control=11 value=97 time=0
1350,2026-09-13T00:28:41.949+00:00,34.103079,0.014388,Chordcat 0,control_change,1,,,,11,90,,,,,,B0 0B 5A,control_change channel=0 control=11 value=90 time=0
1351,2026-09-13T00:28:41.964+00:00,34.117669,0.01459,Chordcat 0,control_change,1,,,,11,85,,,,,,B0 0B 55,control_change channel=0 control=11 value=85 time=0
1352,2026-09-13T00:28:41.980+00:00,34.13328,0.015611,Chordcat 0,control_change,1,,,,11,79,,,,,,B0 0B 4F,control_change channel=0 control=11 value=79 time=0
1353,2026-09-13T00:28:41.994+00:00,34.147841,0.014561,Chordcat 0,control_change,1,,,,11,75,,,,,,B0 0B 4B,control_change channel=0 control=11 value=75 time=0
1354,2026-09-13T00:28:42.009+00:00,34.162417,0.014576,Chordcat 0,control_change,1,,,,11,71,,,,,,B0 0B 47,control_change channel=0 control=11 value=71 time=0
1355,2026-09-13T00:28:42.023+00:00,34.176739,0.014322,Chordcat 0,control_change,1,,,,11,68,,,,,,B0 0B 44,control_change channel=0 control=11 value=68 time=0
1356,2026-09-13T00:28:42.037+00:00,34.191252,0.014514,Chordcat 0,control_change,1,,,,11,66,,,,,,B0 0B 42,control_change channel=0 control=11 value=66 time=0
1357,2026-09-13T00:28:42.052+00:00,34.206118,0.014866,Chordcat 0,control_change,1,,,,11,64,,,,,,B0 0B 40,control_change channel=0 control=11 value=64 time=0
1358,2026-09-13T00:28:42.068+00:00,34.221468,0.015349,Chordcat 0,control_change,1,,,,11,63,,,,,,B0 0B 3F,control_change channel=0 control=11 value=63 time=0
1359,2026-09-13T00:28:42.098+00:00,34.251067,0.029599,Chordcat 0,control_change,1,,,,11,127,,,,,,B0 0B 7F,control_change channel=0 control=11 value=127 time=0
1360,2026-09-13T00:28:42.244+00:00,34.397617,0.14655,Chordcat 0,control_change,1,,,,11,121,,,,,,B0 0B 79,control_change channel=0 control=11 value=121 time=0
1361,2026-09-13T00:28:42.259+00:00,34.413069,0.015452,Chordcat 0,control_change,1,,,,11,112,,,,,,B0 0B 70,control_change channel=0 control=11 value=112 time=0
1362,2026-09-13T00:28:42.273+00:00,34.426888,0.01382,Chordcat 0,control_change,1,,,,11,104,,,,,,B0 0B 68,control_change channel=0 control=11 value=104 time=0
1363,2026-09-13T00:28:42.288+00:00,34.44124,0.014352,Chordcat 0,control_change,1,,,,11,97,,,,,,B0 0B 61,control_change channel=0 control=11 value=97 time=0
1364,2026-09-13T00:28:42.303+00:00,34.456825,0.015585,Chordcat 0,control_change,1,,,,11,90,,,,,,B0 0B 5A,control_change channel=0 control=11 value=90 time=0
1365,2026-09-13T00:28:42.318+00:00,34.471926,0.0151,Chordcat 0,control_change,1,,,,11,84,,,,,,B0 0B 54,control_change channel=0 control=11 value=84 time=0
1366,2026-09-13T00:28:42.332+00:00,34.485384,0.013459,Chordcat 0,control_change,1,,,,11,79,,,,,,B0 0B 4F,control_change channel=0 control=11 value=79 time=0
1367,2026-09-13T00:28:42.347+00:00,34.500503,0.015118,Chordcat 0,control_change,1,,,,11,75,,,,,,B0 0B 4B,control_change channel=0 control=11 value=75 time=0
1368,2026-09-13T00:28:42.362+00:00,34.516102,0.0156,Chordcat 0,control_change,1,,,,11,71,,,,,,B0 0B 47,control_change channel=0 control=11 value=71 time=0
1369,2026-09-13T00:28:42.376+00:00,34.529116,0.013014,Chordcat 0,control_change,1,,,,11,68,,,,,,B0 0B 44,control_change channel=0 control=11 value=68 time=0
1370,2026-09-13T00:28:42.392+00:00,34.545179,0.016063,Chordcat 0,control_change,1,,,,11,66,,,,,,B0 0B 42,control_change channel=0 control=11 value=66 time=0
1371,2026-09-13T00:28:42.405+00:00,34.559058,0.013879,Chordcat 0,control_change,1,,,,11,64,,,,,,B0 0B 40,control_change channel=0 control=11 value=64 time=0
1372,2026-09-13T00:28:42.421+00:00,34.5746,0.015542,Chordcat 0,control_change,1,,,,11,63,,,,,,B0 0B 3F,control_change channel=0 control=11 value=63 time=0
1373,2026-09-13T00:28:42.450+00:00,34.603295,0.028695,Chordcat 0,control_change,1,,,,11,127,,,,,,B0 0B 7F,control_change channel=0 control=11 value=127 time=0
1374,2026-09-13T00:28:42.597+00:00,34.750273,0.146978,Chordcat 0,control_change,1,,,,11,121,,,,,,B0 0B 79,control_change channel=0 control=11 value=121 time=0
1375,2026-09-13T00:28:42.612+00:00,34.765647,0.015374,Chordcat 0,control_change,1,,,,11,112,,,,,,B0 0B 70,control_change channel=0 control=11 value=112 time=0
1376,2026-09-13T00:28:42.626+00:00,34.779726,0.014079,Chordcat 0,control_change,1,,,,11,104,,,,,,B0 0B 68,control_change channel=0 control=11 value=104 time=0
1377,2026-09-13T00:28:42.644+00:00,34.794754,0.015028,Chordcat 0,control_change,1,,,,11,97,,,,,,B0 0B 61,control_change channel=0 control=11 value=97 time=0
1378,2026-09-13T00:28:42.656+00:00,34.809923,0.015169,Chordcat 0,control_change,1,,,,11,90,,,,,,B0 0B 5A,control_change channel=0 control=11 value=90 time=0
1379,2026-09-13T00:28:42.672+00:00,34.825321,0.015398,Chordcat 0,control_change,1,,,,11,84,,,,,,B0 0B 54,control_change channel=0 control=11 value=84 time=0
1380,2026-09-13T00:28:42.685+00:00,34.838217,0.012897,Chordcat 0,control_change,1,,,,11,79,,,,,,B0 0B 4F,control_change channel=0 control=11 value=79 time=0
1381,2026-09-13T00:28:42.700+00:00,34.853559,0.015342,Chordcat 0,control_change,1,,,,11,75,,,,,,B0 0B 4B,control_change channel=0 control=11 value=75 time=0
1382,2026-09-13T00:28:42.714+00:00,34.86816,0.014601,Chordcat 0,control_change,1,,,,11,71,,,,,,B0 0B 47,control_change channel=0 control=11 value=71 time=0
1383,2026-09-13T00:28:42.730+00:00,34.883193,0.015033,Chordcat 0,control_change,1,,,,11,68,,,,,,B0 0B 44,control_change channel=0 control=11 value=68 time=0
1384,2026-09-13T00:28:42.744+00:00,34.897334,0.014141,Chordcat 0,control_change,1,,,,11,66,,,,,,B0 0B 42,control_change channel=0 control=11 value=66 time=0
1385,2026-09-13T00:28:42.759+00:00,34.912919,0.015585,Chordcat 0,control_change,1,,,,11,64,,,,,,B0 0B 40,control_change channel=0 control=11 value=64 time=0
1386,2026-09-13T00:28:42.773+00:00,34.92683,0.013911,Chordcat 0,control_change,1,,,,11,63,,,,,,B0 0B 3F,control_change channel=0 control=11 value=63 time=0
1387,2026-09-13T00:28:42.803+00:00,34.957127,0.030297,Chordcat 0,control_change,1,,,,11,127,,,,,,B0 0B 7F,control_change channel=0 control=11 value=127 time=0
1388,2026-09-13T00:28:42.950+00:00,35.103966,0.146839,Chordcat 0,control_change,1,,,,11,121,,,,,,B0 0B 79,control_change channel=0 control=11 value=121 time=0
1389,2026-09-13T00:28:42.965+00:00,35.119053,0.015087,Chordcat 0,control_change,1,,,,11,112,,,,,,B0 0B 70,control_change channel=0 control=11 value=112 time=0
1390,2026-09-13T00:28:42.980+00:00,35.134,0.014948,Chordcat 0,control_change,1,,,,11,104,,,,,,B0 0B 68,control_change channel=0 control=11 value=104 time=0
1391,2026-09-13T00:28:42.994+00:00,35.147862,0.013862,Chordcat 0,control_change,1,,,,11,97,,,,,,B0 0B 61,control_change channel=0 control=11 value=97 time=0
1392,2026-09-13T00:28:43.010+00:00,35.163139,0.015277,Chordcat 0,control_change,1,,,,11,90,,,,,,B0 0B 5A,control_change channel=0 control=11 value=90 time=0
1393,2026-09-13T00:28:43.024+00:00,35.177998,0.014859,Chordcat 0,control_change,1,,,,11,84,,,,,,B0 0B 54,control_change channel=0 control=11 value=84 time=0
1394,2026-09-13T00:28:43.038+00:00,35.191715,0.013716,Chordcat 0,control_change,1,,,,11,80,,,,,,B0 0B 50,control_change channel=0 control=11 value=80 time=0
1395,2026-09-13T00:28:43.053+00:00,35.206627,0.014913,Chordcat 0,control_change,1,,,,11,75,,,,,,B0 0B 4B,control_change channel=0 control=11 value=75 time=0
1396,2026-09-13T00:28:43.068+00:00,35.221307,0.01468,Chordcat 0,control_change,1,,,,11,71,,,,,,B0 0B 47,control_change channel=0 control=11 value=71 time=0
1397,2026-09-13T00:28:43.083+00:00,35.236628,0.015321,Chordcat 0,control_change,1,,,,11,68,,,,,,B0 0B 44,control_change channel=0 control=11 value=68 time=0
1398,2026-09-13T00:28:43.097+00:00,35.250473,0.013845,Chordcat 0,control_change,1,,,,11,66,,,,,,B0 0B 42,control_change channel=0 control=11 value=66 time=0
1399,2026-09-13T00:28:43.112+00:00,35.265359,0.014886,Chordcat 0,control_change,1,,,,11,64,,,,,,B0 0B 40,control_change channel=0 control=11 value=64 time=0
1400,2026-09-13T00:28:43.127+00:00,35.280985,0.015625,Chordcat 0,control_change,1,,,,11,63,,,,,,B0 0B 3F,control_change channel=0 control=11 value=63 time=0
1401,2026-09-13T00:28:43.156+00:00,35.309847,0.028863,Chordcat 0,control_change,1,,,,11,127,,,,,,B0 0B 7F,control_change channel=0 control=11 value=127 time=0
1402,2026-09-13T00:28:43.303+00:00,35.456477,0.14663,Chordcat 0,control_change,1,,,,11,121,,,,,,B0 0B 79,control_change channel=0 control=11 value=121 time=0
1403,2026-09-13T00:28:43.318+00:00,35.471144,0.014667,Chordcat 0,control_change,1,,,,11,112,,,,,,B0 0B 70,control_change channel=0 control=11 value=112 time=0
1404,2026-09-13T00:28:43.333+00:00,35.486469,0.015325,Chordcat 0,control_change,1,,,,11,104,,,,,,B0 0B 68,control_change channel=0 control=11 value=104 time=0
1405,2026-09-13T00:28:43.347+00:00,35.500737,0.014269,Chordcat 0,control_change,1,,,,11,97,,,,,,B0 0B 61,control_change channel=0 control=11 value=97 time=0
1406,2026-09-13T00:28:43.362+00:00,35.515584,0.014846,Chordcat 0,control_change,1,,,,11,90,,,,,,B0 0B 5A,control_change channel=0 control=11 value=90 time=0
1407,2026-09-13T00:28:43.377+00:00,35.530597,0.015013,Chordcat 0,control_change,1,,,,11,84,,,,,,B0 0B 54,control_change channel=0 control=11 value=84 time=0
1408,2026-09-13T00:28:43.391+00:00,35.544544,0.013948,Chordcat 0,control_change,1,,,,11,79,,,,,,B0 0B 4F,control_change channel=0 control=11 value=79 time=0
1409,2026-09-13T00:28:43.406+00:00,35.559152,0.014608,Chordcat 0,control_change,1,,,,11,75,,,,,,B0 0B 4B,control_change channel=0 control=11 value=75 time=0
1410,2026-09-13T00:28:43.422+00:00,35.57529,0.016138,Chordcat 0,control_change,1,,,,11,71,,,,,,B0 0B 47,control_change channel=0 control=11 value=71 time=0
1411,2026-09-13T00:28:43.435+00:00,35.588199,0.012909,Chordcat 0,control_change,1,,,,11,68,,,,,,B0 0B 44,control_change channel=0 control=11 value=68 time=0
1412,2026-09-13T00:28:43.450+00:00,35.603954,0.015755,Chordcat 0,control_change,1,,,,11,66,,,,,,B0 0B 42,control_change channel=0 control=11 value=66 time=0
1413,2026-09-13T00:28:43.465+00:00,35.618913,0.014959,Chordcat 0,control_change,1,,,,11,64,,,,,,B0 0B 40,control_change channel=0 control=11 value=64 time=0
1414,2026-09-13T00:28:43.481+00:00,35.634264,0.015351,Chordcat 0,control_change,1,,,,11,63,,,,,,B0 0B 3F,control_change channel=0 control=11 value=63 time=0
1415,2026-09-13T00:28:43.509+00:00,35.662844,0.028579,Chordcat 0,control_change,1,,,,11,127,,,,,,B0 0B 7F,control_change channel=0 control=11 value=127 time=0
1416,2026-09-13T00:28:43.656+00:00,35.809928,0.147084,Chordcat 0,control_change,1,,,,11,121,,,,,,B0 0B 79,control_change channel=0 control=11 value=121 time=0
1417,2026-09-13T00:28:43.671+00:00,35.825035,0.015107,Chordcat 0,control_change,1,,,,11,112,,,,,,B0 0B 70,control_change channel=0 control=11 value=112 time=0
1418,2026-09-13T00:28:43.684+00:00,35.838087,0.013052,Chordcat 0,control_change,1,,,,11,104,,,,,,B0 0B 68,control_change channel=0 control=11 value=104 time=0
1419,2026-09-13T00:28:43.700+00:00,35.853695,0.015608,Chordcat 0,control_change,1,,,,11,97,,,,,,B0 0B 61,control_change channel=0 control=11 value=97 time=0
1420,2026-09-13T00:28:43.715+00:00,35.869072,0.015377,Chordcat 0,control_change,1,,,,11,90,,,,,,B0 0B 5A,control_change channel=0 control=11 value=90 time=0
1421,2026-09-13T00:28:43.730+00:00,35.883384,0.014312,Chordcat 0,control_change,1,,,,11,84,,,,,,B0 0B 54,control_change channel=0 control=11 value=84 time=0
1422,2026-09-13T00:28:43.744+00:00,35.897465,0.014081,Chordcat 0,control_change,1,,,,11,79,,,,,,B0 0B 4F,control_change channel=0 control=11 value=79 time=0
1423,2026-09-13T00:28:43.760+00:00,35.913196,0.015731,Chordcat 0,control_change,1,,,,11,75,,,,,,B0 0B 4B,control_change channel=0 control=11 value=75 time=0
1424,2026-09-13T00:28:43.774+00:00,35.927238,0.014043,Chordcat 0,control_change,1,,,,11,71,,,,,,B0 0B 47,control_change channel=0 control=11 value=71 time=0
1425,2026-09-13T00:28:43.788+00:00,35.941536,0.014297,Chordcat 0,control_change,1,,,,11,68,,,,,,B0 0B 44,control_change channel=0 control=11 value=68 time=0
1426,2026-09-13T00:28:43.804+00:00,35.957354,0.015819,Chordcat 0,control_change,1,,,,11,66,,,,,,B0 0B 42,control_change channel=0 control=11 value=66 time=0
1427,2026-09-13T00:28:43.817+00:00,35.971075,0.01372,Chordcat 0,control_change,1,,,,11,64,,,,,,B0 0B 40,control_change channel=0 control=11 value=64 time=0
1428,2026-09-13T00:28:43.833+00:00,35.986732,0.015658,Chordcat 0,control_change,1,,,,11,63,,,,,,B0 0B 3F,control_change channel=0 control=11 value=63 time=0
1429,2026-09-13T00:28:43.863+00:00,36.016114,0.029382,Chordcat 0,control_change,1,,,,11,127,,,,,,B0 0B 7F,control_change channel=0 control=11 value=127 time=0
1430,2026-09-13T00:28:44.009+00:00,36.162159,0.146045,Chordcat 0,control_change,1,,,,11,121,,,,,,B0 0B 79,control_change channel=0 control=11 value=121 time=0
1431,2026-09-13T00:28:44.024+00:00,36.177456,0.015296,Chordcat 0,control_change,1,,,,11,112,,,,,,B0 0B 70,control_change channel=0 control=11 value=112 time=0
1432,2026-09-13T00:28:44.039+00:00,36.192923,0.015467,Chordcat 0,control_change,1,,,,11,104,,,,,,B0 0B 68,control_change channel=0 control=11 value=104 time=0
1433,2026-09-13T00:28:44.053+00:00,36.206438,0.013515,Chordcat 0,control_change,1,,,,11,97,,,,,,B0 0B 61,control_change channel=0 control=11 value=97 time=0
1434,2026-09-13T00:28:44.068+00:00,36.221212,0.014774,Chordcat 0,control_change,1,,,,11,90,,,,,,B0 0B 5A,control_change channel=0 control=11 value=90 time=0
1435,2026-09-13T00:28:44.083+00:00,36.236474,0.015262,Chordcat 0,control_change,1,,,,11,84,,,,,,B0 0B 54,control_change channel=0 control=11 value=84 time=0
1436,2026-09-13T00:28:44.098+00:00,36.251406,0.014932,Chordcat 0,control_change,1,,,,11,79,,,,,,B0 0B 4F,control_change channel=0 control=11 value=79 time=0
1437,2026-09-13T00:28:44.112+00:00,36.265699,0.014293,Chordcat 0,control_change,1,,,,11,75,,,,,,B0 0B 4B,control_change channel=0 control=11 value=75 time=0
1438,2026-09-13T00:28:44.127+00:00,36.2803,0.014601,Chordcat 0,control_change,1,,,,11,71,,,,,,B0 0B 47,control_change channel=0 control=11 value=71 time=0
1439,2026-09-13T00:28:44.142+00:00,36.295692,0.015391,Chordcat 0,control_change,1,,,,11,68,,,,,,B0 0B 44,control_change channel=0 control=11 value=68 time=0
1440,2026-09-13T00:28:44.156+00:00,36.309751,0.01406,Chordcat 0,control_change,1,,,,11,66,,,,,,B0 0B 42,control_change channel=0 control=11 value=66 time=0
1441,2026-09-13T00:28:44.171+00:00,36.324739,0.014987,Chordcat 0,control_change,1,,,,11,64,,,,,,B0 0B 40,control_change channel=0 control=11 value=64 time=0
1442,2026-09-13T00:28:44.186+00:00,36.339168,0.014429,Chordcat 0,control_change,1,,,,11,63,,,,,,B0 0B 3F,control_change channel=0 control=11 value=63 time=0
1443,2026-09-13T00:28:44.215+00:00,36.369061,0.029893,Chordcat 0,control_change,1,,,,11,127,,,,,,B0 0B 7F,control_change channel=0 control=11 value=127 time=0
1444,2026-09-13T00:28:44.362+00:00,36.515874,0.146813,Chordcat 0,control_change,1,,,,11,121,,,,,,B0 0B 79,control_change channel=0 control=11 value=121 time=0
1445,2026-09-13T00:28:44.377+00:00,36.530117,0.014243,Chordcat 0,control_change,1,,,,11,112,,,,,,B0 0B 70,control_change channel=0 control=11 value=112 time=0
1446,2026-09-13T00:28:44.392+00:00,36.546028,0.015911,Chordcat 0,control_change,1,,,,11,104,,,,,,B0 0B 68,control_change channel=0 control=11 value=104 time=0
1447,2026-09-13T00:28:44.406+00:00,36.559869,0.013841,Chordcat 0,control_change,1,,,,11,97,,,,,,B0 0B 61,control_change channel=0 control=11 value=97 time=0
1448,2026-09-13T00:28:44.422+00:00,36.575457,0.015588,Chordcat 0,control_change,1,,,,11,90,,,,,,B0 0B 5A,control_change channel=0 control=11 value=90 time=0
1449,2026-09-13T00:28:44.436+00:00,36.589628,0.014172,Chordcat 0,control_change,1,,,,11,84,,,,,,B0 0B 54,control_change channel=0 control=11 value=84 time=0
1450,2026-09-13T00:28:44.450+00:00,36.603404,0.013776,Chordcat 0,control_change,1,,,,11,79,,,,,,B0 0B 4F,control_change channel=0 control=11 value=79 time=0
1451,2026-09-13T00:28:44.464+00:00,36.61805,0.014645,Chordcat 0,control_change,1,,,,11,75,,,,,,B0 0B 4B,control_change channel=0 control=11 value=75 time=0
1452,2026-09-13T00:28:44.480+00:00,36.633373,0.015323,Chordcat 0,control_change,1,,,,11,71,,,,,,B0 0B 47,control_change channel=0 control=11 value=71 time=0
1453,2026-09-13T00:28:44.494+00:00,36.648093,0.01472,Chordcat 0,control_change,1,,,,11,68,,,,,,B0 0B 44,control_change channel=0 control=11 value=68 time=0
1454,2026-09-13T00:28:44.510+00:00,36.663353,0.01526,Chordcat 0,control_change,1,,,,11,66,,,,,,B0 0B 42,control_change channel=0 control=11 value=66 time=0
1455,2026-09-13T00:28:44.524+00:00,36.677329,0.013976,Chordcat 0,control_change,1,,,,11,64,,,,,,B0 0B 40,control_change channel=0 control=11 value=64 time=0
1456,2026-09-13T00:28:44.539+00:00,36.692761,0.015432,Chordcat 0,control_change,1,,,,11,63,,,,,,B0 0B 3F,control_change channel=0 control=11 value=63 time=0
1457,2026-09-13T00:28:44.568+00:00,36.721415,0.028654,Chordcat 0,control_change,1,,,,11,127,,,,,,B0 0B 7F,control_change channel=0 control=11 value=127 time=0
1458,2026-09-13T00:28:44.715+00:00,36.868285,0.14687,Chordcat 0,control_change,1,,,,11,121,,,,,,B0 0B 79,control_change channel=0 control=11 value=121 time=0
1459,2026-09-13T00:28:44.730+00:00,36.88398,0.015695,Chordcat 0,control_change,1,,,,11,112,,,,,,B0 0B 70,control_change channel=0 control=11 value=112 time=0
1460,2026-09-13T00:28:44.745+00:00,36.898891,0.014911,Chordcat 0,control_change,1,,,,11,104,,,,,,B0 0B 68,control_change channel=0 control=11 value=104 time=0
1461,2026-09-13T00:28:44.758+00:00,36.91213,0.013239,Chordcat 0,control_change,1,,,,11,97,,,,,,B0 0B 61,control_change channel=0 control=11 value=97 time=0
1462,2026-09-13T00:28:44.774+00:00,36.927806,0.015676,Chordcat 0,control_change,1,,,,11,90,,,,,,B0 0B 5A,control_change channel=0 control=11 value=90 time=0
1463,2026-09-13T00:28:44.789+00:00,36.94214,0.014334,Chordcat 0,control_change,1,,,,11,84,,,,,,B0 0B 54,control_change channel=0 control=11 value=84 time=0
1464,2026-09-13T00:28:44.803+00:00,36.956299,0.014159,Chordcat 0,control_change,1,,,,11,79,,,,,,B0 0B 4F,control_change channel=0 control=11 value=79 time=0
1465,2026-09-13T00:28:44.818+00:00,36.971494,0.015196,Chordcat 0,control_change,1,,,,11,75,,,,,,B0 0B 4B,control_change channel=0 control=11 value=75 time=0
1466,2026-09-13T00:28:44.833+00:00,36.986215,0.014721,Chordcat 0,control_change,1,,,,11,71,,,,,,B0 0B 47,control_change channel=0 control=11 value=71 time=0
1467,2026-09-13T00:28:44.848+00:00,37.001924,0.015709,Chordcat 0,control_change,1,,,,11,68,,,,,,B0 0B 44,control_change channel=0 control=11 value=68 time=0
1468,2026-09-13T00:28:44.862+00:00,37.015497,0.013574,Chordcat 0,control_change,1,,,,11,66,,,,,,B0 0B 42,control_change channel=0 control=11 value=66 time=0
1469,2026-09-13T00:28:44.877+00:00,37.030828,0.015331,Chordcat 0,control_change,1,,,,11,64,,,,,,B0 0B 40,control_change channel=0 control=11 value=64 time=0
1470,2026-09-13T00:28:44.892+00:00,37.045737,0.014909,Chordcat 0,control_change,1,,,,11,63,,,,,,B0 0B 3F,control_change channel=0 control=11 value=63 time=0
1471,2026-09-13T00:28:44.922+00:00,37.075132,0.029395,Chordcat 0,control_change,1,,,,11,127,,,,,,B0 0B 7F,control_change channel=0 control=11 value=127 time=0
1472,2026-09-13T00:28:45.068+00:00,37.221809,0.146678,Chordcat 0,control_change,1,,,,11,121,,,,,,B0 0B 79,control_change channel=0 control=11 value=121 time=0
1473,2026-09-13T00:28:45.084+00:00,37.237143,0.015334,Chordcat 0,control_change,1,,,,11,112,,,,,,B0 0B 70,control_change channel=0 control=11 value=112 time=0
1474,2026-09-13T00:28:45.098+00:00,37.251442,0.014299,Chordcat 0,control_change,1,,,,11,104,,,,,,B0 0B 68,control_change channel=0 control=11 value=104 time=0
1475,2026-09-13T00:28:45.112+00:00,37.265262,0.01382,Chordcat 0,control_change,1,,,,11,97,,,,,,B0 0B 61,control_change channel=0 control=11 value=97 time=0
1476,2026-09-13T00:28:45.127+00:00,37.280642,0.01538,Chordcat 0,control_change,1,,,,11,90,,,,,,B0 0B 5A,control_change channel=0 control=11 value=90 time=0
1477,2026-09-13T00:28:45.142+00:00,37.295251,0.014609,Chordcat 0,control_change,1,,,,11,84,,,,,,B0 0B 54,control_change channel=0 control=11 value=84 time=0
1478,2026-09-13T00:28:45.158+00:00,37.311087,0.015836,Chordcat 0,control_change,1,,,,11,79,,,,,,B0 0B 4F,control_change channel=0 control=11 value=79 time=0
1479,2026-09-13T00:28:45.171+00:00,37.32432,0.013233,Chordcat 0,control_change,1,,,,11,75,,,,,,B0 0B 4B,control_change channel=0 control=11 value=75 time=0
1480,2026-09-13T00:28:45.186+00:00,37.339851,0.015531,Chordcat 0,control_change,1,,,,11,71,,,,,,B0 0B 47,control_change channel=0 control=11 value=71 time=0
1481,2026-09-13T00:28:45.201+00:00,37.354633,0.014782,Chordcat 0,control_change,1,,,,11,68,,,,,,B0 0B 44,control_change channel=0 control=11 value=68 time=0
1482,2026-09-13T00:28:45.215+00:00,37.36909,0.014457,Chordcat 0,control_change,1,,,,11,66,,,,,,B0 0B 42,control_change channel=0 control=11 value=66 time=0
1483,2026-09-13T00:28:45.230+00:00,37.383318,0.014228,Chordcat 0,control_change,1,,,,11,64,,,,,,B0 0B 40,control_change channel=0 control=11 value=64 time=0
1484,2026-09-13T00:28:45.245+00:00,37.39838,0.015062,Chordcat 0,control_change,1,,,,11,63,,,,,,B0 0B 3F,control_change channel=0 control=11 value=63 time=0
1485,2026-09-13T00:28:45.274+00:00,37.427837,0.029456,Chordcat 0,control_change,1,,,,11,127,,,,,,B0 0B 7F,control_change channel=0 control=11 value=127 time=0
1486,2026-09-13T00:28:45.421+00:00,37.574435,0.146598,Chordcat 0,control_change,1,,,,11,121,,,,,,B0 0B 79,control_change channel=0 control=11 value=121 time=0
1487,2026-09-13T00:28:45.436+00:00,37.589521,0.015086,Chordcat 0,control_change,1,,,,11,112,,,,,,B0 0B 70,control_change channel=0 control=11 value=112 time=0
1488,2026-09-13T00:28:45.451+00:00,37.604233,0.014712,Chordcat 0,control_change,1,,,,11,104,,,,,,B0 0B 68,control_change channel=0 control=11 value=104 time=0
1489,2026-09-13T00:28:45.464+00:00,37.61801,0.013777,Chordcat 0,control_change,1,,,,11,97,,,,,,B0 0B 61,control_change channel=0 control=11 value=97 time=0
1490,2026-09-13T00:28:45.479+00:00,37.633047,0.015037,Chordcat 0,control_change,1,,,,11,90,,,,,,B0 0B 5A,control_change channel=0 control=11 value=90 time=0
1491,2026-09-13T00:28:45.495+00:00,37.648321,0.015274,Chordcat 0,control_change,1,,,,11,84,,,,,,B0 0B 54,control_change channel=0 control=11 value=84 time=0
1492,2026-09-13T00:28:45.510+00:00,37.663482,0.015161,Chordcat 0,control_change,1,,,,11,79,,,,,,B0 0B 4F,control_change channel=0 control=11 value=79 time=0
1493,2026-09-13T00:28:45.524+00:00,37.677419,0.013937,Chordcat 0,control_change,1,,,,11,75,,,,,,B0 0B 4B,control_change channel=0 control=11 value=75 time=0
1494,2026-09-13T00:28:45.539+00:00,37.692563,0.015144,Chordcat 0,control_change,1,,,,11,71,,,,,,B0 0B 47,control_change channel=0 control=11 value=71 time=0
1495,2026-09-13T00:28:45.554+00:00,37.707203,0.01464,Chordcat 0,control_change,1,,,,11,68,,,,,,B0 0B 44,control_change channel=0 control=11 value=68 time=0
1496,2026-09-13T00:28:45.568+00:00,37.721678,0.014475,Chordcat 0,control_change,1,,,,11,66,,,,,,B0 0B 42,control_change channel=0 control=11 value=66 time=0
1497,2026-09-13T00:28:45.583+00:00,37.736457,0.014779,Chordcat 0,control_change,1,,,,11,64,,,,,,B0 0B 40,control_change channel=0 control=11 value=64 time=0
1498,2026-09-13T00:28:45.599+00:00,37.752371,0.015914,Chordcat 0,control_change,1,,,,11,63,,,,,,B0 0B 3F,control_change channel=0 control=11 value=63 time=0
1499,2026-09-13T00:28:45.627+00:00,37.780625,0.028254,Chordcat 0,control_change,1,,,,11,127,,,,,,B0 0B 7F,control_change channel=0 control=11 value=127 time=0
1500,2026-09-13T00:28:45.774+00:00,37.927402,0.146776,Chordcat 0,control_change,1,,,,11,121,,,,,,B0 0B 79,control_change channel=0 control=11 value=121 time=0
1501,2026-09-13T00:28:45.790+00:00,37.94315,0.015748,Chordcat 0,control_change,1,,,,11,112,,,,,,B0 0B 70,control_change channel=0 control=11 value=112 time=0
1502,2026-09-13T00:28:45.804+00:00,37.957282,0.014132,Chordcat 0,control_change,1,,,,11,104,,,,,,B0 0B 68,control_change channel=0 control=11 value=104 time=0
1503,2026-09-13T00:28:45.819+00:00,37.972991,0.015709,Chordcat 0,control_change,1,,,,11,97,,,,,,B0 0B 61,control_change channel=0 control=11 value=97 time=0
1504,2026-09-13T00:28:45.833+00:00,37.986887,0.013896,Chordcat 0,control_change,1,,,,11,90,,,,,,B0 0B 5A,control_change channel=0 control=11 value=90 time=0
1505,2026-09-13T00:28:45.848+00:00,38.001823,0.014936,Chordcat 0,control_change,1,,,,11,84,,,,,,B0 0B 54,control_change channel=0 control=11 value=84 time=0
1506,2026-09-13T00:28:45.863+00:00,38.016895,0.015071,Chordcat 0,control_change,1,,,,11,79,,,,,,B0 0B 4F,control_change channel=0 control=11 value=79 time=0
1507,2026-09-13T00:28:45.877+00:00,38.030504,0.01361,Chordcat 0,control_change,1,,,,11,75,,,,,,B0 0B 4B,control_change channel=0 control=11 value=75 time=0
1508,2026-09-13T00:28:45.891+00:00,38.045048,0.014544,Chordcat 0,control_change,1,,,,11,71,,,,,,B0 0B 47,control_change channel=0 control=11 value=71 time=0
1509,2026-09-13T00:28:45.907+00:00,38.06018,0.015132,Chordcat 0,control_change,1,,,,11,68,,,,,,B0 0B 44,control_change channel=0 control=11 value=68 time=0
1510,2026-09-13T00:28:45.922+00:00,38.075671,0.015492,Chordcat 0,control_change,1,,,,11,66,,,,,,B0 0B 42,control_change channel=0 control=11 value=66 time=0
1511,2026-09-13T00:28:45.936+00:00,38.089586,0.013915,Chordcat 0,control_change,1,,,,11,64,,,,,,B0 0B 40,control_change channel=0 control=11 value=64 time=0
1512,2026-09-13T00:28:45.951+00:00,38.104261,0.014675,Chordcat 0,control_change,1,,,,11,63,,,,,,B0 0B 3F,control_change channel=0 control=11 value=63 time=0
1513,2026-09-13T00:28:45.980+00:00,38.133935,0.029674,Chordcat 0,control_change,1,,,,11,127,,,,,,B0 0B 7F,control_change channel=0 control=11 value=127 time=0
1514,2026-09-13T00:28:46.127+00:00,38.280678,0.146743,Chordcat 0,control_change,1,,,,11,121,,,,,,B0 0B 79,control_change channel=0 control=11 value=121 time=0
1515,2026-09-13T00:28:46.142+00:00,38.295268,0.01459,Chordcat 0,control_change,1,,,,11,112,,,,,,B0 0B 70,control_change channel=0 control=11 value=112 time=0
1516,2026-09-13T00:28:46.158+00:00,38.311099,0.015832,Chordcat 0,control_change,1,,,,11,104,,,,,,B0 0B 68,control_change channel=0 control=11 value=104 time=0
1517,2026-09-13T00:28:46.172+00:00,38.325353,0.014254,Chordcat 0,control_change,1,,,,11,96,,,,,,B0 0B 60,control_change channel=0 control=11 value=96 time=0
1518,2026-09-13T00:28:46.186+00:00,38.339887,0.014534,Chordcat 0,control_change,1,,,,11,90,,,,,,B0 0B 5A,control_change channel=0 control=11 value=90 time=0
1519,2026-09-13T00:28:46.201+00:00,38.354252,0.014365,Chordcat 0,control_change,1,,,,11,84,,,,,,B0 0B 54,control_change channel=0 control=11 value=84 time=0
1520,2026-09-13T00:28:46.216+00:00,38.369382,0.015131,Chordcat 0,control_change,1,,,,11,79,,,,,,B0 0B 4F,control_change channel=0 control=11 value=79 time=0
1521,2026-09-13T00:28:46.230+00:00,38.383301,0.013919,Chordcat 0,control_change,1,,,,11,75,,,,,,B0 0B 4B,control_change channel=0 control=11 value=75 time=0
1522,2026-09-13T00:28:46.245+00:00,38.398242,0.014941,Chordcat 0,control_change,1,,,,11,71,,,,,,B0 0B 47,control_change channel=0 control=11 value=71 time=0
1523,2026-09-13T00:28:46.260+00:00,38.413684,0.015442,Chordcat 0,control_change,1,,,,11,68,,,,,,B0 0B 44,control_change channel=0 control=11 value=68 time=0
1524,2026-09-13T00:28:46.274+00:00,38.42779,0.014106,Chordcat 0,control_change,1,,,,11,66,,,,,,B0 0B 42,control_change channel=0 control=11 value=66 time=0
1525,2026-09-13T00:28:46.289+00:00,38.442746,0.014956,Chordcat 0,control_change,1,,,,11,64,,,,,,B0 0B 40,control_change channel=0 control=11 value=64 time=0
1526,2026-09-13T00:28:46.304+00:00,38.457803,0.015057,Chordcat 0,control_change,1,,,,11,63,,,,,,B0 0B 3F,control_change channel=0 control=11 value=63 time=0
1527,2026-09-13T00:28:46.333+00:00,38.486965,0.029162,Chordcat 0,control_change,1,,,,11,127,,,,,,B0 0B 7F,control_change channel=0 control=11 value=127 time=0
1528,2026-09-13T00:28:46.480+00:00,38.633577,0.146612,Chordcat 0,control_change,1,,,,11,121,,,,,,B0 0B 79,control_change channel=0 control=11 value=121 time=0
1529,2026-09-13T00:28:46.495+00:00,38.648836,0.015259,Chordcat 0,control_change,1,,,,11,112,,,,,,B0 0B 70,control_change channel=0 control=11 value=112 time=0
1530,2026-09-13T00:28:46.509+00:00,38.663073,0.014236,Chordcat 0,control_change,1,,,,11,104,,,,,,B0 0B 68,control_change channel=0 control=11 value=104 time=0
1531,2026-09-13T00:28:46.524+00:00,38.677687,0.014615,Chordcat 0,control_change,1,,,,11,97,,,,,,B0 0B 61,control_change channel=0 control=11 value=97 time=0
1532,2026-09-13T00:28:46.539+00:00,38.693124,0.015437,Chordcat 0,control_change,1,,,,11,90,,,,,,B0 0B 5A,control_change channel=0 control=11 value=90 time=0
1533,2026-09-13T00:28:46.554+00:00,38.707812,0.014688,Chordcat 0,control_change,1,,,,11,84,,,,,,B0 0B 54,control_change channel=0 control=11 value=84 time=0
1534,2026-09-13T00:28:46.568+00:00,38.722065,0.014253,Chordcat 0,control_change,1,,,,11,79,,,,,,B0 0B 4F,control_change channel=0 control=11 value=79 time=0
1535,2026-09-13T00:28:46.583+00:00,38.736163,0.014099,Chordcat 0,control_change,1,,,,11,75,,,,,,B0 0B 4B,control_change channel=0 control=11 value=75 time=0
1536,2026-09-13T00:28:46.598+00:00,38.751187,0.015024,Chordcat 0,control_change,1,,,,11,71,,,,,,B0 0B 47,control_change channel=0 control=11 value=71 time=0
1537,2026-09-13T00:28:46.613+00:00,38.766265,0.015077,Chordcat 0,control_change,1,,,,11,68,,,,,,B0 0B 44,control_change channel=0 control=11 value=68 time=0
1538,2026-09-13T00:28:46.627+00:00,38.781007,0.014742,Chordcat 0,control_change,1,,,,11,66,,,,,,B0 0B 42,control_change channel=0 control=11 value=66 time=0
1539,2026-09-13T00:28:46.642+00:00,38.795149,0.014142,Chordcat 0,control_change,1,,,,11,64,,,,,,B0 0B 40,control_change channel=0 control=11 value=64 time=0
1540,2026-09-13T00:28:46.656+00:00,38.810038,0.014889,Chordcat 0,control_change,1,,,,11,63,,,,,,B0 0B 3F,control_change channel=0 control=11 value=63 time=0
1541,2026-09-13T00:28:46.685+00:00,38.839042,0.029004,Chordcat 0,control_change,1,,,,11,127,,,,,,B0 0B 7F,control_change channel=0 control=11 value=127 time=0
1542,2026-09-13T00:28:46.835+00:00,38.988243,0.149201,Chordcat 0,control_change,1,,,,11,120,,,,,,B0 0B 78,control_change channel=0 control=11 value=120 time=0
1543,2026-09-13T00:28:46.848+00:00,39.001791,0.013548,Chordcat 0,control_change,1,,,,11,112,,,,,,B0 0B 70,control_change channel=0 control=11 value=112 time=0
1544,2026-09-13T00:28:46.863+00:00,39.016548,0.014757,Chordcat 0,control_change,1,,,,11,104,,,,,,B0 0B 68,control_change channel=0 control=11 value=104 time=0
1545,2026-09-13T00:28:46.878+00:00,39.031092,0.014544,Chordcat 0,control_change,1,,,,11,96,,,,,,B0 0B 60,control_change channel=0 control=11 value=96 time=0
1546,2026-09-13T00:28:46.892+00:00,39.04571,0.014619,Chordcat 0,control_change,1,,,,11,90,,,,,,B0 0B 5A,control_change channel=0 control=11 value=90 time=0
1547,2026-09-13T00:28:46.907+00:00,39.060114,0.014404,Chordcat 0,control_change,1,,,,11,84,,,,,,B0 0B 54,control_change channel=0 control=11 value=84 time=0
1548,2026-09-13T00:28:46.922+00:00,39.075421,0.015307,Chordcat 0,control_change,1,,,,11,79,,,,,,B0 0B 4F,control_change channel=0 control=11 value=79 time=0
1549,2026-09-13T00:28:46.936+00:00,39.089906,0.014485,Chordcat 0,control_change,1,,,,11,75,,,,,,B0 0B 4B,control_change channel=0 control=11 value=75 time=0
1550,2026-09-13T00:28:46.951+00:00,39.104237,0.014331,Chordcat 0,control_change,1,,,,11,71,,,,,,B0 0B 47,control_change channel=0 control=11 value=71 time=0
1551,2026-09-13T00:28:46.966+00:00,39.120007,0.01577,Chordcat 0,control_change,1,,,,11,68,,,,,,B0 0B 44,control_change channel=0 control=11 value=68 time=0
1552,2026-09-13T00:28:46.981+00:00,39.134296,0.014289,Chordcat 0,control_change,1,,,,11,65,,,,,,B0 0B 41,control_change channel=0 control=11 value=65 time=0
1553,2026-09-13T00:28:46.995+00:00,39.148985,0.014689,Chordcat 0,control_change,1,,,,11,64,,,,,,B0 0B 40,control_change channel=0 control=11 value=64 time=0
1554,2026-09-13T00:28:47.010+00:00,39.163846,0.014861,Chordcat 0,control_change,1,,,,11,63,,,,,,B0 0B 3F,control_change channel=0 control=11 value=63 time=0
1555,2026-09-13T00:28:47.039+00:00,39.192714,0.028868,Chordcat 0,control_change,1,,,,11,127,,,,,,B0 0B 7F,control_change channel=0 control=11 value=127 time=0
1556,2026-09-13T00:28:47.186+00:00,39.339858,0.147144,Chordcat 0,control_change,1,,,,11,121,,,,,,B0 0B 79,control_change channel=0 control=11 value=121 time=0
1557,2026-09-13T00:28:47.200+00:00,39.354238,0.014379,Chordcat 0,control_change,1,,,,11,112,,,,,,B0 0B 70,control_change channel=0 control=11 value=112 time=0
1558,2026-09-13T00:28:47.216+00:00,39.369162,0.014925,Chordcat 0,control_change,1,,,,11,104,,,,,,B0 0B 68,control_change channel=0 control=11 value=104 time=0
1559,2026-09-13T00:28:47.232+00:00,39.385097,0.015935,Chordcat 0,control_change,1,,,,11,96,,,,,,B0 0B 60,control_change channel=0 control=11 value=96 time=0
1560,2026-09-13T00:28:47.245+00:00,39.39844,0.013343,Chordcat 0,control_change,1,,,,11,90,,,,,,B0 0B 5A,control_change channel=0 control=11 value=90 time=0
1561,2026-09-13T00:28:47.259+00:00,39.413029,0.014589,Chordcat 0,control_change,1,,,,11,84,,,,,,B0 0B 54,control_change channel=0 control=11 value=84 time=0
1562,2026-09-13T00:28:47.276+00:00,39.429253,0.016223,Chordcat 0,control_change,1,,,,11,79,,,,,,B0 0B 4F,control_change channel=0 control=11 value=79 time=0
1563,2026-09-13T00:28:47.289+00:00,39.443,0.013748,Chordcat 0,control_change,1,,,,11,75,,,,,,B0 0B 4B,control_change channel=0 control=11 value=75 time=0
1564,2026-09-13T00:28:47.304+00:00,39.457957,0.014956,Chordcat 0,control_change,1,,,,11,71,,,,,,B0 0B 47,control_change channel=0 control=11 value=71 time=0
1565,2026-09-13T00:28:47.319+00:00,39.473021,0.015064,Chordcat 0,control_change,1,,,,11,68,,,,,,B0 0B 44,control_change channel=0 control=11 value=68 time=0
1566,2026-09-13T00:28:47.333+00:00,39.487114,0.014093,Chordcat 0,control_change,1,,,,11,65,,,,,,B0 0B 41,control_change channel=0 control=11 value=65 time=0
1567,2026-09-13T00:28:47.348+00:00,39.501304,0.01419,Chordcat 0,control_change,1,,,,11,64,,,,,,B0 0B 40,control_change channel=0 control=11 value=64 time=0
1568,2026-09-13T00:28:47.363+00:00,39.516425,0.015121,Chordcat 0,control_change,1,,,,11,63,,,,,,B0 0B 3F,control_change channel=0 control=11 value=63 time=0
1569,2026-09-13T00:28:47.391+00:00,39.545101,0.028676,Chordcat 0,control_change,1,,,,11,127,,,,,,B0 0B 7F,control_change channel=0 control=11 value=127 time=0
1570,2026-09-13T00:28:47.538+00:00,39.69206,0.146959,Chordcat 0,control_change,1,,,,11,121,,,,,,B0 0B 79,control_change channel=0 control=11 value=121 time=0
1571,2026-09-13T00:28:47.554+00:00,39.7072,0.01514,Chordcat 0,control_change,1,,,,11,112,,,,,,B0 0B 70,control_change channel=0 control=11 value=112 time=0
1572,2026-09-13T00:28:47.569+00:00,39.722132,0.014932,Chordcat 0,control_change,1,,,,11,104,,,,,,B0 0B 68,control_change channel=0 control=11 value=104 time=0
1573,2026-09-13T00:28:47.583+00:00,39.736869,0.014737,Chordcat 0,control_change,1,,,,11,96,,,,,,B0 0B 60,control_change channel=0 control=11 value=96 time=0
1574,2026-09-13T00:28:47.598+00:00,39.751303,0.014435,Chordcat 0,control_change,1,,,,11,90,,,,,,B0 0B 5A,control_change channel=0 control=11 value=90 time=0
1575,2026-09-13T00:28:47.613+00:00,39.766425,0.015122,Chordcat 0,control_change,1,,,,11,84,,,,,,B0 0B 54,control_change channel=0 control=11 value=84 time=0
1576,2026-09-13T00:28:47.628+00:00,39.781552,0.015127,Chordcat 0,control_change,1,,,,11,79,,,,,,B0 0B 4F,control_change channel=0 control=11 value=79 time=0
1577,2026-09-13T00:28:47.643+00:00,39.796685,0.015133,Chordcat 0,control_change,1,,,,11,75,,,,,,B0 0B 4B,control_change channel=0 control=11 value=75 time=0
1578,2026-09-13T00:28:47.657+00:00,39.810533,0.013848,Chordcat 0,control_change,1,,,,11,71,,,,,,B0 0B 47,control_change channel=0 control=11 value=71 time=0
1579,2026-09-13T00:28:47.671+00:00,39.825046,0.014513,Chordcat 0,control_change,1,,,,11,68,,,,,,B0 0B 44,control_change channel=0 control=11 value=68 time=0
1580,2026-09-13T00:28:47.687+00:00,39.840855,0.015809,Chordcat 0,control_change,1,,,,11,66,,,,,,B0 0B 42,control_change channel=0 control=11 value=66 time=0
1581,2026-09-13T00:28:47.701+00:00,39.854588,0.013733,Chordcat 0,control_change,1,,,,11,64,,,,,,B0 0B 40,control_change channel=0 control=11 value=64 time=0
1582,2026-09-13T00:28:47.716+00:00,39.869356,0.014767,Chordcat 0,control_change,1,,,,11,63,,,,,,B0 0B 3F,control_change channel=0 control=11 value=63 time=0
1583,2026-09-13T00:28:47.746+00:00,39.899846,0.03049,Chordcat 0,control_change,1,,,,11,127,,,,,,B0 0B 7F,control_change channel=0 control=11 value=127 time=0
1584,2026-09-13T00:28:47.893+00:00,40.046615,0.146769,Chordcat 0,control_change,1,,,,11,121,,,,,,B0 0B 79,control_change channel=0 control=11 value=121 time=0
1585,2026-09-13T00:28:47.907+00:00,40.061076,0.014461,Chordcat 0,control_change,1,,,,11,112,,,,,,B0 0B 70,control_change channel=0 control=11 value=112 time=0
1586,2026-09-13T00:28:47.922+00:00,40.075229,0.014153,Chordcat 0,control_change,1,,,,11,104,,,,,,B0 0B 68,control_change channel=0 control=11 value=104 time=0
1587,2026-09-13T00:28:47.937+00:00,40.090988,0.01576,Chordcat 0,control_change,1,,,,11,97,,,,,,B0 0B 61,control_change channel=0 control=11 value=97 time=0
1588,2026-09-13T00:28:47.951+00:00,40.104154,0.013166,Chordcat 0,control_change,1,,,,11,91,,,,,,B0 0B 5B,control_change channel=0 control=11 value=91 time=0
1589,2026-09-13T00:28:47.966+00:00,40.119396,0.015242,Chordcat 0,control_change,1,,,,11,85,,,,,,B0 0B 55,control_change channel=0 control=11 value=85 time=0
1590,2026-09-13T00:28:47.982+00:00,40.135113,0.015717,Chordcat 0,control_change,1,,,,11,79,,,,,,B0 0B 4F,control_change channel=0 control=11 value=79 time=0
1591,2026-09-13T00:28:47.996+00:00,40.149631,0.014519,Chordcat 0,control_change,1,,,,11,75,,,,,,B0 0B 4B,control_change channel=0 control=11 value=75 time=0
1592,2026-09-13T00:28:48.010+00:00,40.163683,0.014051,Chordcat 0,control_change,1,,,,11,71,,,,,,B0 0B 47,control_change channel=0 control=11 value=71 time=0
1593,2026-09-13T00:28:48.025+00:00,40.178928,0.015245,Chordcat 0,control_change,1,,,,11,68,,,,,,B0 0B 44,control_change channel=0 control=11 value=68 time=0
1594,2026-09-13T00:28:48.040+00:00,40.193628,0.0147,Chordcat 0,control_change,1,,,,11,66,,,,,,B0 0B 42,control_change channel=0 control=11 value=66 time=0
1595,2026-09-13T00:28:48.053+00:00,40.207056,0.013428,Chordcat 0,control_change,1,,,,11,64,,,,,,B0 0B 40,control_change channel=0 control=11 value=64 time=0
1596,2026-09-13T00:28:48.069+00:00,40.222244,0.015188,Chordcat 0,control_change,1,,,,11,63,,,,,,B0 0B 3F,control_change channel=0 control=11 value=63 time=0
1597,2026-09-13T00:28:48.098+00:00,40.251246,0.029003,Chordcat 0,control_change,1,,,,11,127,,,,,,B0 0B 7F,control_change channel=0 control=11 value=127 time=0
1598,2026-09-13T00:28:48.246+00:00,40.39947,0.148224,Chordcat 0,control_change,1,,,,11,120,,,,,,B0 0B 78,control_change channel=0 control=11 value=120 time=0
1599,2026-09-13T00:28:48.260+00:00,40.414047,0.014576,Chordcat 0,control_change,1,,,,11,112,,,,,,B0 0B 70,control_change channel=0 control=11 value=112 time=0
1600,2026-09-13T00:28:48.275+00:00,40.428698,0.014651,Chordcat 0,control_change,1,,,,11,104,,,,,,B0 0B 68,control_change channel=0 control=11 value=104 time=0
1601,2026-09-13T00:28:48.290+00:00,40.443202,0.014504,Chordcat 0,control_change,1,,,,11,96,,,,,,B0 0B 60,control_change channel=0 control=11 value=96 time=0
1602,2026-09-13T00:28:48.304+00:00,40.457306,0.014103,Chordcat 0,control_change,1,,,,11,90,,,,,,B0 0B 5A,control_change channel=0 control=11 value=90 time=0
1603,2026-09-13T00:28:48.318+00:00,40.472112,0.014806,Chordcat 0,control_change,1,,,,11,84,,,,,,B0 0B 54,control_change channel=0 control=11 value=84 time=0
1604,2026-09-13T00:28:48.334+00:00,40.487216,0.015105,Chordcat 0,control_change,1,,,,11,79,,,,,,B0 0B 4F,control_change channel=0 control=11 value=79 time=0
1605,2026-09-13T00:28:48.348+00:00,40.501681,0.014465,Chordcat 0,control_change,1,,,,11,75,,,,,,B0 0B 4B,control_change channel=0 control=11 value=75 time=0
1606,2026-09-13T00:28:48.363+00:00,40.516716,0.015035,Chordcat 0,control_change,1,,,,11,71,,,,,,B0 0B 47,control_change channel=0 control=11 value=71 time=0
1607,2026-09-13T00:28:48.378+00:00,40.531971,0.015255,Chordcat 0,control_change,1,,,,11,68,,,,,,B0 0B 44,control_change channel=0 control=11 value=68 time=0
1608,2026-09-13T00:28:48.393+00:00,40.546291,0.01432,Chordcat 0,control_change,1,,,,11,65,,,,,,B0 0B 41,control_change channel=0 control=11 value=65 time=0
1609,2026-09-13T00:28:48.406+00:00,40.560041,0.01375,Chordcat 0,control_change,1,,,,11,64,,,,,,B0 0B 40,control_change channel=0 control=11 value=64 time=0
1610,2026-09-13T00:28:48.422+00:00,40.57543,0.015389,Chordcat 0,control_change,1,,,,11,63,,,,,,B0 0B 3F,control_change channel=0 control=11 value=63 time=0
1611,2026-09-13T00:28:48.452+00:00,40.605256,0.029827,Chordcat 0,control_change,1,,,,11,127,,,,,,B0 0B 7F,control_change channel=0 control=11 value=127 time=0
1612,2026-09-13T00:28:48.599+00:00,40.752423,0.147167,Chordcat 0,control_change,1,,,,11,120,,,,,,B0 0B 78,control_change channel=0 control=11 value=120 time=0
1613,2026-09-13T00:28:48.613+00:00,40.766809,0.014386,Chordcat 0,control_change,1,,,,11,112,,,,,,B0 0B 70,control_change channel=0 control=11 value=112 time=0
1614,2026-09-13T00:28:48.627+00:00,40.781026,0.014216,Chordcat 0,control_change,1,,,,11,104,,,,,,B0 0B 68,control_change channel=0 control=11 value=104 time=0
1615,2026-09-13T00:28:48.643+00:00,40.796433,0.015407,Chordcat 0,control_change,1,,,,11,97,,,,,,B0 0B 61,control_change channel=0 control=11 value=97 time=0
1616,2026-09-13T00:28:48.658+00:00,40.811432,0.014999,Chordcat 0,control_change,1,,,,11,90,,,,,,B0 0B 5A,control_change channel=0 control=11 value=90 time=0
1617,2026-09-13T00:28:48.672+00:00,40.825593,0.014161,Chordcat 0,control_change,1,,,,11,84,,,,,,B0 0B 54,control_change channel=0 control=11 value=84 time=0
1618,2026-09-13T00:28:48.687+00:00,40.840145,0.014552,Chordcat 0,control_change,1,,,,11,79,,,,,,B0 0B 4F,control_change channel=0 control=11 value=79 time=0
1619,2026-09-13T00:28:48.702+00:00,40.85533,0.015185,Chordcat 0,control_change,1,,,,11,75,,,,,,B0 0B 4B,control_change channel=0 control=11 value=75 time=0
1620,2026-09-13T00:28:48.716+00:00,40.869308,0.013978,Chordcat 0,control_change,1,,,,11,71,,,,,,B0 0B 47,control_change channel=0 control=11 value=71 time=0
1621,2026-09-13T00:28:48.730+00:00,40.884077,0.014769,Chordcat 0,control_change,1,,,,11,68,,,,,,B0 0B 44,control_change channel=0 control=11 value=68 time=0
1622,2026-09-13T00:28:48.745+00:00,40.899073,0.014996,Chordcat 0,control_change,1,,,,11,66,,,,,,B0 0B 42,control_change channel=0 control=11 value=66 time=0
1623,2026-09-13T00:28:48.761+00:00,40.914616,0.015543,Chordcat 0,control_change,1,,,,11,64,,,,,,B0 0B 40,control_change channel=0 control=11 value=64 time=0
1624,2026-09-13T00:28:48.775+00:00,40.928843,0.014228,Chordcat 0,control_change,1,,,,11,63,,,,,,B0 0B 3F,control_change channel=0 control=11 value=63 time=0
1625,2026-09-13T00:28:48.805+00:00,40.958494,0.02965,Chordcat 0,control_change,1,,,,11,127,,,,,,B0 0B 7F,control_change channel=0 control=11 value=127 time=0
1626,2026-09-13T00:28:48.951+00:00,41.104995,0.146502,Chordcat 0,control_change,1,,,,11,121,,,,,,B0 0B 79,control_change channel=0 control=11 value=121 time=0
1627,2026-09-13T00:28:48.966+00:00,41.119489,0.014494,Chordcat 0,control_change,1,,,,11,112,,,,,,B0 0B 70,control_change channel=0 control=11 value=112 time=0
1628,2026-09-13T00:28:48.981+00:00,41.134515,0.015026,Chordcat 0,control_change,1,,,,11,104,,,,,,B0 0B 68,control_change channel=0 control=11 value=104 time=0
1629,2026-09-13T00:28:48.996+00:00,41.149405,0.01489,Chordcat 0,control_change,1,,,,11,97,,,,,,B0 0B 61,control_change channel=0 control=11 value=97 time=0
1630,2026-09-13T00:28:49.011+00:00,41.164821,0.015416,Chordcat 0,control_change,1,,,,11,90,,,,,,B0 0B 5A,control_change channel=0 control=11 value=90 time=0
1631,2026-09-13T00:28:49.024+00:00,41.178022,0.013201,Chordcat 0,control_change,1,,,,11,85,,,,,,B0 0B 55,control_change channel=0 control=11 value=85 time=0
1632,2026-09-13T00:28:49.040+00:00,41.193677,0.015655,Chordcat 0,control_change,1,,,,11,79,,,,,,B0 0B 4F,control_change channel=0 control=11 value=79 time=0
1633,2026-09-13T00:28:49.055+00:00,41.208566,0.01489,Chordcat 0,control_change,1,,,,11,75,,,,,,B0 0B 4B,control_change channel=0 control=11 value=75 time=0
1634,2026-09-13T00:28:49.070+00:00,41.22323,0.014664,Chordcat 0,control_change,1,,,,11,71,,,,,,B0 0B 47,control_change channel=0 control=11 value=71 time=0
1635,2026-09-13T00:28:49.084+00:00,41.237456,0.014225,Chordcat 0,control_change,1,,,,11,68,,,,,,B0 0B 44,control_change channel=0 control=11 value=68 time=0
1636,2026-09-13T00:28:49.099+00:00,41.252874,0.015418,Chordcat 0,control_change,1,,,,11,66,,,,,,B0 0B 42,control_change channel=0 control=11 value=66 time=0
1637,2026-09-13T00:28:49.113+00:00,41.266679,0.013805,Chordcat 0,control_change,1,,,,11,64,,,,,,B0 0B 40,control_change channel=0 control=11 value=64 time=0
1638,2026-09-13T00:28:49.128+00:00,41.281693,0.015014,Chordcat 0,control_change,1,,,,11,63,,,,,,B0 0B 3F,control_change channel=0 control=11 value=63 time=0
1639,2026-09-13T00:28:49.158+00:00,41.311556,0.029863,Chordcat 0,control_change,1,,,,11,127,,,,,,B0 0B 7F,control_change channel=0 control=11 value=127 time=0
1640,2026-09-13T00:28:49.304+00:00,41.45811,0.146554,Chordcat 0,control_change,1,,,,11,121,,,,,,B0 0B 79,control_change channel=0 control=11 value=121 time=0
1641,2026-09-13T00:28:49.319+00:00,41.472948,0.014838,Chordcat 0,control_change,1,,,,11,112,,,,,,B0 0B 70,control_change channel=0 control=11 value=112 time=0
1642,2026-09-13T00:28:49.334+00:00,41.4873,0.014352,Chordcat 0,control_change,1,,,,11,104,,,,,,B0 0B 68,control_change channel=0 control=11 value=104 time=0
1643,2026-09-13T00:28:49.348+00:00,41.502054,0.014754,Chordcat 0,control_change,1,,,,11,97,,,,,,B0 0B 61,control_change channel=0 control=11 value=97 time=0
1644,2026-09-13T00:28:49.364+00:00,41.517432,0.015378,Chordcat 0,control_change,1,,,,11,91,,,,,,B0 0B 5B,control_change channel=0 control=11 value=91 time=0
1645,2026-09-13T00:28:49.378+00:00,41.531832,0.0144,Chordcat 0,control_change,1,,,,11,85,,,,,,B0 0B 55,control_change channel=0 control=11 value=85 time=0
1646,2026-09-13T00:28:49.393+00:00,41.546365,0.014533,Chordcat 0,control_change,1,,,,11,79,,,,,,B0 0B 4F,control_change channel=0 control=11 value=79 time=0
1647,2026-09-13T00:28:49.407+00:00,41.561036,0.014671,Chordcat 0,control_change,1,,,,11,75,,,,,,B0 0B 4B,control_change channel=0 control=11 value=75 time=0
1648,2026-09-13T00:28:49.422+00:00,41.575754,0.014717,Chordcat 0,control_change,1,,,,11,71,,,,,,B0 0B 47,control_change channel=0 control=11 value=71 time=0
1649,2026-09-13T00:28:49.437+00:00,41.590431,0.014678,Chordcat 0,control_change,1,,,,11,68,,,,,,B0 0B 44,control_change channel=0 control=11 value=68 time=0
1650,2026-09-13T00:28:49.452+00:00,41.605651,0.01522,Chordcat 0,control_change,1,,,,11,66,,,,,,B0 0B 42,control_change channel=0 control=11 value=66 time=0
1651,2026-09-13T00:28:49.466+00:00,41.61936,0.013709,Chordcat 0,control_change,1,,,,11,64,,,,,,B0 0B 40,control_change channel=0 control=11 value=64 time=0
1652,2026-09-13T00:28:49.481+00:00,41.634713,0.015353,Chordcat 0,control_change,1,,,,11,63,,,,,,B0 0B 3F,control_change channel=0 control=11 value=63 time=0
1653,2026-09-13T00:28:49.511+00:00,41.664456,0.029743,Chordcat 0,control_change,1,,,,11,127,,,,,,B0 0B 7F,control_change channel=0 control=11 value=127 time=0
1654,2026-09-13T00:28:49.658+00:00,41.811811,0.147354,Chordcat 0,control_change,1,,,,11,121,,,,,,B0 0B 79,control_change channel=0 control=11 value=121 time=0
1655,2026-09-13T00:28:49.673+00:00,41.826202,0.014391,Chordcat 0,control_change,1,,,,11,112,,,,,,B0 0B 70,control_change channel=0 control=11 value=112 time=0
1656,2026-09-13T00:28:49.686+00:00,41.839913,0.013712,Chordcat 0,control_change,1,,,,11,104,,,,,,B0 0B 68,control_change channel=0 control=11 value=104 time=0
1657,2026-09-13T00:28:49.702+00:00,41.855337,0.015423,Chordcat 0,control_change,1,,,,11,97,,,,,,B0 0B 61,control_change channel=0 control=11 value=97 time=0
1658,2026-09-13T00:28:49.717+00:00,41.870561,0.015224,Chordcat 0,control_change,1,,,,11,90,,,,,,B0 0B 5A,control_change channel=0 control=11 value=90 time=0
1659,2026-09-13T00:28:49.731+00:00,41.884644,0.014083,Chordcat 0,control_change,1,,,,11,85,,,,,,B0 0B 55,control_change channel=0 control=11 value=85 time=0
1660,2026-09-13T00:28:49.750+00:00,41.90437,0.019726,Chordcat 0,control_change,1,,,,11,79,,,,,,B0 0B 4F,control_change channel=0 control=11 value=79 time=0
1661,2026-09-13T00:28:49.761+00:00,41.914583,0.010212,Chordcat 0,control_change,1,,,,11,75,,,,,,B0 0B 4B,control_change channel=0 control=11 value=75 time=0
1662,2026-09-13T00:28:49.776+00:00,41.929444,0.014861,Chordcat 0,control_change,1,,,,11,71,,,,,,B0 0B 47,control_change channel=0 control=11 value=71 time=0
1663,2026-09-13T00:28:49.789+00:00,41.94306,0.013617,Chordcat 0,control_change,1,,,,11,68,,,,,,B0 0B 44,control_change channel=0 control=11 value=68 time=0
1664,2026-09-13T00:28:49.805+00:00,41.958861,0.015801,Chordcat 0,control_change,1,,,,11,66,,,,,,B0 0B 42,control_change channel=0 control=11 value=66 time=0
1665,2026-09-13T00:28:49.819+00:00,41.973036,0.014175,Chordcat 0,control_change,1,,,,11,64,,,,,,B0 0B 40,control_change channel=0 control=11 value=64 time=0
1666,2026-09-13T00:28:49.834+00:00,41.987658,0.014622,Chordcat 0,control_change,1,,,,11,63,,,,,,B0 0B 3F,control_change channel=0 control=11 value=63 time=0
1667,2026-09-13T00:28:49.864+00:00,42.017357,0.029699,Chordcat 0,control_change,1,,,,11,127,,,,,,B0 0B 7F,control_change channel=0 control=11 value=127 time=0
1668,2026-09-13T00:28:50.011+00:00,42.164722,0.147365,Chordcat 0,control_change,1,,,,11,121,,,,,,B0 0B 79,control_change channel=0 control=11 value=121 time=0
1669,2026-09-13T00:28:50.024+00:00,42.178041,0.013319,Chordcat 0,control_change,1,,,,11,112,,,,,,B0 0B 70,control_change channel=0 control=11 value=112 time=0
1670,2026-09-13T00:28:50.039+00:00,42.19301,0.014969,Chordcat 0,control_change,1,,,,11,104,,,,,,B0 0B 68,control_change channel=0 control=11 value=104 time=0
1671,2026-09-13T00:28:50.054+00:00,42.207855,0.014846,Chordcat 0,control_change,1,,,,11,97,,,,,,B0 0B 61,control_change channel=0 control=11 value=97 time=0
1672,2026-09-13T00:28:50.070+00:00,42.223218,0.015363,Chordcat 0,control_change,1,,,,11,90,,,,,,B0 0B 5A,control_change channel=0 control=11 value=90 time=0
1673,2026-09-13T00:28:50.084+00:00,42.237271,0.014052,Chordcat 0,control_change,1,,,,11,85,,,,,,B0 0B 55,control_change channel=0 control=11 value=85 time=0
1674,2026-09-13T00:28:50.099+00:00,42.252752,0.015482,Chordcat 0,control_change,1,,,,11,79,,,,,,B0 0B 4F,control_change channel=0 control=11 value=79 time=0
1675,2026-09-13T00:28:50.114+00:00,42.26716,0.014408,Chordcat 0,control_change,1,,,,11,75,,,,,,B0 0B 4B,control_change channel=0 control=11 value=75 time=0
1676,2026-09-13T00:28:50.128+00:00,42.28162,0.01446,Chordcat 0,control_change,1,,,,11,71,,,,,,B0 0B 47,control_change channel=0 control=11 value=71 time=0
1677,2026-09-13T00:28:50.142+00:00,42.29586,0.014239,Chordcat 0,control_change,1,,,,11,68,,,,,,B0 0B 44,control_change channel=0 control=11 value=68 time=0
1678,2026-09-13T00:28:50.158+00:00,42.311486,0.015627,Chordcat 0,control_change,1,,,,11,66,,,,,,B0 0B 42,control_change channel=0 control=11 value=66 time=0
1679,2026-09-13T00:28:50.173+00:00,42.326157,0.01467,Chordcat 0,control_change,1,,,,11,64,,,,,,B0 0B 40,control_change channel=0 control=11 value=64 time=0
1680,2026-09-13T00:28:50.186+00:00,42.340131,0.013974,Chordcat 0,control_change,1,,,,11,63,,,,,,B0 0B 3F,control_change channel=0 control=11 value=63 time=0
1681,2026-09-13T00:28:50.216+00:00,42.370019,0.029889,Chordcat 0,control_change,1,,,,11,127,,,,,,B0 0B 7F,control_change channel=0 control=11 value=127 time=0
1682,2026-09-13T00:28:50.364+00:00,42.517752,0.147732,Chordcat 0,control_change,1,,,,11,121,,,,,,B0 0B 79,control_change channel=0 control=11 value=121 time=0
1683,2026-09-13T00:28:50.378+00:00,42.531877,0.014125,Chordcat 0,control_change,1,,,,11,112,,,,,,B0 0B 70,control_change channel=0 control=11 value=112 time=0
1684,2026-09-13T00:28:50.393+00:00,42.546293,0.014417,Chordcat 0,control_change,1,,,,11,104,,,,,,B0 0B 68,control_change channel=0 control=11 value=104 time=0
1685,2026-09-13T00:28:50.407+00:00,42.560904,0.01461,Chordcat 0,control_change,1,,,,11,97,,,,,,B0 0B 61,control_change channel=0 control=11 value=97 time=0
1686,2026-09-13T00:28:50.422+00:00,42.576019,0.015115,Chordcat 0,control_change,1,,,,11,90,,,,,,B0 0B 5A,control_change channel=0 control=11 value=90 time=0
1687,2026-09-13T00:28:50.436+00:00,42.589978,0.01396,Chordcat 0,control_change,1,,,,11,85,,,,,,B0 0B 55,control_change channel=0 control=11 value=85 time=0
1688,2026-09-13T00:28:50.452+00:00,42.605288,0.01531,Chordcat 0,control_change,1,,,,11,80,,,,,,B0 0B 50,control_change channel=0 control=11 value=80 time=0
1689,2026-09-13T00:28:50.467+00:00,42.620815,0.015526,Chordcat 0,control_change,1,,,,11,75,,,,,,B0 0B 4B,control_change channel=0 control=11 value=75 time=0
1690,2026-09-13T00:28:50.481+00:00,42.635086,0.014272,Chordcat 0,control_change,1,,,,11,71,,,,,,B0 0B 47,control_change channel=0 control=11 value=71 time=0
1691,2026-09-13T00:28:50.496+00:00,42.649462,0.014375,Chordcat 0,control_change,1,,,,11,68,,,,,,B0 0B 44,control_change channel=0 control=11 value=68 time=0
1692,2026-09-13T00:28:50.511+00:00,42.664406,0.014944,Chordcat 0,control_change,1,,,,11,66,,,,,,B0 0B 42,control_change channel=0 control=11 value=66 time=0
1693,2026-09-13T00:28:50.525+00:00,42.679106,0.0147,Chordcat 0,control_change,1,,,,11,64,,,,,,B0 0B 40,control_change channel=0 control=11 value=64 time=0
1694,2026-09-13T00:28:50.540+00:00,42.693256,0.01415,Chordcat 0,control_change,1,,,,11,63,,,,,,B0 0B 3F,control_change channel=0 control=11 value=63 time=0
1695,2026-09-13T00:28:50.569+00:00,42.723061,0.029805,Chordcat 0,control_change,1,,,,11,127,,,,,,B0 0B 7F,control_change channel=0 control=11 value=127 time=0
1696,2026-09-13T00:28:50.717+00:00,42.870782,0.147721,Chordcat 0,control_change,1,,,,11,121,,,,,,B0 0B 79,control_change channel=0 control=11 value=121 time=0
1697,2026-09-13T00:28:50.732+00:00,42.885595,0.014813,Chordcat 0,control_change,1,,,,11,112,,,,,,B0 0B 70,control_change channel=0 control=11 value=112 time=0
1698,2026-09-13T00:28:50.746+00:00,42.899413,0.013818,Chordcat 0,control_change,1,,,,11,104,,,,,,B0 0B 68,control_change channel=0 control=11 value=104 time=0
1699,2026-09-13T00:28:50.761+00:00,42.915064,0.01565,Chordcat 0,control_change,1,,,,11,97,,,,,,B0 0B 61,control_change channel=0 control=11 value=97 time=0
1700,2026-09-13T00:28:50.776+00:00,42.92957,0.014506,Chordcat 0,control_change,1,,,,11,90,,,,,,B0 0B 5A,control_change channel=0 control=11 value=90 time=0
1701,2026-09-13T00:28:50.789+00:00,42.943126,0.013556,Chordcat 0,control_change,1,,,,11,85,,,,,,B0 0B 55,control_change channel=0 control=11 value=85 time=0
1702,2026-09-13T00:28:50.805+00:00,42.958345,0.015219,Chordcat 0,control_change,1,,,,11,79,,,,,,B0 0B 4F,control_change channel=0 control=11 value=79 time=0
1703,2026-09-13T00:28:50.820+00:00,42.973107,0.014762,Chordcat 0,control_change,1,,,,11,75,,,,,,B0 0B 4B,control_change channel=0 control=11 value=75 time=0
1704,2026-09-13T00:28:50.834+00:00,42.987866,0.014759,Chordcat 0,control_change,1,,,,11,71,,,,,,B0 0B 47,control_change channel=0 control=11 value=71 time=0
1705,2026-09-13T00:28:50.850+00:00,43.003306,0.015439,Chordcat 0,control_change,1,,,,11,68,,,,,,B0 0B 44,control_change channel=0 control=11 value=68 time=0
1706,2026-09-13T00:28:50.864+00:00,43.017471,0.014165,Chordcat 0,control_change,1,,,,11,66,,,,,,B0 0B 42,control_change channel=0 control=11 value=66 time=0
1707,2026-09-13T00:28:50.880+00:00,43.033203,0.015733,Chordcat 0,control_change,1,,,,11,64,,,,,,B0 0B 40,control_change channel=0 control=11 value=64 time=0
1708,2026-09-13T00:28:50.892+00:00,43.046122,0.012919,Chordcat 0,control_change,1,,,,11,63,,,,,,B0 0B 3F,control_change channel=0 control=11 value=63 time=0
1709,2026-09-13T00:28:50.923+00:00,43.076215,0.030093,Chordcat 0,control_change,1,,,,11,127,,,,,,B0 0B 7F,control_change channel=0 control=11 value=127 time=0
1710,2026-09-13T00:28:51.071+00:00,43.224111,0.147896,Chordcat 0,control_change,1,,,,11,121,,,,,,B0 0B 79,control_change channel=0 control=11 value=121 time=0
1711,2026-09-13T00:28:51.085+00:00,43.238406,0.014296,Chordcat 0,control_change,1,,,,11,112,,,,,,B0 0B 70,control_change channel=0 control=11 value=112 time=0
1712,2026-09-13T00:28:51.100+00:00,43.253342,0.014935,Chordcat 0,control_change,1,,,,11,104,,,,,,B0 0B 68,control_change channel=0 control=11 value=104 time=0
1713,2026-09-13T00:28:51.113+00:00,43.266889,0.013547,Chordcat 0,control_change,1,,,,11,97,,,,,,B0 0B 61,control_change channel=0 control=11 value=97 time=0
1714,2026-09-13T00:28:51.129+00:00,43.282166,0.015277,Chordcat 0,control_change,1,,,,11,90,,,,,,B0 0B 5A,control_change channel=0 control=11 value=90 time=0
1715,2026-09-13T00:28:51.143+00:00,43.296171,0.014005,Chordcat 0,control_change,1,,,,11,85,,,,,,B0 0B 55,control_change channel=0 control=11 value=85 time=0
1716,2026-09-13T00:28:51.158+00:00,43.311845,0.015674,Chordcat 0,control_change,1,,,,11,79,,,,,,B0 0B 4F,control_change channel=0 control=11 value=79 time=0
1717,2026-09-13T00:28:51.172+00:00,43.326014,0.014169,Chordcat 0,control_change,1,,,,11,75,,,,,,B0 0B 4B,control_change channel=0 control=11 value=75 time=0
1718,2026-09-13T00:28:51.187+00:00,43.340761,0.014747,Chordcat 0,control_change,1,,,,11,71,,,,,,B0 0B 47,control_change channel=0 control=11 value=71 time=0
1719,2026-09-13T00:28:51.202+00:00,43.355429,0.014668,Chordcat 0,control_change,1,,,,11,68,,,,,,B0 0B 44,control_change channel=0 control=11 value=68 time=0
1720,2026-09-13T00:28:51.217+00:00,43.370382,0.014953,Chordcat 0,control_change,1,,,,11,66,,,,,,B0 0B 42,control_change channel=0 control=11 value=66 time=0
1721,2026-09-13T00:28:51.231+00:00,43.384987,0.014605,Chordcat 0,control_change,1,,,,11,64,,,,,,B0 0B 40,control_change channel=0 control=11 value=64 time=0
1722,2026-09-13T00:28:51.246+00:00,43.399796,0.014809,Chordcat 0,control_change,1,,,,11,63,,,,,,B0 0B 3F,control_change channel=0 control=11 value=63 time=0
1723,2026-09-13T00:28:51.276+00:00,43.429792,0.029996,Chordcat 0,control_change,1,,,,11,127,,,,,,B0 0B 7F,control_change channel=0 control=11 value=127 time=0
1724,2026-09-13T00:28:51.423+00:00,43.576976,0.147184,Chordcat 0,control_change,1,,,,11,121,,,,,,B0 0B 79,control_change channel=0 control=11 value=121 time=0
1725,2026-09-13T00:28:51.438+00:00,43.591538,0.014562,Chordcat 0,control_change,1,,,,11,112,,,,,,B0 0B 70,control_change channel=0 control=11 value=112 time=0
1726,2026-09-13T00:28:51.451+00:00,43.605062,0.013524,Chordcat 0,control_change,1,,,,11,104,,,,,,B0 0B 68,control_change channel=0 control=11 value=104 time=0
1727,2026-09-13T00:28:51.467+00:00,43.620682,0.01562,Chordcat 0,control_change,1,,,,11,97,,,,,,B0 0B 61,control_change channel=0 control=11 value=97 time=0
1728,2026-09-13T00:28:51.482+00:00,43.635533,0.014851,Chordcat 0,control_change,1,,,,11,90,,,,,,B0 0B 5A,control_change channel=0 control=11 value=90 time=0
1729,2026-09-13T00:28:51.497+00:00,43.650209,0.014676,Chordcat 0,control_change,1,,,,11,84,,,,,,B0 0B 54,control_change channel=0 control=11 value=84 time=0
1730,2026-09-13T00:28:51.511+00:00,43.664128,0.013919,Chordcat 0,control_change,1,,,,11,80,,,,,,B0 0B 50,control_change channel=0 control=11 value=80 time=0
1731,2026-09-13T00:28:51.526+00:00,43.679403,0.015275,Chordcat 0,control_change,1,,,,11,75,,,,,,B0 0B 4B,control_change channel=0 control=11 value=75 time=0
1732,2026-09-13T00:28:51.541+00:00,43.694893,0.01549,Chordcat 0,control_change,1,,,,11,71,,,,,,B0 0B 47,control_change channel=0 control=11 value=71 time=0
1733,2026-09-13T00:28:51.555+00:00,43.708871,0.013978,Chordcat 0,control_change,1,,,,11,68,,,,,,B0 0B 44,control_change channel=0 control=11 value=68 time=0
1734,2026-09-13T00:28:51.570+00:00,43.723273,0.014401,Chordcat 0,control_change,1,,,,11,66,,,,,,B0 0B 42,control_change channel=0 control=11 value=66 time=0
1735,2026-09-13T00:28:51.585+00:00,43.738539,0.015266,Chordcat 0,control_change,1,,,,11,64,,,,,,B0 0B 40,control_change channel=0 control=11 value=64 time=0
1736,2026-09-13T00:28:51.599+00:00,43.752814,0.014275,Chordcat 0,control_change,1,,,,11,63,,,,,,B0 0B 3F,control_change channel=0 control=11 value=63 time=0
1737,2026-09-13T00:28:51.630+00:00,43.783189,0.030375,Chordcat 0,control_change,1,,,,11,127,,,,,,B0 0B 7F,control_change channel=0 control=11 value=127 time=0
1738,2026-09-13T00:28:51.775+00:00,43.929119,0.14593,Chordcat 0,control_change,1,,,,11,121,,,,,,B0 0B 79,control_change channel=0 control=11 value=121 time=0
1739,2026-09-13T00:28:51.791+00:00,43.944829,0.01571,Chordcat 0,control_change,1,,,,11,112,,,,,,B0 0B 70,control_change channel=0 control=11 value=112 time=0
1740,2026-09-13T00:28:51.805+00:00,43.958729,0.0139,Chordcat 0,control_change,1,,,,11,104,,,,,,B0 0B 68,control_change channel=0 control=11 value=104 time=0
1741,2026-09-13T00:28:51.820+00:00,43.973536,0.014807,Chordcat 0,control_change,1,,,,11,97,,,,,,B0 0B 61,control_change channel=0 control=11 value=97 time=0
1742,2026-09-13T00:28:51.835+00:00,43.988271,0.014735,Chordcat 0,control_change,1,,,,11,90,,,,,,B0 0B 5A,control_change channel=0 control=11 value=90 time=0
1743,2026-09-13T00:28:51.849+00:00,44.002961,0.01469,Chordcat 0,control_change,1,,,,11,85,,,,,,B0 0B 55,control_change channel=0 control=11 value=85 time=0
1744,2026-09-13T00:28:51.863+00:00,44.01683,0.013869,Chordcat 0,control_change,1,,,,11,79,,,,,,B0 0B 4F,control_change channel=0 control=11 value=79 time=0
1745,2026-09-13T00:28:51.878+00:00,44.032021,0.015191,Chordcat 0,control_change,1,,,,11,75,,,,,,B0 0B 4B,control_change channel=0 control=11 value=75 time=0
1746,2026-09-13T00:28:51.893+00:00,44.0468,0.014779,Chordcat 0,control_change,1,,,,11,71,,,,,,B0 0B 47,control_change channel=0 control=11 value=71 time=0
1747,2026-09-13T00:28:51.907+00:00,44.06119,0.01439,Chordcat 0,control_change,1,,,,11,68,,,,,,B0 0B 44,control_change channel=0 control=11 value=68 time=0
1748,2026-09-13T00:28:51.922+00:00,44.07587,0.014679,Chordcat 0,control_change,1,,,,11,66,,,,,,B0 0B 42,control_change channel=0 control=11 value=66 time=0
1749,2026-09-13T00:28:51.938+00:00,44.091788,0.015919,Chordcat 0,control_change,1,,,,11,64,,,,,,B0 0B 40,control_change channel=0 control=11 value=64 time=0
1750,2026-09-13T00:28:51.951+00:00,44.104927,0.013138,Chordcat 0,control_change,1,,,,11,63,,,,,,B0 0B 3F,control_change channel=0 control=11 value=63 time=0
1751,2026-09-13T00:28:51.982+00:00,44.135242,0.030315,Chordcat 0,control_change,1,,,,11,127,,,,,,B0 0B 7F,control_change channel=0 control=11 value=127 time=0
1752,2026-09-13T00:28:52.128+00:00,44.281896,0.146654,Chordcat 0,control_change,1,,,,11,121,,,,,,B0 0B 79,control_change channel=0 control=11 value=121 time=0
1753,2026-09-13T00:28:52.143+00:00,44.297,0.015104,Chordcat 0,control_change,1,,,,11,112,,,,,,B0 0B 70,control_change channel=0 control=11 value=112 time=0
1754,2026-09-13T00:28:52.157+00:00,44.31082,0.01382,Chordcat 0,control_change,1,,,,11,104,,,,,,B0 0B 68,control_change channel=0 control=11 value=104 time=0
1755,2026-09-13T00:28:52.173+00:00,44.326611,0.01579,Chordcat 0,control_change,1,,,,11,97,,,,,,B0 0B 61,control_change channel=0 control=11 value=97 time=0
1756,2026-09-13T00:28:52.187+00:00,44.341075,0.014464,Chordcat 0,control_change,1,,,,11,90,,,,,,B0 0B 5A,control_change channel=0 control=11 value=90 time=0
1757,2026-09-13T00:28:52.202+00:00,44.355574,0.0145,Chordcat 0,control_change,1,,,,11,85,,,,,,B0 0B 55,control_change channel=0 control=11 value=85 time=0
1758,2026-09-13T00:28:52.217+00:00,44.370196,0.014622,Chordcat 0,control_change,1,,,,11,79,,,,,,B0 0B 4F,control_change channel=0 control=11 value=79 time=0
1759,2026-09-13T00:28:52.232+00:00,44.385312,0.015116,Chordcat 0,control_change,1,,,,11,75,,,,,,B0 0B 4B,control_change channel=0 control=11 value=75 time=0
1760,2026-09-13T00:28:52.247+00:00,44.400506,0.015195,Chordcat 0,control_change,1,,,,11,71,,,,,,B0 0B 47,control_change channel=0 control=11 value=71 time=0
1761,2026-09-13T00:28:52.261+00:00,44.41481,0.014304,Chordcat 0,control_change,1,,,,11,68,,,,,,B0 0B 44,control_change channel=0 control=11 value=68 time=0
1762,2026-09-13T00:28:52.276+00:00,44.42922,0.014409,Chordcat 0,control_change,1,,,,11,66,,,,,,B0 0B 42,control_change channel=0 control=11 value=66 time=0
1763,2026-09-13T00:28:52.291+00:00,44.444857,0.015638,Chordcat 0,control_change,1,,,,11,64,,,,,,B0 0B 40,control_change channel=0 control=11 value=64 time=0
1764,2026-09-13T00:28:52.305+00:00,44.45819,0.013333,Chordcat 0,control_change,1,,,,11,63,,,,,,B0 0B 3F,control_change channel=0 control=11 value=63 time=0
1765,2026-09-13T00:28:52.335+00:00,44.488773,0.030583,Chordcat 0,control_change,1,,,,11,127,,,,,,B0 0B 7F,control_change channel=0 control=11 value=127 time=0
1766,2026-09-13T00:28:52.482+00:00,44.635271,0.146498,Chordcat 0,control_change,1,,,,11,121,,,,,,B0 0B 79,control_change channel=0 control=11 value=121 time=0
1767,2026-09-13T00:28:52.497+00:00,44.650319,0.015048,Chordcat 0,control_change,1,,,,11,112,,,,,,B0 0B 70,control_change channel=0 control=11 value=112 time=0
1768,2026-09-13T00:28:52.512+00:00,44.666096,0.015777,Chordcat 0,control_change,1,,,,11,104,,,,,,B0 0B 68,control_change channel=0 control=11 value=104 time=0
1769,2026-09-13T00:28:52.525+00:00,44.678894,0.012798,Chordcat 0,control_change,1,,,,11,97,,,,,,B0 0B 61,control_change channel=0 control=11 value=97 time=0
1770,2026-09-13T00:28:52.541+00:00,44.69446,0.015566,Chordcat 0,control_change,1,,,,11,90,,,,,,B0 0B 5A,control_change channel=0 control=11 value=90 time=0
1771,2026-09-13T00:28:52.556+00:00,44.709829,0.01537,Chordcat 0,control_change,1,,,,11,84,,,,,,B0 0B 54,control_change channel=0 control=11 value=84 time=0
1772,2026-09-13T00:28:52.570+00:00,44.72332,0.013491,Chordcat 0,control_change,1,,,,11,79,,,,,,B0 0B 4F,control_change channel=0 control=11 value=79 time=0
1773,2026-09-13T00:28:52.585+00:00,44.739049,0.015729,Chordcat 0,control_change,1,,,,11,75,,,,,,B0 0B 4B,control_change channel=0 control=11 value=75 time=0
1774,2026-09-13T00:28:52.600+00:00,44.753161,0.014112,Chordcat 0,control_change,1,,,,11,71,,,,,,B0 0B 47,control_change channel=0 control=11 value=71 time=0
1775,2026-09-13T00:28:52.617+00:00,44.770466,0.017306,Chordcat 0,control_change,1,,,,11,67,,,,,,B0 0B 43,control_change channel=0 control=11 value=67 time=0
1776,2026-09-13T00:28:52.629+00:00,44.782862,0.012396,Chordcat 0,control_change,1,,,,11,66,,,,,,B0 0B 42,control_change channel=0 control=11 value=66 time=0
1777,2026-09-13T00:28:52.643+00:00,44.79704,0.014178,Chordcat 0,control_change,1,,,,11,64,,,,,,B0 0B 40,control_change channel=0 control=11 value=64 time=0
1778,2026-09-13T00:28:52.659+00:00,44.812141,0.015101,Chordcat 0,control_change,1,,,,11,63,,,,,,B0 0B 3F,control_change channel=0 control=11 value=63 time=0
1779,2026-09-13T00:28:52.688+00:00,44.841442,0.029301,Chordcat 0,control_change,1,,,,11,127,,,,,,B0 0B 7F,control_change channel=0 control=11 value=127 time=0
1780,2026-09-13T00:28:52.835+00:00,44.988322,0.146879,Chordcat 0,control_change,1,,,,11,121,,,,,,B0 0B 79,control_change channel=0 control=11 value=121 time=0
1781,2026-09-13T00:28:52.849+00:00,45.002854,0.014532,Chordcat 0,control_change,1,,,,11,112,,,,,,B0 0B 70,control_change channel=0 control=11 value=112 time=0
1782,2026-09-13T00:28:52.863+00:00,45.01701,0.014156,Chordcat 0,control_change,1,,,,11,104,,,,,,B0 0B 68,control_change channel=0 control=11 value=104 time=0
1783,2026-09-13T00:28:52.879+00:00,45.032369,0.015359,Chordcat 0,control_change,1,,,,11,97,,,,,,B0 0B 61,control_change channel=0 control=11 value=97 time=0
1784,2026-09-13T00:28:52.894+00:00,45.047833,0.015465,Chordcat 0,control_change,1,,,,11,90,,,,,,B0 0B 5A,control_change channel=0 control=11 value=90 time=0
1785,2026-09-13T00:28:52.908+00:00,45.062184,0.014351,Chordcat 0,control_change,1,,,,11,84,,,,,,B0 0B 54,control_change channel=0 control=11 value=84 time=0
1786,2026-09-13T00:28:52.923+00:00,45.076844,0.01466,Chordcat 0,control_change,1,,,,11,79,,,,,,B0 0B 4F,control_change channel=0 control=11 value=79 time=0
1787,2026-09-13T00:28:52.938+00:00,45.091644,0.0148,Chordcat 0,control_change,1,,,,11,75,,,,,,B0 0B 4B,control_change channel=0 control=11 value=75 time=0
1788,2026-09-13T00:28:52.952+00:00,45.105841,0.014196,Chordcat 0,control_change,1,,,,11,71,,,,,,B0 0B 47,control_change channel=0 control=11 value=71 time=0
1789,2026-09-13T00:28:52.967+00:00,45.12037,0.01453,Chordcat 0,control_change,1,,,,11,68,,,,,,B0 0B 44,control_change channel=0 control=11 value=68 time=0
1790,2026-09-13T00:28:52.982+00:00,45.135679,0.015309,Chordcat 0,control_change,1,,,,11,66,,,,,,B0 0B 42,control_change channel=0 control=11 value=66 time=0
1791,2026-09-13T00:28:52.996+00:00,45.149958,0.014279,Chordcat 0,control_change,1,,,,11,64,,,,,,B0 0B 40,control_change channel=0 control=11 value=64 time=0
1792,2026-09-13T00:28:53.012+00:00,45.16517,0.015212,Chordcat 0,control_change,1,,,,11,63,,,,,,B0 0B 3F,control_change channel=0 control=11 value=63 time=0
1793,2026-09-13T00:28:53.044+00:00,45.198231,0.03306,Chordcat 0,control_change,1,,,,11,127,,,,,,B0 0B 7F,control_change channel=0 control=11 value=127 time=0
1794,2026-09-13T00:28:53.188+00:00,45.341374,0.143143,Chordcat 0,control_change,1,,,,11,121,,,,,,B0 0B 79,control_change channel=0 control=11 value=121 time=0
1795,2026-09-13T00:28:53.202+00:00,45.355828,0.014454,Chordcat 0,control_change,1,,,,11,112,,,,,,B0 0B 70,control_change channel=0 control=11 value=112 time=0
1796,2026-09-13T00:28:53.216+00:00,45.369994,0.014166,Chordcat 0,control_change,1,,,,11,104,,,,,,B0 0B 68,control_change channel=0 control=11 value=104 time=0
1797,2026-09-13T00:28:53.232+00:00,45.38528,0.015286,Chordcat 0,control_change,1,,,,11,97,,,,,,B0 0B 61,control_change channel=0 control=11 value=97 time=0
1798,2026-09-13T00:28:53.246+00:00,45.400029,0.014749,Chordcat 0,control_change,1,,,,11,90,,,,,,B0 0B 5A,control_change channel=0 control=11 value=90 time=0
1799,2026-09-13T00:28:53.261+00:00,45.41484,0.01481,Chordcat 0,control_change,1,,,,11,84,,,,,,B0 0B 54,control_change channel=0 control=11 value=84 time=0
1800,2026-09-13T00:28:53.275+00:00,45.429088,0.014249,Chordcat 0,control_change,1,,,,11,80,,,,,,B0 0B 50,control_change channel=0 control=11 value=80 time=0
1801,2026-09-13T00:28:53.291+00:00,45.444127,0.015039,Chordcat 0,control_change,1,,,,11,75,,,,,,B0 0B 4B,control_change channel=0 control=11 value=75 time=0
1802,2026-09-13T00:28:53.306+00:00,45.459455,0.015328,Chordcat 0,control_change,1,,,,11,71,,,,,,B0 0B 47,control_change channel=0 control=11 value=71 time=0
1803,2026-09-13T00:28:53.321+00:00,45.474301,0.014846,Chordcat 0,control_change,1,,,,11,68,,,,,,B0 0B 44,control_change channel=0 control=11 value=68 time=0
1804,2026-09-13T00:28:53.335+00:00,45.488793,0.014492,Chordcat 0,control_change,1,,,,11,66,,,,,,B0 0B 42,control_change channel=0 control=11 value=66 time=0
1805,2026-09-13T00:28:53.350+00:00,45.503983,0.01519,Chordcat 0,control_change,1,,,,11,64,,,,,,B0 0B 40,control_change channel=0 control=11 value=64 time=0
1806,2026-09-13T00:28:53.365+00:00,45.518593,0.014609,Chordcat 0,control_change,1,,,,11,63,,,,,,B0 0B 3F,control_change channel=0 control=11 value=63 time=0
1807,2026-09-13T00:28:53.393+00:00,45.546962,0.028369,Chordcat 0,control_change,1,,,,11,127,,,,,,B0 0B 7F,control_change channel=0 control=11 value=127 time=0
1808,2026-09-13T00:28:53.541+00:00,45.694775,0.147813,Chordcat 0,control_change,1,,,,11,121,,,,,,B0 0B 79,control_change channel=0 control=11 value=121 time=0
1809,2026-09-13T00:28:53.555+00:00,45.708788,0.014013,Chordcat 0,control_change,1,,,,11,112,,,,,,B0 0B 70,control_change channel=0 control=11 value=112 time=0
1810,2026-09-13T00:28:53.570+00:00,45.724068,0.01528,Chordcat 0,control_change,1,,,,11,104,,,,,,B0 0B 68,control_change channel=0 control=11 value=104 time=0
1811,2026-09-13T00:28:53.584+00:00,45.738101,0.014034,Chordcat 0,control_change,1,,,,11,97,,,,,,B0 0B 61,control_change channel=0 control=11 value=97 time=0
1812,2026-09-13T00:28:53.600+00:00,45.753409,0.015307,Chordcat 0,control_change,1,,,,11,90,,,,,,B0 0B 5A,control_change channel=0 control=11 value=90 time=0
1813,2026-09-13T00:28:53.615+00:00,45.768953,0.015544,Chordcat 0,control_change,1,,,,11,84,,,,,,B0 0B 54,control_change channel=0 control=11 value=84 time=0
1814,2026-09-13T00:28:53.629+00:00,45.782573,0.01362,Chordcat 0,control_change,1,,,,11,79,,,,,,B0 0B 4F,control_change channel=0 control=11 value=79 time=0
1815,2026-09-13T00:28:53.643+00:00,45.797054,0.014481,Chordcat 0,control_change,1,,,,11,75,,,,,,B0 0B 4B,control_change channel=0 control=11 value=75 time=0
1816,2026-09-13T00:28:53.658+00:00,45.811968,0.014914,Chordcat 0,control_change,1,,,,11,71,,,,,,B0 0B 47,control_change channel=0 control=11 value=71 time=0
1817,2026-09-13T00:28:53.673+00:00,45.82682,0.014853,Chordcat 0,control_change,1,,,,11,68,,,,,,B0 0B 44,control_change channel=0 control=11 value=68 time=0
1818,2026-09-13T00:28:53.687+00:00,45.840875,0.014054,Chordcat 0,control_change,1,,,,11,66,,,,,,B0 0B 42,control_change channel=0 control=11 value=66 time=0
1819,2026-09-13T00:28:53.703+00:00,45.856576,0.015701,Chordcat 0,control_change,1,,,,11,64,,,,,,B0 0B 40,control_change channel=0 control=11 value=64 time=0
1820,2026-09-13T00:28:53.718+00:00,45.871858,0.015283,Chordcat 0,control_change,1,,,,11,63,,,,,,B0 0B 3F,control_change channel=0 control=11 value=63 time=0
1821,2026-09-13T00:28:53.747+00:00,45.900096,0.028238,Chordcat 0,control_change,1,,,,11,127,,,,,,B0 0B 7F,control_change channel=0 control=11 value=127 time=0
1822,2026-09-13T00:28:53.893+00:00,46.046787,0.14669,Chordcat 0,control_change,1,,,,11,121,,,,,,B0 0B 79,control_change channel=0 control=11 value=121 time=0
1823,2026-09-13T00:28:53.909+00:00,46.062857,0.016071,Chordcat 0,control_change,1,,,,11,112,,,,,,B0 0B 70,control_change channel=0 control=11 value=112 time=0
1824,2026-09-13T00:28:53.924+00:00,46.077576,0.014718,Chordcat 0,control_change,1,,,,11,104,,,,,,B0 0B 68,control_change channel=0 control=11 value=104 time=0
1825,2026-09-13T00:28:53.937+00:00,46.090972,0.013397,Chordcat 0,control_change,1,,,,11,97,,,,,,B0 0B 61,control_change channel=0 control=11 value=97 time=0
1826,2026-09-13T00:28:53.953+00:00,46.10652,0.015548,Chordcat 0,control_change,1,,,,11,90,,,,,,B0 0B 5A,control_change channel=0 control=11 value=90 time=0
1827,2026-09-13T00:28:53.967+00:00,46.121023,0.014503,Chordcat 0,control_change,1,,,,11,84,,,,,,B0 0B 54,control_change channel=0 control=11 value=84 time=0
1828,2026-09-13T00:28:53.981+00:00,46.135115,0.014092,Chordcat 0,control_change,1,,,,11,79,,,,,,B0 0B 4F,control_change channel=0 control=11 value=79 time=0
1829,2026-09-13T00:28:53.996+00:00,46.150031,0.014915,Chordcat 0,control_change,1,,,,11,75,,,,,,B0 0B 4B,control_change channel=0 control=11 value=75 time=0
1830,2026-09-13T00:28:54.011+00:00,46.164892,0.014861,Chordcat 0,control_change,1,,,,11,71,,,,,,B0 0B 47,control_change channel=0 control=11 value=71 time=0
1831,2026-09-13T00:28:54.025+00:00,46.178725,0.013833,Chordcat 0,control_change,1,,,,11,68,,,,,,B0 0B 44,control_change channel=0 control=11 value=68 time=0
1832,2026-09-13T00:28:54.041+00:00,46.194207,0.015481,Chordcat 0,control_change,1,,,,11,66,,,,,,B0 0B 42,control_change channel=0 control=11 value=66 time=0
1833,2026-09-13T00:28:54.056+00:00,46.20922,0.015013,Chordcat 0,control_change,1,,,,11,64,,,,,,B0 0B 40,control_change channel=0 control=11 value=64 time=0
1834,2026-09-13T00:28:54.071+00:00,46.224457,0.015238,Chordcat 0,control_change,1,,,,11,63,,,,,,B0 0B 3F,control_change channel=0 control=11 value=63 time=0
1835,2026-09-13T00:28:54.100+00:00,46.253682,0.029224,Chordcat 0,control_change,1,,,,11,127,,,,,,B0 0B 7F,control_change channel=0 control=11 value=127 time=0
1836,2026-09-13T00:28:54.247+00:00,46.400204,0.146523,Chordcat 0,control_change,1,,,,11,121,,,,,,B0 0B 79,control_change channel=0 control=11 value=121 time=0
1837,2026-09-13T00:28:54.262+00:00,46.415638,0.015433,Chordcat 0,control_change,1,,,,11,112,,,,,,B0 0B 70,control_change channel=0 control=11 value=112 time=0
1838,2026-09-13T00:28:54.277+00:00,46.430222,0.014585,Chordcat 0,control_change,1,,,,11,104,,,,,,B0 0B 68,control_change channel=0 control=11 value=104 time=0
1839,2026-09-13T00:28:54.291+00:00,46.444431,0.014209,Chordcat 0,control_change,1,,,,11,97,,,,,,B0 0B 61,control_change channel=0 control=11 value=97 time=0
1840,2026-09-13T00:28:54.306+00:00,46.459176,0.014745,Chordcat 0,control_change,1,,,,11,90,,,,,,B0 0B 5A,control_change channel=0 control=11 value=90 time=0
1841,2026-09-13T00:28:54.321+00:00,46.474714,0.015538,Chordcat 0,control_change,1,,,,11,84,,,,,,B0 0B 54,control_change channel=0 control=11 value=84 time=0
1842,2026-09-13T00:28:54.335+00:00,46.488931,0.014217,Chordcat 0,control_change,1,,,,11,79,,,,,,B0 0B 4F,control_change channel=0 control=11 value=79 time=0
1843,2026-09-13T00:28:54.350+00:00,46.503346,0.014415,Chordcat 0,control_change,1,,,,11,75,,,,,,B0 0B 4B,control_change channel=0 control=11 value=75 time=0
1844,2026-09-13T00:28:54.365+00:00,46.51859,0.015245,Chordcat 0,control_change,1,,,,11,71,,,,,,B0 0B 47,control_change channel=0 control=11 value=71 time=0
1845,2026-09-13T00:28:54.380+00:00,46.533651,0.015061,Chordcat 0,control_change,1,,,,11,68,,,,,,B0 0B 44,control_change channel=0 control=11 value=68 time=0
1846,2026-09-13T00:28:54.394+00:00,46.547575,0.013924,Chordcat 0,control_change,1,,,,11,66,,,,,,B0 0B 42,control_change channel=0 control=11 value=66 time=0
1847,2026-09-13T00:28:54.408+00:00,46.561876,0.0143,Chordcat 0,control_change,1,,,,11,64,,,,,,B0 0B 40,control_change channel=0 control=11 value=64 time=0
1848,2026-09-13T00:28:54.424+00:00,46.577449,0.015573,Chordcat 0,control_change,1,,,,11,63,,,,,,B0 0B 3F,control_change channel=0 control=11 value=63 time=0
1849,2026-09-13T00:28:54.453+00:00,46.606712,0.029263,Chordcat 0,control_change,1,,,,11,127,,,,,,B0 0B 7F,control_change channel=0 control=11 value=127 time=0
1850,2026-09-13T00:28:54.600+00:00,46.753263,0.14655,Chordcat 0,control_change,1,,,,11,121,,,,,,B0 0B 79,control_change channel=0 control=11 value=121 time=0
1851,2026-09-13T00:28:54.614+00:00,46.767828,0.014565,Chordcat 0,control_change,1,,,,11,112,,,,,,B0 0B 70,control_change channel=0 control=11 value=112 time=0
1852,2026-09-13T00:28:54.630+00:00,46.783991,0.016163,Chordcat 0,control_change,1,,,,11,104,,,,,,B0 0B 68,control_change channel=0 control=11 value=104 time=0
1853,2026-09-13T00:28:54.643+00:00,46.796862,0.012871,Chordcat 0,control_change,1,,,,11,97,,,,,,B0 0B 61,control_change channel=0 control=11 value=97 time=0
1854,2026-09-13T00:28:54.658+00:00,46.811958,0.015096,Chordcat 0,control_change,1,,,,11,90,,,,,,B0 0B 5A,control_change channel=0 control=11 value=90 time=0
1855,2026-09-13T00:28:54.674+00:00,46.827657,0.0157,Chordcat 0,control_change,1,,,,11,84,,,,,,B0 0B 54,control_change channel=0 control=11 value=84 time=0
1856,2026-09-13T00:28:54.688+00:00,46.84128,0.013623,Chordcat 0,control_change,1,,,,11,79,,,,,,B0 0B 4F,control_change channel=0 control=11 value=79 time=0
1857,2026-09-13T00:28:54.702+00:00,46.855899,0.014619,Chordcat 0,control_change,1,,,,11,75,,,,,,B0 0B 4B,control_change channel=0 control=11 value=75 time=0
1858,2026-09-13T00:28:54.717+00:00,46.870774,0.014875,Chordcat 0,control_change,1,,,,11,71,,,,,,B0 0B 47,control_change channel=0 control=11 value=71 time=0
1859,2026-09-13T00:28:54.732+00:00,46.885696,0.014922,Chordcat 0,control_change,1,,,,11,68,,,,,,B0 0B 44,control_change channel=0 control=11 value=68 time=0
1860,2026-09-13T00:28:54.746+00:00,46.899745,0.014049,Chordcat 0,control_change,1,,,,11,66,,,,,,B0 0B 42,control_change channel=0 control=11 value=66 time=0
1861,2026-09-13T00:28:54.761+00:00,46.914853,0.015108,Chordcat 0,control_change,1,,,,11,64,,,,,,B0 0B 40,control_change channel=0 control=11 value=64 time=0
1862,2026-09-13T00:28:54.776+00:00,46.929849,0.014995,Chordcat 0,control_change,1,,,,11,63,,,,,,B0 0B 3F,control_change channel=0 control=11 value=63 time=0
1863,2026-09-13T00:28:54.806+00:00,46.959602,0.029753,Chordcat 0,control_change,1,,,,11,127,,,,,,B0 0B 7F,control_change channel=0 control=11 value=127 time=0
1864,2026-09-13T00:28:54.953+00:00,47.106682,0.14708,Chordcat 0,control_change,1,,,,11,121,,,,,,B0 0B 79,control_change channel=0 control=11 value=121 time=0
1865,2026-09-13T00:28:54.967+00:00,47.120915,0.014233,Chordcat 0,control_change,1,,,,11,112,,,,,,B0 0B 70,control_change channel=0 control=11 value=112 time=0
1866,2026-09-13T00:28:54.983+00:00,47.136819,0.015904,Chordcat 0,control_change,1,,,,11,104,,,,,,B0 0B 68,control_change channel=0 control=11 value=104 time=0
1867,2026-09-13T00:28:54.997+00:00,47.150438,0.013619,Chordcat 0,control_change,1,,,,11,97,,,,,,B0 0B 61,control_change channel=0 control=11 value=97 time=0
1868,2026-09-13T00:28:55.012+00:00,47.165501,0.015063,Chordcat 0,control_change,1,,,,11,90,,,,,,B0 0B 5A,control_change channel=0 control=11 value=90 time=0
1869,2026-09-13T00:28:55.026+00:00,47.179904,0.014403,Chordcat 0,control_change,1,,,,11,84,,,,,,B0 0B 54,control_change channel=0 control=11 value=84 time=0
1870,2026-09-13T00:28:55.041+00:00,47.194404,0.014501,Chordcat 0,control_change,1,,,,11,79,,,,,,B0 0B 4F,control_change channel=0 control=11 value=79 time=0
1871,2026-09-13T00:28:55.055+00:00,47.208941,0.014537,Chordcat 0,control_change,1,,,,11,75,,,,,,B0 0B 4B,control_change channel=0 control=11 value=75 time=0
1872,2026-09-13T00:28:55.071+00:00,47.224418,0.015477,Chordcat 0,control_change,1,,,,11,71,,,,,,B0 0B 47,control_change channel=0 control=11 value=71 time=0
1873,2026-09-13T00:28:55.086+00:00,47.239525,0.015108,Chordcat 0,control_change,1,,,,11,68,,,,,,B0 0B 44,control_change channel=0 control=11 value=68 time=0
1874,2026-09-13T00:28:55.100+00:00,47.25382,0.014295,Chordcat 0,control_change,1,,,,11,66,,,,,,B0 0B 42,control_change channel=0 control=11 value=66 time=0
1875,2026-09-13T00:28:55.115+00:00,47.268451,0.014631,Chordcat 0,control_change,1,,,,11,64,,,,,,B0 0B 40,control_change channel=0 control=11 value=64 time=0
1876,2026-09-13T00:28:55.129+00:00,47.282938,0.014487,Chordcat 0,control_change,1,,,,11,63,,,,,,B0 0B 3F,control_change channel=0 control=11 value=63 time=0
1877,2026-09-13T00:28:55.159+00:00,47.312864,0.029926,Chordcat 0,control_change,1,,,,11,127,,,,,,B0 0B 7F,control_change channel=0 control=11 value=127 time=0
1878,2026-09-13T00:28:55.306+00:00,47.459113,0.146248,Chordcat 0,control_change,1,,,,11,121,,,,,,B0 0B 79,control_change channel=0 control=11 value=121 time=0
1879,2026-09-13T00:28:55.321+00:00,47.474386,0.015273,Chordcat 0,control_change,1,,,,11,112,,,,,,B0 0B 70,control_change channel=0 control=11 value=112 time=0
1880,2026-09-13T00:28:55.336+00:00,47.48954,0.015155,Chordcat 0,control_change,1,,,,11,104,,,,,,B0 0B 68,control_change channel=0 control=11 value=104 time=0
1881,2026-09-13T00:28:55.350+00:00,47.503657,0.014116,Chordcat 0,control_change,1,,,,11,97,,,,,,B0 0B 61,control_change channel=0 control=11 value=97 time=0
1882,2026-09-13T00:28:55.365+00:00,47.518099,0.014442,Chordcat 0,control_change,1,,,,11,90,,,,,,B0 0B 5A,control_change channel=0 control=11 value=90 time=0
1883,2026-09-13T00:28:55.380+00:00,47.533679,0.01558,Chordcat 0,control_change,1,,,,11,84,,,,,,B0 0B 54,control_change channel=0 control=11 value=84 time=0
1884,2026-09-13T00:28:55.394+00:00,47.548015,0.014336,Chordcat 0,control_change,1,,,,11,79,,,,,,B0 0B 4F,control_change channel=0 control=11 value=79 time=0
1885,2026-09-13T00:28:55.408+00:00,47.561965,0.01395,Chordcat 0,control_change,1,,,,11,75,,,,,,B0 0B 4B,control_change channel=0 control=11 value=75 time=0
1886,2026-09-13T00:28:55.423+00:00,47.577036,0.015071,Chordcat 0,control_change,1,,,,11,71,,,,,,B0 0B 47,control_change channel=0 control=11 value=71 time=0
1887,2026-09-13T00:28:55.439+00:00,47.592948,0.015912,Chordcat 0,control_change,1,,,,11,68,,,,,,B0 0B 44,control_change channel=0 control=11 value=68 time=0
1888,2026-09-13T00:28:55.453+00:00,47.606664,0.013716,Chordcat 0,control_change,1,,,,11,66,,,,,,B0 0B 42,control_change channel=0 control=11 value=66 time=0
1889,2026-09-13T00:28:55.467+00:00,47.620987,0.014323,Chordcat 0,control_change,1,,,,11,64,,,,,,B0 0B 40,control_change channel=0 control=11 value=64 time=0
1890,2026-09-13T00:28:55.483+00:00,47.636893,0.015906,Chordcat 0,control_change,1,,,,11,63,,,,,,B0 0B 3F,control_change channel=0 control=11 value=63 time=0
1891,2026-09-13T00:28:55.512+00:00,47.665868,0.028974,Chordcat 0,control_change,1,,,,11,127,,,,,,B0 0B 7F,control_change channel=0 control=11 value=127 time=0
1892,2026-09-13T00:28:55.660+00:00,47.813221,0.147354,Chordcat 0,control_change,1,,,,11,121,,,,,,B0 0B 79,control_change channel=0 control=11 value=121 time=0
1893,2026-09-13T00:28:55.673+00:00,47.826901,0.01368,Chordcat 0,control_change,1,,,,11,112,,,,,,B0 0B 70,control_change channel=0 control=11 value=112 time=0
1894,2026-09-13T00:28:55.689+00:00,47.843018,0.016117,Chordcat 0,control_change,1,,,,11,104,,,,,,B0 0B 68,control_change channel=0 control=11 value=104 time=0
1895,2026-09-13T00:28:55.704+00:00,47.857329,0.014311,Chordcat 0,control_change,1,,,,11,97,,,,,,B0 0B 61,control_change channel=0 control=11 value=97 time=0
1896,2026-09-13T00:28:55.718+00:00,47.871458,0.01413,Chordcat 0,control_change,1,,,,11,90,,,,,,B0 0B 5A,control_change channel=0 control=11 value=90 time=0
1897,2026-09-13T00:28:55.733+00:00,47.886128,0.014669,Chordcat 0,control_change,1,,,,11,84,,,,,,B0 0B 54,control_change channel=0 control=11 value=84 time=0
1898,2026-09-13T00:28:55.748+00:00,47.901358,0.01523,Chordcat 0,control_change,1,,,,11,79,,,,,,B0 0B 4F,control_change channel=0 control=11 value=79 time=0
1899,2026-09-13T00:28:55.762+00:00,47.915634,0.014276,Chordcat 0,control_change,1,,,,11,75,,,,,,B0 0B 4B,control_change channel=0 control=11 value=75 time=0
1900,2026-09-13T00:28:55.776+00:00,47.929854,0.01422,Chordcat 0,control_change,1,,,,11,71,,,,,,B0 0B 47,control_change channel=0 control=11 value=71 time=0
1901,2026-09-13T00:28:55.792+00:00,47.945526,0.015672,Chordcat 0,control_change,1,,,,11,68,,,,,,B0 0B 44,control_change channel=0 control=11 value=68 time=0
1902,2026-09-13T00:28:55.805+00:00,47.958868,0.013341,Chordcat 0,control_change,1,,,,11,66,,,,,,B0 0B 42,control_change channel=0 control=11 value=66 time=0
1903,2026-09-13T00:28:55.820+00:00,47.973794,0.014927,Chordcat 0,control_change,1,,,,11,64,,,,,,B0 0B 40,control_change channel=0 control=11 value=64 time=0
1904,2026-09-13T00:28:55.835+00:00,47.989131,0.015337,Chordcat 0,control_change,1,,,,11,63,,,,,,B0 0B 3F,control_change channel=0 control=11 value=63 time=0
1905,2026-09-13T00:28:55.865+00:00,48.018813,0.029682,Chordcat 0,control_change,1,,,,11,127,,,,,,B0 0B 7F,control_change channel=0 control=11 value=127 time=0
1906,2026-09-13T00:28:56.012+00:00,48.165605,0.146792,Chordcat 0,control_change,1,,,,11,121,,,,,,B0 0B 79,control_change channel=0 control=11 value=121 time=0
1907,2026-09-13T00:28:56.027+00:00,48.180104,0.014499,Chordcat 0,control_change,1,,,,11,112,,,,,,B0 0B 70,control_change channel=0 control=11 value=112 time=0
1908,2026-09-13T00:28:56.042+00:00,48.195404,0.0153,Chordcat 0,control_change,1,,,,11,104,,,,,,B0 0B 68,control_change channel=0 control=11 value=104 time=0
1909,2026-09-13T00:28:56.056+00:00,48.209267,0.013863,Chordcat 0,control_change,1,,,,11,97,,,,,,B0 0B 61,control_change channel=0 control=11 value=97 time=0
1910,2026-09-13T00:28:56.071+00:00,48.224116,0.014849,Chordcat 0,control_change,1,,,,11,90,,,,,,B0 0B 5A,control_change channel=0 control=11 value=90 time=0
1911,2026-09-13T00:28:56.086+00:00,48.239365,0.01525,Chordcat 0,control_change,1,,,,11,84,,,,,,B0 0B 54,control_change channel=0 control=11 value=84 time=0
1912,2026-09-13T00:28:56.100+00:00,48.253725,0.01436,Chordcat 0,control_change,1,,,,11,79,,,,,,B0 0B 4F,control_change channel=0 control=11 value=79 time=0
1913,2026-09-13T00:28:56.114+00:00,48.268023,0.014298,Chordcat 0,control_change,1,,,,11,75,,,,,,B0 0B 4B,control_change channel=0 control=11 value=75 time=0
1914,2026-09-13T00:28:56.129+00:00,48.282777,0.014754,Chordcat 0,control_change,1,,,,11,71,,,,,,B0 0B 47,control_change channel=0 control=11 value=71 time=0
1915,2026-09-13T00:28:56.145+00:00,48.29815,0.015373,Chordcat 0,control_change,1,,,,11,68,,,,,,B0 0B 44,control_change channel=0 control=11 value=68 time=0
1916,2026-09-13T00:28:56.160+00:00,48.313703,0.015553,Chordcat 0,control_change,1,,,,11,66,,,,,,B0 0B 42,control_change channel=0 control=11 value=66 time=0
1917,2026-09-13T00:28:56.173+00:00,48.326866,0.013163,Chordcat 0,control_change,1,,,,11,64,,,,,,B0 0B 40,control_change channel=0 control=11 value=64 time=0
1918,2026-09-13T00:28:56.188+00:00,48.34203,0.015164,Chordcat 0,control_change,1,,,,11,63,,,,,,B0 0B 3F,control_change channel=0 control=11 value=63 time=0
1919,2026-09-13T00:28:56.217+00:00,48.370999,0.028969,Chordcat 0,control_change,1,,,,11,127,,,,,,B0 0B 7F,control_change channel=0 control=11 value=127 time=0
1920,2026-09-13T00:28:56.364+00:00,48.517998,0.146999,Chordcat 0,control_change,1,,,,11,121,,,,,,B0 0B 79,control_change channel=0 control=11 value=121 time=0
1921,2026-09-13T00:28:56.380+00:00,48.533387,0.015389,Chordcat 0,control_change,1,,,,11,112,,,,,,B0 0B 70,control_change channel=0 control=11 value=112 time=0
1922,2026-09-13T00:28:56.395+00:00,48.54837,0.014983,Chordcat 0,control_change,1,,,,11,104,,,,,,B0 0B 68,control_change channel=0 control=11 value=104 time=0
1923,2026-09-13T00:28:56.410+00:00,48.56313,0.01476,Chordcat 0,control_change,1,,,,11,96,,,,,,B0 0B 60,control_change channel=0 control=11 value=96 time=0
1924,2026-09-13T00:28:56.423+00:00,48.576696,0.013566,Chordcat 0,control_change,1,,,,11,90,,,,,,B0 0B 5A,control_change channel=0 control=11 value=90 time=0
1925,2026-09-13T00:28:56.440+00:00,48.593221,0.016525,Chordcat 0,control_change,1,,,,11,84,,,,,,B0 0B 54,control_change channel=0 control=11 value=84 time=0
1926,2026-09-13T00:28:56.453+00:00,48.606709,0.013488,Chordcat 0,control_change,1,,,,11,79,,,,,,B0 0B 4F,control_change channel=0 control=11 value=79 time=0
1927,2026-09-13T00:28:56.468+00:00,48.62203,0.015321,Chordcat 0,control_change,1,,,,11,75,,,,,,B0 0B 4B,control_change channel=0 control=11 value=75 time=0
1928,2026-09-13T00:28:56.483+00:00,48.636691,0.01466,Chordcat 0,control_change,1,,,,11,71,,,,,,B0 0B 47,control_change channel=0 control=11 value=71 time=0
1929,2026-09-13T00:28:56.497+00:00,48.650757,0.014067,Chordcat 0,control_change,1,,,,11,68,,,,,,B0 0B 44,control_change channel=0 control=11 value=68 time=0
1930,2026-09-13T00:28:56.512+00:00,48.6658,0.015043,Chordcat 0,control_change,1,,,,11,65,,,,,,B0 0B 41,control_change channel=0 control=11 value=65 time=0
1931,2026-09-13T00:28:56.526+00:00,48.67994,0.01414,Chordcat 0,control_change,1,,,,11,64,,,,,,B0 0B 40,control_change channel=0 control=11 value=64 time=0
1932,2026-09-13T00:28:56.542+00:00,48.695587,0.015647,Chordcat 0,control_change,1,,,,11,63,,,,,,B0 0B 3F,control_change channel=0 control=11 value=63 time=0
1933,2026-09-13T00:28:56.571+00:00,48.724384,0.028797,Chordcat 0,control_change,1,,,,11,127,,,,,,B0 0B 7F,control_change channel=0 control=11 value=127 time=0
1934,2026-09-13T00:28:56.718+00:00,48.871299,0.146916,Chordcat 0,control_change,1,,,,11,121,,,,,,B0 0B 79,control_change channel=0 control=11 value=121 time=0
1935,2026-09-13T00:28:56.733+00:00,48.886892,0.015592,Chordcat 0,control_change,1,,,,11,112,,,,,,B0 0B 70,control_change channel=0 control=11 value=112 time=0
1936,2026-09-13T00:28:56.748+00:00,48.901414,0.014522,Chordcat 0,control_change,1,,,,11,104,,,,,,B0 0B 68,control_change channel=0 control=11 value=104 time=0
1937,2026-09-13T00:28:56.762+00:00,48.915747,0.014333,Chordcat 0,control_change,1,,,,11,96,,,,,,B0 0B 60,control_change channel=0 control=11 value=96 time=0
1938,2026-09-13T00:28:56.776+00:00,48.929948,0.014201,Chordcat 0,control_change,1,,,,11,90,,,,,,B0 0B 5A,control_change channel=0 control=11 value=90 time=0
1939,2026-09-13T00:28:56.792+00:00,48.945265,0.015317,Chordcat 0,control_change,1,,,,11,84,,,,,,B0 0B 54,control_change channel=0 control=11 value=84 time=0
1940,2026-09-13T00:28:56.807+00:00,48.960389,0.015124,Chordcat 0,control_change,1,,,,11,79,,,,,,B0 0B 4F,control_change channel=0 control=11 value=79 time=0
1941,2026-09-13T00:28:56.820+00:00,48.973702,0.013313,Chordcat 0,control_change,1,,,,11,75,,,,,,B0 0B 4B,control_change channel=0 control=11 value=75 time=0
1942,2026-09-13T00:28:56.836+00:00,48.989302,0.015601,Chordcat 0,control_change,1,,,,11,71,,,,,,B0 0B 47,control_change channel=0 control=11 value=71 time=0
1943,2026-09-13T00:28:56.851+00:00,49.00455,0.015247,Chordcat 0,control_change,1,,,,11,68,,,,,,B0 0B 44,control_change channel=0 control=11 value=68 time=0
1944,2026-09-13T00:28:56.865+00:00,49.018522,0.013973,Chordcat 0,control_change,1,,,,11,66,,,,,,B0 0B 42,control_change channel=0 control=11 value=66 time=0
1945,2026-09-13T00:28:56.879+00:00,49.032802,0.01428,Chordcat 0,control_change,1,,,,11,64,,,,,,B0 0B 40,control_change channel=0 control=11 value=64 time=0
1946,2026-09-13T00:28:56.895+00:00,49.04868,0.015878,Chordcat 0,control_change,1,,,,11,63,,,,,,B0 0B 3F,control_change channel=0 control=11 value=63 time=0
1947,2026-09-13T00:28:56.924+00:00,49.077564,0.028885,Chordcat 0,control_change,1,,,,11,127,,,,,,B0 0B 7F,control_change channel=0 control=11 value=127 time=0
1948,2026-09-13T00:28:57.072+00:00,49.225706,0.148142,Chordcat 0,control_change,1,,,,11,120,,,,,,B0 0B 78,control_change channel=0 control=11 value=120 time=0
1949,2026-09-13T00:28:57.085+00:00,49.239075,0.013369,Chordcat 0,control_change,1,,,,11,112,,,,,,B0 0B 70,control_change channel=0 control=11 value=112 time=0
1950,2026-09-13T00:28:57.101+00:00,49.254411,0.015336,Chordcat 0,control_change,1,,,,11,104,,,,,,B0 0B 68,control_change channel=0 control=11 value=104 time=0
1951,2026-09-13T00:28:57.116+00:00,49.269669,0.015259,Chordcat 0,control_change,1,,,,11,97,,,,,,B0 0B 61,control_change channel=0 control=11 value=97 time=0
1952,2026-09-13T00:28:57.130+00:00,49.283464,0.013794,Chordcat 0,control_change,1,,,,11,90,,,,,,B0 0B 5A,control_change channel=0 control=11 value=90 time=0
1953,2026-09-13T00:28:57.144+00:00,49.297753,0.014289,Chordcat 0,control_change,1,,,,11,84,,,,,,B0 0B 54,control_change channel=0 control=11 value=84 time=0
1954,2026-09-13T00:28:57.160+00:00,49.313929,0.016176,Chordcat 0,control_change,1,,,,11,79,,,,,,B0 0B 4F,control_change channel=0 control=11 value=79 time=0
1955,2026-09-13T00:28:57.175+00:00,49.32864,0.014711,Chordcat 0,control_change,1,,,,11,75,,,,,,B0 0B 4B,control_change channel=0 control=11 value=75 time=0
1956,2026-09-13T00:28:57.188+00:00,49.341946,0.013306,Chordcat 0,control_change,1,,,,11,71,,,,,,B0 0B 47,control_change channel=0 control=11 value=71 time=0
1957,2026-09-13T00:28:57.203+00:00,49.356737,0.014791,Chordcat 0,control_change,1,,,,11,68,,,,,,B0 0B 44,control_change channel=0 control=11 value=68 time=0
1958,2026-09-13T00:28:57.219+00:00,49.372204,0.015467,Chordcat 0,control_change,1,,,,11,66,,,,,,B0 0B 42,control_change channel=0 control=11 value=66 time=0
1959,2026-09-13T00:28:57.232+00:00,49.38591,0.013706,Chordcat 0,control_change,1,,,,11,64,,,,,,B0 0B 40,control_change channel=0 control=11 value=64 time=0
1960,2026-09-13T00:28:57.247+00:00,49.400993,0.015083,Chordcat 0,control_change,1,,,,11,63,,,,,,B0 0B 3F,control_change channel=0 control=11 value=63 time=0
1961,2026-09-13T00:28:57.276+00:00,49.429868,0.028875,Chordcat 0,control_change,1,,,,11,127,,,,,,B0 0B 7F,control_change channel=0 control=11 value=127 time=0
1962,2026-09-13T00:28:57.425+00:00,49.578518,0.148651,Chordcat 0,control_change,1,,,,11,120,,,,,,B0 0B 78,control_change channel=0 control=11 value=120 time=0
1963,2026-09-13T00:28:57.438+00:00,49.591704,0.013186,Chordcat 0,control_change,1,,,,11,112,,,,,,B0 0B 70,control_change channel=0 control=11 value=112 time=0
1964,2026-09-13T00:28:57.453+00:00,49.606725,0.015021,Chordcat 0,control_change,1,,,,11,104,,,,,,B0 0B 68,control_change channel=0 control=11 value=104 time=0
1965,2026-09-13T00:28:57.468+00:00,49.621712,0.014987,Chordcat 0,control_change,1,,,,11,96,,,,,,B0 0B 60,control_change channel=0 control=11 value=96 time=0
1966,2026-09-13T00:28:57.483+00:00,49.636512,0.0148,Chordcat 0,control_change,1,,,,11,90,,,,,,B0 0B 5A,control_change channel=0 control=11 value=90 time=0
1967,2026-09-13T00:28:57.497+00:00,49.650735,0.014223,Chordcat 0,control_change,1,,,,11,84,,,,,,B0 0B 54,control_change channel=0 control=11 value=84 time=0
1968,2026-09-13T00:28:57.513+00:00,49.666652,0.015917,Chordcat 0,control_change,1,,,,11,79,,,,,,B0 0B 4F,control_change channel=0 control=11 value=79 time=0
1969,2026-09-13T00:28:57.527+00:00,49.68069,0.014038,Chordcat 0,control_change,1,,,,11,75,,,,,,B0 0B 4B,control_change channel=0 control=11 value=75 time=0
1970,2026-09-13T00:28:57.542+00:00,49.695539,0.014849,Chordcat 0,control_change,1,,,,11,71,,,,,,B0 0B 47,control_change channel=0 control=11 value=71 time=0
1971,2026-09-13T00:28:57.557+00:00,49.710589,0.01505,Chordcat 0,control_change,1,,,,11,68,,,,,,B0 0B 44,control_change channel=0 control=11 value=68 time=0
1972,2026-09-13T00:28:57.572+00:00,49.725107,0.014518,Chordcat 0,control_change,1,,,,11,65,,,,,,B0 0B 41,control_change channel=0 control=11 value=65 time=0
1973,2026-09-13T00:28:57.586+00:00,49.739203,0.014096,Chordcat 0,control_change,1,,,,11,64,,,,,,B0 0B 40,control_change channel=0 control=11 value=64 time=0
1974,2026-09-13T00:28:57.600+00:00,49.753844,0.014641,Chordcat 0,control_change,1,,,,11,63,,,,,,B0 0B 3F,control_change channel=0 control=11 value=63 time=0
1975,2026-09-13T00:28:57.630+00:00,49.783231,0.029387,Chordcat 0,control_change,1,,,,11,127,,,,,,B0 0B 7F,control_change channel=0 control=11 value=127 time=0
1976,2026-09-13T00:28:57.777+00:00,49.930574,0.147343,Chordcat 0,control_change,1,,,,11,121,,,,,,B0 0B 79,control_change channel=0 control=11 value=121 time=0
1977,2026-09-13T00:28:57.791+00:00,49.94498,0.014405,Chordcat 0,control_change,1,,,,11,112,,,,,,B0 0B 70,control_change channel=0 control=11 value=112 time=0
1978,2026-09-13T00:28:57.807+00:00,49.960616,0.015636,Chordcat 0,control_change,1,,,,11,104,,,,,,B0 0B 68,control_change channel=0 control=11 value=104 time=0
1979,2026-09-13T00:28:57.822+00:00,49.97557,0.014955,Chordcat 0,control_change,1,,,,11,96,,,,,,B0 0B 60,control_change channel=0 control=11 value=96 time=0
1980,2026-09-13T00:28:57.836+00:00,49.989254,0.013684,Chordcat 0,control_change,1,,,,11,90,,,,,,B0 0B 5A,control_change channel=0 control=11 value=90 time=0
1981,2026-09-13T00:28:57.851+00:00,50.004776,0.015522,Chordcat 0,control_change,1,,,,11,84,,,,,,B0 0B 54,control_change channel=0 control=11 value=84 time=0
1982,2026-09-13T00:28:57.866+00:00,50.019345,0.014569,Chordcat 0,control_change,1,,,,11,79,,,,,,B0 0B 4F,control_change channel=0 control=11 value=79 time=0
1983,2026-09-13T00:28:57.880+00:00,50.03373,0.014385,Chordcat 0,control_change,1,,,,11,75,,,,,,B0 0B 4B,control_change channel=0 control=11 value=75 time=0
1984,2026-09-13T00:28:57.894+00:00,50.048081,0.01435,Chordcat 0,control_change,1,,,,11,71,,,,,,B0 0B 47,control_change channel=0 control=11 value=71 time=0
1985,2026-09-13T00:28:57.910+00:00,50.063186,0.015105,Chordcat 0,control_change,1,,,,11,68,,,,,,B0 0B 44,control_change channel=0 control=11 value=68 time=0
1986,2026-09-13T00:28:57.924+00:00,50.077901,0.014715,Chordcat 0,control_change,1,,,,11,65,,,,,,B0 0B 41,control_change channel=0 control=11 value=65 time=0
1987,2026-09-13T00:28:57.938+00:00,50.091872,0.013971,Chordcat 0,control_change,1,,,,11,64,,,,,,B0 0B 40,control_change channel=0 control=11 value=64 time=0
1988,2026-09-13T00:28:57.953+00:00,50.10672,0.014848,Chordcat 0,control_change,1,,,,11,63,,,,,,B0 0B 3F,control_change channel=0 control=11 value=63 time=0
1989,2026-09-13T00:28:57.984+00:00,50.137474,0.030754,Chordcat 0,control_change,1,,,,11,127,,,,,,B0 0B 7F,control_change channel=0 control=11 value=127 time=0
1990,2026-09-13T00:28:58.130+00:00,50.283683,0.146209,Chordcat 0,control_change,1,,,,11,121,,,,,,B0 0B 79,control_change channel=0 control=11 value=121 time=0
1991,2026-09-13T00:28:58.145+00:00,50.298431,0.014748,Chordcat 0,control_change,1,,,,11,112,,,,,,B0 0B 70,control_change channel=0 control=11 value=112 time=0
1992,2026-09-13T00:28:58.159+00:00,50.312946,0.014514,Chordcat 0,control_change,1,,,,11,104,,,,,,B0 0B 68,control_change channel=0 control=11 value=104 time=0
1993,2026-09-13T00:28:58.175+00:00,50.328612,0.015666,Chordcat 0,control_change,1,,,,11,97,,,,,,B0 0B 61,control_change channel=0 control=11 value=97 time=0
1994,2026-09-13T00:28:58.188+00:00,50.341829,0.013217,Chordcat 0,control_change,1,,,,11,91,,,,,,B0 0B 5B,control_change channel=0 control=11 value=91 time=0
1995,2026-09-13T00:28:58.204+00:00,50.357907,0.016078,Chordcat 0,control_change,1,,,,11,85,,,,,,B0 0B 55,control_change channel=0 control=11 value=85 time=0
1996,2026-09-13T00:28:58.219+00:00,50.372868,0.014961,Chordcat 0,control_change,1,,,,11,79,,,,,,B0 0B 4F,control_change channel=0 control=11 value=79 time=0
1997,2026-09-13T00:28:58.233+00:00,50.387002,0.014135,Chordcat 0,control_change,1,,,,11,75,,,,,,B0 0B 4B,control_change channel=0 control=11 value=75 time=0
1998,2026-09-13T00:28:58.247+00:00,50.401041,0.014039,Chordcat 0,control_change,1,,,,11,71,,,,,,B0 0B 47,control_change channel=0 control=11 value=71 time=0
1999,2026-09-13T00:28:58.262+00:00,50.41612,0.015079,Chordcat 0,control_change,1,,,,11,68,,,,,,B0 0B 44,control_change channel=0 control=11 value=68 time=0
2000,2026-09-13T00:28:58.277+00:00,50.430888,0.014768,Chordcat 0,control_change,1,,,,11,66,,,,,,B0 0B 42,control_change channel=0 control=11 value=66 time=0
2001,2026-09-13T00:28:58.292+00:00,50.445628,0.01474,Chordcat 0,control_change,1,,,,11,64,,,,,,B0 0B 40,control_change channel=0 control=11 value=64 time=0
2002,2026-09-13T00:28:58.307+00:00,50.460408,0.014781,Chordcat 0,control_change,1,,,,11,63,,,,,,B0 0B 3F,control_change channel=0 control=11 value=63 time=0
2003,2026-09-13T00:28:58.337+00:00,50.490296,0.029887,Chordcat 0,control_change,1,,,,11,127,,,,,,B0 0B 7F,control_change channel=0 control=11 value=127 time=0
2004,2026-09-13T00:28:58.484+00:00,50.637278,0.146982,Chordcat 0,control_change,1,,,,11,121,,,,,,B0 0B 79,control_change channel=0 control=11 value=121 time=0
2005,2026-09-13T00:28:58.498+00:00,50.651408,0.01413,Chordcat 0,control_change,1,,,,11,112,,,,,,B0 0B 70,control_change channel=0 control=11 value=112 time=0
2006,2026-09-13T00:28:58.513+00:00,50.666192,0.014785,Chordcat 0,control_change,1,,,,11,104,,,,,,B0 0B 68,control_change channel=0 control=11 value=104 time=0
2007,2026-09-13T00:28:58.528+00:00,50.681579,0.015387,Chordcat 0,control_change,1,,,,11,97,,,,,,B0 0B 61,control_change channel=0 control=11 value=97 time=0
2008,2026-09-13T00:28:58.542+00:00,50.695397,0.013818,Chordcat 0,control_change,1,,,,11,91,,,,,,B0 0B 5B,control_change channel=0 control=11 value=91 time=0
2009,2026-09-13T00:28:58.557+00:00,50.710101,0.014704,Chordcat 0,control_change,1,,,,11,85,,,,,,B0 0B 55,control_change channel=0 control=11 value=85 time=0
2010,2026-09-13T00:28:58.572+00:00,50.725281,0.01518,Chordcat 0,control_change,1,,,,11,79,,,,,,B0 0B 4F,control_change channel=0 control=11 value=79 time=0
2011,2026-09-13T00:28:58.587+00:00,50.740387,0.015106,Chordcat 0,control_change,1,,,,11,75,,,,,,B0 0B 4B,control_change channel=0 control=11 value=75 time=0
2012,2026-09-13T00:28:58.601+00:00,50.754294,0.013907,Chordcat 0,control_change,1,,,,11,71,,,,,,B0 0B 47,control_change channel=0 control=11 value=71 time=0
2013,2026-09-13T00:28:58.616+00:00,50.769224,0.01493,Chordcat 0,control_change,1,,,,11,68,,,,,,B0 0B 44,control_change channel=0 control=11 value=68 time=0
2014,2026-09-13T00:28:58.631+00:00,50.784174,0.014951,Chordcat 0,control_change,1,,,,11,66,,,,,,B0 0B 42,control_change channel=0 control=11 value=66 time=0
2015,2026-09-13T00:28:58.644+00:00,50.797761,0.013587,Chordcat 0,control_change,1,,,,11,64,,,,,,B0 0B 40,control_change channel=0 control=11 value=64 time=0
2016,2026-09-13T00:28:58.659+00:00,50.81311,0.015349,Chordcat 0,control_change,1,,,,11,63,,,,,,B0 0B 3F,control_change channel=0 control=11 value=63 time=0
2017,2026-09-13T00:28:58.688+00:00,50.842065,0.028955,Chordcat 0,control_change,1,,,,11,127,,,,,,B0 0B 7F,control_change channel=0 control=11 value=127 time=0
2018,2026-09-13T00:28:58.837+00:00,50.990224,0.148159,Chordcat 0,control_change,1,,,,11,120,,,,,,B0 0B 78,control_change channel=0 control=11 value=120 time=0
2019,2026-09-13T00:28:58.850+00:00,51.004055,0.013831,Chordcat 0,control_change,1,,,,11,112,,,,,,B0 0B 70,control_change channel=0 control=11 value=112 time=0
2020,2026-09-13T00:28:58.866+00:00,51.019288,0.015233,Chordcat 0,control_change,1,,,,11,104,,,,,,B0 0B 68,control_change channel=0 control=11 value=104 time=0
2021,2026-09-13T00:28:58.881+00:00,51.034506,0.015218,Chordcat 0,control_change,1,,,,11,97,,,,,,B0 0B 61,control_change channel=0 control=11 value=97 time=0
2022,2026-09-13T00:28:58.895+00:00,51.048634,0.014128,Chordcat 0,control_change,1,,,,11,90,,,,,,B0 0B 5A,control_change channel=0 control=11 value=90 time=0
2023,2026-09-13T00:28:58.909+00:00,51.062676,0.014043,Chordcat 0,control_change,1,,,,11,84,,,,,,B0 0B 54,control_change channel=0 control=11 value=84 time=0
2024,2026-09-13T00:28:58.925+00:00,51.07844,0.015764,Chordcat 0,control_change,1,,,,11,79,,,,,,B0 0B 4F,control_change channel=0 control=11 value=79 time=0
2025,2026-09-13T00:28:58.939+00:00,51.093008,0.014568,Chordcat 0,control_change,1,,,,11,75,,,,,,B0 0B 4B,control_change channel=0 control=11 value=75 time=0
2026,2026-09-13T00:28:58.953+00:00,51.106717,0.013709,Chordcat 0,control_change,1,,,,11,71,,,,,,B0 0B 47,control_change channel=0 control=11 value=71 time=0
2027,2026-09-13T00:28:58.969+00:00,51.122361,0.015645,Chordcat 0,control_change,1,,,,11,68,,,,,,B0 0B 44,control_change channel=0 control=11 value=68 time=0
2028,2026-09-13T00:28:58.983+00:00,51.136711,0.01435,Chordcat 0,control_change,1,,,,11,66,,,,,,B0 0B 42,control_change channel=0 control=11 value=66 time=0
2029,2026-09-13T00:28:58.999+00:00,51.152611,0.0159,Chordcat 0,control_change,1,,,,11,64,,,,,,B0 0B 40,control_change channel=0 control=11 value=64 time=0
2030,2026-09-13T00:28:59.013+00:00,51.166532,0.013921,Chordcat 0,control_change,1,,,,11,63,,,,,,B0 0B 3F,control_change channel=0 control=11 value=63 time=0
2031,2026-09-13T00:28:59.042+00:00,51.195811,0.029279,Chordcat 0,control_change,1,,,,11,127,,,,,,B0 0B 7F,control_change channel=0 control=11 value=127 time=0
2032,2026-09-13T00:28:59.190+00:00,51.34374,0.147928,Chordcat 0,control_change,1,,,,11,121,,,,,,B0 0B 79,control_change channel=0 control=11 value=121 time=0
2033,2026-09-13T00:28:59.204+00:00,51.357737,0.013997,Chordcat 0,control_change,1,,,,11,112,,,,,,B0 0B 70,control_change channel=0 control=11 value=112 time=0
2034,2026-09-13T00:28:59.218+00:00,51.371603,0.013866,Chordcat 0,control_change,1,,,,11,104,,,,,,B0 0B 68,control_change channel=0 control=11 value=104 time=0
2035,2026-09-13T00:28:59.234+00:00,51.387276,0.015673,Chordcat 0,control_change,1,,,,11,97,,,,,,B0 0B 61,control_change channel=0 control=11 value=97 time=0
2036,2026-09-13T00:28:59.249+00:00,51.402964,0.015688,Chordcat 0,control_change,1,,,,11,90,,,,,,B0 0B 5A,control_change channel=0 control=11 value=90 time=0
2037,2026-09-13T00:28:59.263+00:00,51.416443,0.013479,Chordcat 0,control_change,1,,,,11,85,,,,,,B0 0B 55,control_change channel=0 control=11 value=85 time=0
2038,2026-09-13T00:28:59.278+00:00,51.431147,0.014704,Chordcat 0,control_change,1,,,,11,79,,,,,,B0 0B 4F,control_change channel=0 control=11 value=79 time=0
2039,2026-09-13T00:28:59.293+00:00,51.446365,0.015218,Chordcat 0,control_change,1,,,,11,75,,,,,,B0 0B 4B,control_change channel=0 control=11 value=75 time=0
2040,2026-09-13T00:28:59.307+00:00,51.460309,0.013944,Chordcat 0,control_change,1,,,,11,71,,,,,,B0 0B 47,control_change channel=0 control=11 value=71 time=0
2041,2026-09-13T00:28:59.321+00:00,51.474753,0.014444,Chordcat 0,control_change,1,,,,11,68,,,,,,B0 0B 44,control_change channel=0 control=11 value=68 time=0
2042,2026-09-13T00:28:59.337+00:00,51.490282,0.015529,Chordcat 0,control_change,1,,,,11,66,,,,,,B0 0B 42,control_change channel=0 control=11 value=66 time=0
2043,2026-09-13T00:28:59.350+00:00,51.50412,0.013838,Chordcat 0,control_change,1,,,,11,64,,,,,,B0 0B 40,control_change channel=0 control=11 value=64 time=0
2044,2026-09-13T00:28:59.365+00:00,51.519033,0.014912,Chordcat 0,control_change,1,,,,11,63,,,,,,B0 0B 3F,control_change channel=0 control=11 value=63 time=0
2045,2026-09-13T00:28:59.395+00:00,51.549086,0.030053,Chordcat 0,control_change,1,,,,11,127,,,,,,B0 0B 7F,control_change channel=0 control=11 value=127 time=0
2046,2026-09-13T00:28:59.543+00:00,51.696201,0.147116,Chordcat 0,control_change,1,,,,11,121,,,,,,B0 0B 79,control_change channel=0 control=11 value=121 time=0
2047,2026-09-13T00:28:59.557+00:00,51.710592,0.014391,Chordcat 0,control_change,1,,,,11,112,,,,,,B0 0B 70,control_change channel=0 control=11 value=112 time=0
2048,2026-09-13T00:28:59.572+00:00,51.725327,0.014735,Chordcat 0,control_change,1,,,,11,104,,,,,,B0 0B 68,control_change channel=0 control=11 value=104 time=0
2049,2026-09-13T00:28:59.587+00:00,51.74028,0.014952,Chordcat 0,control_change,1,,,,11,97,,,,,,B0 0B 61,control_change channel=0 control=11 value=97 time=0
2050,2026-09-13T00:28:59.601+00:00,51.754679,0.0144,Chordcat 0,control_change,1,,,,11,91,,,,,,B0 0B 5B,control_change channel=0 control=11 value=91 time=0
2051,2026-09-13T00:28:59.616+00:00,51.7694,0.014721,Chordcat 0,control_change,1,,,,11,85,,,,,,B0 0B 55,control_change channel=0 control=11 value=85 time=0
2052,2026-09-13T00:28:59.631+00:00,51.784183,0.014783,Chordcat 0,control_change,1,,,,11,79,,,,,,B0 0B 4F,control_change channel=0 control=11 value=79 time=0
2053,2026-09-13T00:28:59.646+00:00,51.799632,0.015449,Chordcat 0,control_change,1,,,,11,75,,,,,,B0 0B 4B,control_change channel=0 control=11 value=75 time=0
2054,2026-09-13T00:28:59.659+00:00,51.812794,0.013162,Chordcat 0,control_change,1,,,,11,71,,,,,,B0 0B 47,control_change channel=0 control=11 value=71 time=0
2055,2026-09-13T00:28:59.674+00:00,51.827774,0.014979,Chordcat 0,control_change,1,,,,11,68,,,,,,B0 0B 44,control_change channel=0 control=11 value=68 time=0
2056,2026-09-13T00:28:59.689+00:00,51.842999,0.015225,Chordcat 0,control_change,1,,,,11,66,,,,,,B0 0B 42,control_change channel=0 control=11 value=66 time=0
2057,2026-09-13T00:28:59.703+00:00,51.856926,0.013928,Chordcat 0,control_change,1,,,,11,64,,,,,,B0 0B 40,control_change channel=0 control=11 value=64 time=0
2058,2026-09-13T00:28:59.719+00:00,51.872211,0.015285,Chordcat 0,control_change,1,,,,11,63,,,,,,B0 0B 3F,control_change channel=0 control=11 value=63 time=0
2059,2026-09-13T00:28:59.749+00:00,51.902772,0.030561,Chordcat 0,control_change,1,,,,11,127,,,,,,B0 0B 7F,control_change channel=0 control=11 value=127 time=0
2060,2026-09-13T00:28:59.895+00:00,52.048751,0.145979,Chordcat 0,control_change,1,,,,11,121,,,,,,B0 0B 79,control_change channel=0 control=11 value=121 time=0
2061,2026-09-13T00:28:59.911+00:00,52.064406,0.015655,Chordcat 0,control_change,1,,,,11,112,,,,,,B0 0B 70,control_change channel=0 control=11 value=112 time=0
2062,2026-09-13T00:28:59.924+00:00,52.077761,0.013355,Chordcat 0,control_change,1,,,,11,104,,,,,,B0 0B 68,control_change channel=0 control=11 value=104 time=0
2063,2026-09-13T00:28:59.939+00:00,52.092885,0.015124,Chordcat 0,control_change,1,,,,11,97,,,,,,B0 0B 61,control_change channel=0 control=11 value=97 time=0
2064,2026-09-13T00:28:59.954+00:00,52.10764,0.014755,Chordcat 0,control_change,1,,,,11,90,,,,,,B0 0B 5A,control_change channel=0 control=11 value=90 time=0
2065,2026-09-13T00:28:59.969+00:00,52.122138,0.014497,Chordcat 0,control_change,1,,,,11,85,,,,,,B0 0B 55,control_change channel=0 control=11 value=85 time=0
2066,2026-09-13T00:28:59.984+00:00,52.137371,0.015233,Chordcat 0,control_change,1,,,,11,80,,,,,,B0 0B 50,control_change channel=0 control=11 value=80 time=0
2067,2026-09-13T00:28:59.998+00:00,52.151697,0.014326,Chordcat 0,control_change,1,,,,11,75,,,,,,B0 0B 4B,control_change channel=0 control=11 value=75 time=0
2068,2026-09-13T00:29:00.014+00:00,52.167529,0.015832,Chordcat 0,control_change,1,,,,11,71,,,,,,B0 0B 47,control_change channel=0 control=11 value=71 time=0
2069,2026-09-13T00:29:00.028+00:00,52.181381,0.013852,Chordcat 0,control_change,1,,,,11,68,,,,,,B0 0B 44,control_change channel=0 control=11 value=68 time=0
2070,2026-09-13T00:29:00.042+00:00,52.195588,0.014207,Chordcat 0,control_change,1,,,,11,66,,,,,,B0 0B 42,control_change channel=0 control=11 value=66 time=0
2071,2026-09-13T00:29:00.057+00:00,52.210704,0.015116,Chordcat 0,control_change,1,,,,11,64,,,,,,B0 0B 40,control_change channel=0 control=11 value=64 time=0
2072,2026-09-13T00:29:00.072+00:00,52.225126,0.014422,Chordcat 0,control_change,1,,,,11,63,,,,,,B0 0B 3F,control_change channel=0 control=11 value=63 time=0
2073,2026-09-13T00:29:00.102+00:00,52.255324,0.030199,Chordcat 0,control_change,1,,,,11,127,,,,,,B0 0B 7F,control_change channel=0 control=11 value=127 time=0
2074,2026-09-13T00:29:00.248+00:00,52.401841,0.146516,Chordcat 0,control_change,1,,,,11,121,,,,,,B0 0B 79,control_change channel=0 control=11 value=121 time=0
2075,2026-09-13T00:29:00.263+00:00,52.416862,0.015021,Chordcat 0,control_change,1,,,,11,112,,,,,,B0 0B 70,control_change channel=0 control=11 value=112 time=0
2076,2026-09-13T00:29:00.277+00:00,52.431137,0.014276,Chordcat 0,control_change,1,,,,11,104,,,,,,B0 0B 68,control_change channel=0 control=11 value=104 time=0
2077,2026-09-13T00:29:00.293+00:00,52.446485,0.015347,Chordcat 0,control_change,1,,,,11,97,,,,,,B0 0B 61,control_change channel=0 control=11 value=97 time=0
2078,2026-09-13T00:29:00.308+00:00,52.461642,0.015158,Chordcat 0,control_change,1,,,,11,90,,,,,,B0 0B 5A,control_change channel=0 control=11 value=90 time=0
2079,2026-09-13T00:29:00.322+00:00,52.475216,0.013574,Chordcat 0,control_change,1,,,,11,85,,,,,,B0 0B 55,control_change channel=0 control=11 value=85 time=0
2080,2026-09-13T00:29:00.337+00:00,52.490679,0.015464,Chordcat 0,control_change,1,,,,11,79,,,,,,B0 0B 4F,control_change channel=0 control=11 value=79 time=0
2081,2026-09-13T00:29:00.352+00:00,52.505723,0.015044,Chordcat 0,control_change,1,,,,11,75,,,,,,B0 0B 4B,control_change channel=0 control=11 value=75 time=0
2082,2026-09-13T00:29:00.366+00:00,52.519623,0.0139,Chordcat 0,control_change,1,,,,11,71,,,,,,B0 0B 47,control_change channel=0 control=11 value=71 time=0
2083,2026-09-13T00:29:00.381+00:00,52.534776,0.015153,Chordcat 0,control_change,1,,,,11,68,,,,,,B0 0B 44,control_change channel=0 control=11 value=68 time=0
2084,2026-09-13T00:29:00.396+00:00,52.549411,0.014635,Chordcat 0,control_change,1,,,,11,66,,,,,,B0 0B 42,control_change channel=0 control=11 value=66 time=0
2085,2026-09-13T00:29:00.411+00:00,52.564901,0.01549,Chordcat 0,control_change,1,,,,11,64,,,,,,B0 0B 40,control_change channel=0 control=11 value=64 time=0
2086,2026-09-13T00:29:00.425+00:00,52.578294,0.013393,Chordcat 0,control_change,1,,,,11,63,,,,,,B0 0B 3F,control_change channel=0 control=11 value=63 time=0
2087,2026-09-13T00:29:00.454+00:00,52.608076,0.029782,Chordcat 0,control_change,1,,,,11,127,,,,,,B0 0B 7F,control_change channel=0 control=11 value=127 time=0
2088,2026-09-13T00:29:00.602+00:00,52.755461,0.147385,Chordcat 0,control_change,1,,,,11,121,,,,,,B0 0B 79,control_change channel=0 control=11 value=121 time=0
2089,2026-09-13T00:29:00.615+00:00,52.768846,0.013385,Chordcat 0,control_change,1,,,,11,112,,,,,,B0 0B 70,control_change channel=0 control=11 value=112 time=0
2090,2026-09-13T00:29:00.631+00:00,52.784412,0.015566,Chordcat 0,control_change,1,,,,11,104,,,,,,B0 0B 68,control_change channel=0 control=11 value=104 time=0
2091,2026-09-13T00:29:00.646+00:00,52.799446,0.015034,Chordcat 0,control_change,1,,,,11,97,,,,,,B0 0B 61,control_change channel=0 control=11 value=97 time=0
2092,2026-09-13T00:29:00.661+00:00,52.814579,0.015133,Chordcat 0,control_change,1,,,,11,90,,,,,,B0 0B 5A,control_change channel=0 control=11 value=90 time=0
2093,2026-09-13T00:29:00.674+00:00,52.827648,0.013069,Chordcat 0,control_change,1,,,,11,85,,,,,,B0 0B 55,control_change channel=0 control=11 value=85 time=0
2094,2026-09-13T00:29:00.690+00:00,52.843457,0.015808,Chordcat 0,control_change,1,,,,11,79,,,,,,B0 0B 4F,control_change channel=0 control=11 value=79 time=0
2095,2026-09-13T00:29:00.704+00:00,52.857649,0.014192,Chordcat 0,control_change,1,,,,11,75,,,,,,B0 0B 4B,control_change channel=0 control=11 value=75 time=0
2096,2026-09-13T00:29:00.718+00:00,52.871928,0.01428,Chordcat 0,control_change,1,,,,11,71,,,,,,B0 0B 47,control_change channel=0 control=11 value=71 time=0
2097,2026-09-13T00:29:00.733+00:00,52.887153,0.015225,Chordcat 0,control_change,1,,,,11,68,,,,,,B0 0B 44,control_change channel=0 control=11 value=68 time=0
2098,2026-09-13T00:29:00.748+00:00,52.901684,0.014531,Chordcat 0,control_change,1,,,,11,66,,,,,,B0 0B 42,control_change channel=0 control=11 value=66 time=0
2099,2026-09-13T00:29:00.763+00:00,52.916989,0.015304,Chordcat 0,control_change,1,,,,11,64,,,,,,B0 0B 40,control_change channel=0 control=11 value=64 time=0
2100,2026-09-13T00:29:00.778+00:00,52.931284,0.014295,Chordcat 0,control_change,1,,,,11,63,,,,,,B0 0B 3F,control_change channel=0 control=11 value=63 time=0
2101,2026-09-13T00:29:00.808+00:00,52.961527,0.030243,Chordcat 0,control_change,1,,,,11,127,,,,,,B0 0B 7F,control_change channel=0 control=11 value=127 time=0
2102,2026-09-13T00:29:00.954+00:00,53.107771,0.146244,Chordcat 0,control_change,1,,,,11,121,,,,,,B0 0B 79,control_change channel=0 control=11 value=121 time=0
2103,2026-09-13T00:29:00.969+00:00,53.122994,0.015223,Chordcat 0,control_change,1,,,,11,112,,,,,,B0 0B 70,control_change channel=0 control=11 value=112 time=0
2104,2026-09-13T00:29:00.984+00:00,53.137446,0.014452,Chordcat 0,control_change,1,,,,11,104,,,,,,B0 0B 68,control_change channel=0 control=11 value=104 time=0
2105,2026-09-13T00:29:00.998+00:00,53.151979,0.014533,Chordcat 0,control_change,1,,,,11,97,,,,,,B0 0B 61,control_change channel=0 control=11 value=97 time=0
2106,2026-09-13T00:29:01.013+00:00,53.167027,0.015048,Chordcat 0,control_change,1,,,,11,90,,,,,,B0 0B 5A,control_change channel=0 control=11 value=90 time=0
2107,2026-09-13T00:29:01.028+00:00,53.181516,0.014488,Chordcat 0,control_change,1,,,,11,85,,,,,,B0 0B 55,control_change channel=0 control=11 value=85 time=0
2108,2026-09-13T00:29:01.043+00:00,53.196214,0.014698,Chordcat 0,control_change,1,,,,11,79,,,,,,B0 0B 4F,control_change channel=0 control=11 value=79 time=0
2109,2026-09-13T00:29:01.057+00:00,53.210775,0.014561,Chordcat 0,control_change,1,,,,11,75,,,,,,B0 0B 4B,control_change channel=0 control=11 value=75 time=0
2110,2026-09-13T00:29:01.072+00:00,53.225991,0.015216,Chordcat 0,control_change,1,,,,11,71,,,,,,B0 0B 47,control_change channel=0 control=11 value=71 time=0
2111,2026-09-13T00:29:01.087+00:00,53.240355,0.014364,Chordcat 0,control_change,1,,,,11,68,,,,,,B0 0B 44,control_change channel=0 control=11 value=68 time=0
2112,2026-09-13T00:29:01.101+00:00,53.254787,0.014432,Chordcat 0,control_change,1,,,,11,66,,,,,,B0 0B 42,control_change channel=0 control=11 value=66 time=0
2113,2026-09-13T00:29:01.116+00:00,53.269629,0.014841,Chordcat 0,control_change,1,,,,11,64,,,,,,B0 0B 40,control_change channel=0 control=11 value=64 time=0
2114,2026-09-13T00:29:01.131+00:00,53.284343,0.014715,Chordcat 0,control_change,1,,,,11,63,,,,,,B0 0B 3F,control_change channel=0 control=11 value=63 time=0
2115,2026-09-13T00:29:01.161+00:00,53.314584,0.03024,Chordcat 0,control_change,1,,,,11,127,,,,,,B0 0B 7F,control_change channel=0 control=11 value=127 time=0
2116,2026-09-13T00:29:01.307+00:00,53.460646,0.146062,Chordcat 0,control_change,1,,,,11,121,,,,,,B0 0B 79,control_change channel=0 control=11 value=121 time=0
2117,2026-09-13T00:29:01.323+00:00,53.476533,0.015887,Chordcat 0,control_change,1,,,,11,112,,,,,,B0 0B 70,control_change channel=0 control=11 value=112 time=0
2118,2026-09-13T00:29:01.336+00:00,53.489562,0.013029,Chordcat 0,control_change,1,,,,11,104,,,,,,B0 0B 68,control_change channel=0 control=11 value=104 time=0
2119,2026-09-13T00:29:01.352+00:00,53.505275,0.015713,Chordcat 0,control_change,1,,,,11,97,,,,,,B0 0B 61,control_change channel=0 control=11 value=97 time=0
2120,2026-09-13T00:29:01.366+00:00,53.519873,0.014598,Chordcat 0,control_change,1,,,,11,90,,,,,,B0 0B 5A,control_change channel=0 control=11 value=90 time=0
2121,2026-09-13T00:29:01.380+00:00,53.533843,0.01397,Chordcat 0,control_change,1,,,,11,85,,,,,,B0 0B 55,control_change channel=0 control=11 value=85 time=0
2122,2026-09-13T00:29:01.396+00:00,53.549185,0.015343,Chordcat 0,control_change,1,,,,11,79,,,,,,B0 0B 4F,control_change channel=0 control=11 value=79 time=0
2123,2026-09-13T00:29:01.411+00:00,53.564217,0.015032,Chordcat 0,control_change,1,,,,11,75,,,,,,B0 0B 4B,control_change channel=0 control=11 value=75 time=0
2124,2026-09-13T00:29:01.425+00:00,53.579042,0.014825,Chordcat 0,control_change,1,,,,11,71,,,,,,B0 0B 47,control_change channel=0 control=11 value=71 time=0
2125,2026-09-13T00:29:01.440+00:00,53.593174,0.014132,Chordcat 0,control_change,1,,,,11,68,,,,,,B0 0B 44,control_change channel=0 control=11 value=68 time=0
2126,2026-09-13T00:29:01.455+00:00,53.608561,0.015387,Chordcat 0,control_change,1,,,,11,66,,,,,,B0 0B 42,control_change channel=0 control=11 value=66 time=0
2127,2026-09-13T00:29:01.469+00:00,53.622915,0.014354,Chordcat 0,control_change,1,,,,11,64,,,,,,B0 0B 40,control_change channel=0 control=11 value=64 time=0
2128,2026-09-13T00:29:01.483+00:00,53.636765,0.01385,Chordcat 0,control_change,1,,,,11,63,,,,,,B0 0B 3F,control_change channel=0 control=11 value=63 time=0
2129,2026-09-13T00:29:01.513+00:00,53.666841,0.030076,Chordcat 0,control_change,1,,,,11,127,,,,,,B0 0B 7F,control_change channel=0 control=11 value=127 time=0
2130,2026-09-13T00:29:01.660+00:00,53.81376,0.146919,Chordcat 0,control_change,1,,,,11,121,,,,,,B0 0B 79,control_change channel=0 control=11 value=121 time=0
2131,2026-09-13T00:29:01.675+00:00,53.828998,0.015238,Chordcat 0,control_change,1,,,,11,112,,,,,,B0 0B 70,control_change channel=0 control=11 value=112 time=0
2132,2026-09-13T00:29:01.690+00:00,53.843538,0.01454,Chordcat 0,control_change,1,,,,11,104,,,,,,B0 0B 68,control_change channel=0 control=11 value=104 time=0
2133,2026-09-13T00:29:01.704+00:00,53.857667,0.014129,Chordcat 0,control_change,1,,,,11,97,,,,,,B0 0B 61,control_change channel=0 control=11 value=97 time=0
2134,2026-09-13T00:29:01.720+00:00,53.873288,0.015621,Chordcat 0,control_change,1,,,,11,90,,,,,,B0 0B 5A,control_change channel=0 control=11 value=90 time=0
2135,2026-09-13T00:29:01.735+00:00,53.888394,0.015106,Chordcat 0,control_change,1,,,,11,84,,,,,,B0 0B 54,control_change channel=0 control=11 value=84 time=0
2136,2026-09-13T00:29:01.749+00:00,53.903108,0.014715,Chordcat 0,control_change,1,,,,11,80,,,,,,B0 0B 50,control_change channel=0 control=11 value=80 time=0
2137,2026-09-13T00:29:01.763+00:00,53.916672,0.013563,Chordcat 0,control_change,1,,,,11,75,,,,,,B0 0B 4B,control_change channel=0 control=11 value=75 time=0
2138,2026-09-13T00:29:01.779+00:00,53.932804,0.016132,Chordcat 0,control_change,1,,,,11,71,,,,,,B0 0B 47,control_change channel=0 control=11 value=71 time=0
2139,2026-09-13T00:29:01.792+00:00,53.945537,0.012733,Chordcat 0,control_change,1,,,,11,68,,,,,,B0 0B 44,control_change channel=0 control=11 value=68 time=0
2140,2026-09-13T00:29:01.807+00:00,53.960776,0.015239,Chordcat 0,control_change,1,,,,11,66,,,,,,B0 0B 42,control_change channel=0 control=11 value=66 time=0
2141,2026-09-13T00:29:01.822+00:00,53.975865,0.01509,Chordcat 0,control_change,1,,,,11,64,,,,,,B0 0B 40,control_change channel=0 control=11 value=64 time=0
2142,2026-09-13T00:29:01.837+00:00,53.990903,0.015038,Chordcat 0,control_change,1,,,,11,63,,,,,,B0 0B 3F,control_change channel=0 control=11 value=63 time=0
2143,2026-09-13T00:29:01.867+00:00,54.020231,0.029328,Chordcat 0,control_change,1,,,,11,127,,,,,,B0 0B 7F,control_change channel=0 control=11 value=127 time=0
2144,2026-09-13T00:29:02.014+00:00,54.167382,0.147151,Chordcat 0,control_change,1,,,,11,121,,,,,,B0 0B 79,control_change channel=0 control=11 value=121 time=0
2145,2026-09-13T00:29:02.028+00:00,54.181636,0.014255,Chordcat 0,control_change,1,,,,11,112,,,,,,B0 0B 70,control_change channel=0 control=11 value=112 time=0
2146,2026-09-13T00:29:02.043+00:00,54.19626,0.014624,Chordcat 0,control_change,1,,,,11,104,,,,,,B0 0B 68,control_change channel=0 control=11 value=104 time=0
2147,2026-09-13T00:29:02.058+00:00,54.211534,0.015274,Chordcat 0,control_change,1,,,,11,97,,,,,,B0 0B 61,control_change channel=0 control=11 value=97 time=0
2148,2026-09-13T00:29:02.073+00:00,54.226502,0.014969,Chordcat 0,control_change,1,,,,11,90,,,,,,B0 0B 5A,control_change channel=0 control=11 value=90 time=0
2149,2026-09-13T00:29:02.088+00:00,54.241455,0.014952,Chordcat 0,control_change,1,,,,11,84,,,,,,B0 0B 54,control_change channel=0 control=11 value=84 time=0
2150,2026-09-13T00:29:02.102+00:00,54.255501,0.014047,Chordcat 0,control_change,1,,,,11,79,,,,,,B0 0B 4F,control_change channel=0 control=11 value=79 time=0
2151,2026-09-13T00:29:02.116+00:00,54.269779,0.014277,Chordcat 0,control_change,1,,,,11,75,,,,,,B0 0B 4B,control_change channel=0 control=11 value=75 time=0
2152,2026-09-13T00:29:02.131+00:00,54.28461,0.014831,Chordcat 0,control_change,1,,,,11,71,,,,,,B0 0B 47,control_change channel=0 control=11 value=71 time=0
2153,2026-09-13T00:29:02.146+00:00,54.29951,0.014901,Chordcat 0,control_change,1,,,,11,68,,,,,,B0 0B 44,control_change channel=0 control=11 value=68 time=0
2154,2026-09-13T00:29:02.161+00:00,54.31416,0.014649,Chordcat 0,control_change,1,,,,11,66,,,,,,B0 0B 42,control_change channel=0 control=11 value=66 time=0
2155,2026-09-13T00:29:02.175+00:00,54.329021,0.014862,Chordcat 0,control_change,1,,,,11,64,,,,,,B0 0B 40,control_change channel=0 control=11 value=64 time=0
2156,2026-09-13T00:29:02.190+00:00,54.343916,0.014895,Chordcat 0,control_change,1,,,,11,63,,,,,,B0 0B 3F,control_change channel=0 control=11 value=63 time=0
2157,2026-09-13T00:29:02.220+00:00,54.373629,0.029714,Chordcat 0,control_change,1,,,,11,127,,,,,,B0 0B 7F,control_change channel=0 control=11 value=127 time=0
2158,2026-09-13T00:29:02.366+00:00,54.519579,0.145949,Chordcat 0,control_change,1,,,,11,121,,,,,,B0 0B 79,control_change channel=0 control=11 value=121 time=0
2159,2026-09-13T00:29:02.382+00:00,54.535236,0.015657,Chordcat 0,control_change,1,,,,11,112,,,,,,B0 0B 70,control_change channel=0 control=11 value=112 time=0
2160,2026-09-13T00:29:02.395+00:00,54.54909,0.013854,Chordcat 0,control_change,1,,,,11,104,,,,,,B0 0B 68,control_change channel=0 control=11 value=104 time=0
2161,2026-09-13T00:29:02.411+00:00,54.564475,0.015385,Chordcat 0,control_change,1,,,,11,97,,,,,,B0 0B 61,control_change channel=0 control=11 value=97 time=0
2162,2026-09-13T00:29:02.426+00:00,54.579378,0.014904,Chordcat 0,control_change,1,,,,11,90,,,,,,B0 0B 5A,control_change channel=0 control=11 value=90 time=0
2163,2026-09-13T00:29:02.440+00:00,54.593747,0.014369,Chordcat 0,control_change,1,,,,11,85,,,,,,B0 0B 55,control_change channel=0 control=11 value=85 time=0
2164,2026-09-13T00:29:02.454+00:00,54.607749,0.014002,Chordcat 0,control_change,1,,,,11,79,,,,,,B0 0B 4F,control_change channel=0 control=11 value=79 time=0
2165,2026-09-13T00:29:02.470+00:00,54.623905,0.016156,Chordcat 0,control_change,1,,,,11,75,,,,,,B0 0B 4B,control_change channel=0 control=11 value=75 time=0
2166,2026-09-13T00:29:02.484+00:00,54.638092,0.014187,Chordcat 0,control_change,1,,,,11,71,,,,,,B0 0B 47,control_change channel=0 control=11 value=71 time=0
2167,2026-09-13T00:29:02.499+00:00,54.652274,0.014181,Chordcat 0,control_change,1,,,,11,68,,,,,,B0 0B 44,control_change channel=0 control=11 value=68 time=0
2168,2026-09-13T00:29:02.513+00:00,54.666628,0.014355,Chordcat 0,control_change,1,,,,11,66,,,,,,B0 0B 42,control_change channel=0 control=11 value=66 time=0
2169,2026-09-13T00:29:02.528+00:00,54.681665,0.015037,Chordcat 0,control_change,1,,,,11,64,,,,,,B0 0B 40,control_change channel=0 control=11 value=64 time=0
2170,2026-09-13T00:29:02.542+00:00,54.695956,0.014291,Chordcat 0,control_change,1,,,,11,63,,,,,,B0 0B 3F,control_change channel=0 control=11 value=63 time=0
2171,2026-09-13T00:29:02.572+00:00,54.726025,0.030069,Chordcat 0,control_change,1,,,,11,127,,,,,,B0 0B 7F,control_change channel=0 control=11 value=127 time=0
2172,2026-09-13T00:29:02.720+00:00,54.873343,0.147318,Chordcat 0,control_change,1,,,,11,121,,,,,,B0 0B 79,control_change channel=0 control=11 value=121 time=0
2173,2026-09-13T00:29:02.734+00:00,54.887648,0.014305,Chordcat 0,control_change,1,,,,11,112,,,,,,B0 0B 70,control_change channel=0 control=11 value=112 time=0
2174,2026-09-13T00:29:02.749+00:00,54.902981,0.015333,Chordcat 0,control_change,1,,,,11,104,,,,,,B0 0B 68,control_change channel=0 control=11 value=104 time=0
2175,2026-09-13T00:29:02.764+00:00,54.917609,0.014628,Chordcat 0,control_change,1,,,,11,97,,,,,,B0 0B 61,control_change channel=0 control=11 value=97 time=0
2176,2026-09-13T00:29:02.778+00:00,54.931964,0.014355,Chordcat 0,control_change,1,,,,11,90,,,,,,B0 0B 5A,control_change channel=0 control=11 value=90 time=0
2177,2026-09-13T00:29:02.794+00:00,54.947272,0.015308,Chordcat 0,control_change,1,,,,11,84,,,,,,B0 0B 54,control_change channel=0 control=11 value=84 time=0
2178,2026-09-13T00:29:02.807+00:00,54.960611,0.013338,Chordcat 0,control_change,1,,,,11,80,,,,,,B0 0B 50,control_change channel=0 control=11 value=80 time=0
2179,2026-09-13T00:29:02.823+00:00,54.976431,0.01582,Chordcat 0,control_change,1,,,,11,75,,,,,,B0 0B 4B,control_change channel=0 control=11 value=75 time=0
2180,2026-09-13T00:29:02.837+00:00,54.991174,0.014744,Chordcat 0,control_change,1,,,,11,71,,,,,,B0 0B 47,control_change channel=0 control=11 value=71 time=0
2181,2026-09-13T00:29:02.852+00:00,55.005591,0.014417,Chordcat 0,control_change,1,,,,11,68,,,,,,B0 0B 44,control_change channel=0 control=11 value=68 time=0
2182,2026-09-13T00:29:02.867+00:00,55.020567,0.014975,Chordcat 0,control_change,1,,,,11,66,,,,,,B0 0B 42,control_change channel=0 control=11 value=66 time=0
2183,2026-09-13T00:29:02.882+00:00,55.035145,0.014578,Chordcat 0,control_change,1,,,,11,64,,,,,,B0 0B 40,control_change channel=0 control=11 value=64 time=0
2184,2026-09-13T00:29:02.897+00:00,55.050123,0.014979,Chordcat 0,control_change,1,,,,11,63,,,,,,B0 0B 3F,control_change channel=0 control=11 value=63 time=0
2185,2026-09-13T00:29:02.925+00:00,55.078588,0.028465,Chordcat 0,control_change,1,,,,11,127,,,,,,B0 0B 7F,control_change channel=0 control=11 value=127 time=0
2186,2026-09-13T00:29:03.073+00:00,55.226765,0.148176,Chordcat 0,control_change,1,,,,11,121,,,,,,B0 0B 79,control_change channel=0 control=11 value=121 time=0
2187,2026-09-13T00:29:03.087+00:00,55.240781,0.014016,Chordcat 0,control_change,1,,,,11,112,,,,,,B0 0B 70,control_change channel=0 control=11 value=112 time=0
2188,2026-09-13T00:29:03.102+00:00,55.255099,0.014319,Chordcat 0,control_change,1,,,,11,104,,,,,,B0 0B 68,control_change channel=0 control=11 value=104 time=0
2189,2026-09-13T00:29:03.116+00:00,55.269861,0.014761,Chordcat 0,control_change,1,,,,11,97,,,,,,B0 0B 61,control_change channel=0 control=11 value=97 time=0
2190,2026-09-13T00:29:03.132+00:00,55.28541,0.01555,Chordcat 0,control_change,1,,,,11,90,,,,,,B0 0B 5A,control_change channel=0 control=11 value=90 time=0
2191,2026-09-13T00:29:03.147+00:00,55.300716,0.015306,Chordcat 0,control_change,1,,,,11,84,,,,,,B0 0B 54,control_change channel=0 control=11 value=84 time=0
2192,2026-09-13T00:29:03.160+00:00,55.313703,0.012987,Chordcat 0,control_change,1,,,,11,79,,,,,,B0 0B 4F,control_change channel=0 control=11 value=79 time=0
2193,2026-09-13T00:29:03.175+00:00,55.32884,0.015137,Chordcat 0,control_change,1,,,,11,75,,,,,,B0 0B 4B,control_change channel=0 control=11 value=75 time=0
2194,2026-09-13T00:29:03.192+00:00,55.345428,0.016588,Chordcat 0,control_change,1,,,,11,71,,,,,,B0 0B 47,control_change channel=0 control=11 value=71 time=0
2195,2026-09-13T00:29:03.204+00:00,55.358078,0.01265,Chordcat 0,control_change,1,,,,11,68,,,,,,B0 0B 44,control_change channel=0 control=11 value=68 time=0
2196,2026-09-13T00:29:03.219+00:00,55.372719,0.014641,Chordcat 0,control_change,1,,,,11,66,,,,,,B0 0B 42,control_change channel=0 control=11 value=66 time=0
2197,2026-09-13T00:29:03.234+00:00,55.387899,0.01518,Chordcat 0,control_change,1,,,,11,64,,,,,,B0 0B 40,control_change channel=0 control=11 value=64 time=0
2198,2026-09-13T00:29:03.250+00:00,55.40353,0.015631,Chordcat 0,control_change,1,,,,11,63,,,,,,B0 0B 3F,control_change channel=0 control=11 value=63 time=0
2199,2026-09-13T00:29:03.278+00:00,55.431529,0.027999,Chordcat 0,control_change,1,,,,11,127,,,,,,B0 0B 7F,control_change channel=0 control=11 value=127 time=0
2200,2026-09-13T00:29:03.425+00:00,55.578763,0.147234,Chordcat 0,control_change,1,,,,11,121,,,,,,B0 0B 79,control_change channel=0 control=11 value=121 time=0
2201,2026-09-13T00:29:03.441+00:00,55.594608,0.015845,Chordcat 0,control_change,1,,,,11,112,,,,,,B0 0B 70,control_change channel=0 control=11 value=112 time=0
2202,2026-09-13T00:29:03.455+00:00,55.608154,0.013546,Chordcat 0,control_change,1,,,,11,104,,,,,,B0 0B 68,control_change channel=0 control=11 value=104 time=0
2203,2026-09-13T00:29:03.469+00:00,55.622972,0.014818,Chordcat 0,control_change,1,,,,11,97,,,,,,B0 0B 61,control_change channel=0 control=11 value=97 time=0
2204,2026-09-13T00:29:03.484+00:00,55.638101,0.01513,Chordcat 0,control_change,1,,,,11,90,,,,,,B0 0B 5A,control_change channel=0 control=11 value=90 time=0
2205,2026-09-13T00:29:03.500+00:00,55.65392,0.015819,Chordcat 0,control_change,1,,,,11,84,,,,,,B0 0B 54,control_change channel=0 control=11 value=84 time=0
2206,2026-09-13T00:29:03.513+00:00,55.666845,0.012925,Chordcat 0,control_change,1,,,,11,79,,,,,,B0 0B 4F,control_change channel=0 control=11 value=79 time=0
2207,2026-09-13T00:29:03.528+00:00,55.682025,0.015179,Chordcat 0,control_change,1,,,,11,75,,,,,,B0 0B 4B,control_change channel=0 control=11 value=75 time=0
2208,2026-09-13T00:29:03.543+00:00,55.696911,0.014887,Chordcat 0,control_change,1,,,,11,71,,,,,,B0 0B 47,control_change channel=0 control=11 value=71 time=0
2209,2026-09-13T00:29:03.557+00:00,55.710715,0.013804,Chordcat 0,control_change,1,,,,11,68,,,,,,B0 0B 44,control_change channel=0 control=11 value=68 time=0
2210,2026-09-13T00:29:03.572+00:00,55.725659,0.014943,Chordcat 0,control_change,1,,,,11,66,,,,,,B0 0B 42,control_change channel=0 control=11 value=66 time=0
2211,2026-09-13T00:29:03.588+00:00,55.741403,0.015745,Chordcat 0,control_change,1,,,,11,64,,,,,,B0 0B 40,control_change channel=0 control=11 value=64 time=0
2212,2026-09-13T00:29:03.602+00:00,55.755609,0.014206,Chordcat 0,control_change,1,,,,11,63,,,,,,B0 0B 3F,control_change channel=0 control=11 value=63 time=0
2213,2026-09-13T00:29:03.631+00:00,55.78508,0.029471,Chordcat 0,control_change,1,,,,11,127,,,,,,B0 0B 7F,control_change channel=0 control=11 value=127 time=0
2214,2026-09-13T00:29:03.778+00:00,55.931832,0.146752,Chordcat 0,control_change,1,,,,11,121,,,,,,B0 0B 79,control_change channel=0 control=11 value=121 time=0
2215,2026-09-13T00:29:03.793+00:00,55.946796,0.014963,Chordcat 0,control_change,1,,,,11,112,,,,,,B0 0B 70,control_change channel=0 control=11 value=112 time=0
2216,2026-09-13T00:29:03.808+00:00,55.961777,0.014982,Chordcat 0,control_change,1,,,,11,104,,,,,,B0 0B 68,control_change channel=0 control=11 value=104 time=0
2217,2026-09-13T00:29:03.823+00:00,55.976264,0.014486,Chordcat 0,control_change,1,,,,11,97,,,,,,B0 0B 61,control_change channel=0 control=11 value=97 time=0
2218,2026-09-13T00:29:03.838+00:00,55.991297,0.015033,Chordcat 0,control_change,1,,,,11,90,,,,,,B0 0B 5A,control_change channel=0 control=11 value=90 time=0
2219,2026-09-13T00:29:03.853+00:00,56.006405,0.015109,Chordcat 0,control_change,1,,,,11,84,,,,,,B0 0B 54,control_change channel=0 control=11 value=84 time=0
2220,2026-09-13T00:29:03.867+00:00,56.020409,0.014003,Chordcat 0,control_change,1,,,,11,79,,,,,,B0 0B 4F,control_change channel=0 control=11 value=79 time=0
2221,2026-09-13T00:29:03.882+00:00,56.035207,0.014798,Chordcat 0,control_change,1,,,,11,75,,,,,,B0 0B 4B,control_change channel=0 control=11 value=75 time=0
2222,2026-09-13T00:29:03.896+00:00,56.04981,0.014603,Chordcat 0,control_change,1,,,,11,71,,,,,,B0 0B 47,control_change channel=0 control=11 value=71 time=0
2223,2026-09-13T00:29:03.911+00:00,56.064599,0.01479,Chordcat 0,control_change,1,,,,11,68,,,,,,B0 0B 44,control_change channel=0 control=11 value=68 time=0
2224,2026-09-13T00:29:03.926+00:00,56.079542,0.014942,Chordcat 0,control_change,1,,,,11,66,,,,,,B0 0B 42,control_change channel=0 control=11 value=66 time=0
2225,2026-09-13T00:29:03.941+00:00,56.094133,0.014591,Chordcat 0,control_change,1,,,,11,64,,,,,,B0 0B 40,control_change channel=0 control=11 value=64 time=0
2226,2026-09-13T00:29:03.955+00:00,56.108603,0.01447,Chordcat 0,control_change,1,,,,11,63,,,,,,B0 0B 3F,control_change channel=0 control=11 value=63 time=0
2227,2026-09-13T00:29:03.984+00:00,56.137662,0.029059,Chordcat 0,control_change,1,,,,11,127,,,,,,B0 0B 7F,control_change channel=0 control=11 value=127 time=0
2228,2026-09-13T00:29:04.132+00:00,56.285489,0.147827,Chordcat 0,control_change,1,,,,11,121,,,,,,B0 0B 79,control_change channel=0 control=11 value=121 time=0
2229,2026-09-13T00:29:04.146+00:00,56.29942,0.013931,Chordcat 0,control_change,1,,,,11,112,,,,,,B0 0B 70,control_change channel=0 control=11 value=112 time=0
2230,2026-09-13T00:29:04.162+00:00,56.315146,0.015727,Chordcat 0,control_change,1,,,,11,104,,,,,,B0 0B 68,control_change channel=0 control=11 value=104 time=0
2231,2026-09-13T00:29:04.175+00:00,56.328712,0.013565,Chordcat 0,control_change,1,,,,11,97,,,,,,B0 0B 61,control_change channel=0 control=11 value=97 time=0
2232,2026-09-13T00:29:04.191+00:00,56.34427,0.015558,Chordcat 0,control_change,1,,,,11,90,,,,,,B0 0B 5A,control_change channel=0 control=11 value=90 time=0
2233,2026-09-13T00:29:04.205+00:00,56.358617,0.014347,Chordcat 0,control_change,1,,,,11,84,,,,,,B0 0B 54,control_change channel=0 control=11 value=84 time=0
2234,2026-09-13T00:29:04.219+00:00,56.372853,0.014236,Chordcat 0,control_change,1,,,,11,79,,,,,,B0 0B 4F,control_change channel=0 control=11 value=79 time=0
2235,2026-09-13T00:29:04.234+00:00,56.387981,0.015128,Chordcat 0,control_change,1,,,,11,75,,,,,,B0 0B 4B,control_change channel=0 control=11 value=75 time=0
2236,2026-09-13T00:29:04.250+00:00,56.403384,0.015403,Chordcat 0,control_change,1,,,,11,71,,,,,,B0 0B 47,control_change channel=0 control=11 value=71 time=0
2237,2026-09-13T00:29:04.264+00:00,56.417556,0.014172,Chordcat 0,control_change,1,,,,11,68,,,,,,B0 0B 44,control_change channel=0 control=11 value=68 time=0
2238,2026-09-13T00:29:04.278+00:00,56.432055,0.0145,Chordcat 0,control_change,1,,,,11,66,,,,,,B0 0B 42,control_change channel=0 control=11 value=66 time=0
2239,2026-09-13T00:29:04.293+00:00,56.446646,0.014591,Chordcat 0,control_change,1,,,,11,64,,,,,,B0 0B 40,control_change channel=0 control=11 value=64 time=0
2240,2026-09-13T00:29:04.308+00:00,56.461665,0.015019,Chordcat 0,control_change,1,,,,11,63,,,,,,B0 0B 3F,control_change channel=0 control=11 value=63 time=0
2241,2026-09-13T00:29:04.337+00:00,56.490695,0.02903,Chordcat 0,control_change,1,,,,11,127,,,,,,B0 0B 7F,control_change channel=0 control=11 value=127 time=0
2242,2026-09-13T00:29:04.484+00:00,56.637841,0.147147,Chordcat 0,control_change,1,,,,11,121,,,,,,B0 0B 79,control_change channel=0 control=11 value=121 time=0
2243,2026-09-13T00:29:04.500+00:00,56.653558,0.015717,Chordcat 0,control_change,1,,,,11,112,,,,,,B0 0B 70,control_change channel=0 control=11 value=112 time=0
2244,2026-09-13T00:29:04.515+00:00,56.668326,0.014768,Chordcat 0,control_change,1,,,,11,104,,,,,,B0 0B 68,control_change channel=0 control=11 value=104 time=0
2245,2026-09-13T00:29:04.528+00:00,56.68156,0.013234,Chordcat 0,control_change,1,,,,11,97,,,,,,B0 0B 61,control_change channel=0 control=11 value=97 time=0
2246,2026-09-13T00:29:04.543+00:00,56.696796,0.015237,Chordcat 0,control_change,1,,,,11,90,,,,,,B0 0B 5A,control_change channel=0 control=11 value=90 time=0
2247,2026-09-13T00:29:04.559+00:00,56.712803,0.016007,Chordcat 0,control_change,1,,,,11,84,,,,,,B0 0B 54,control_change channel=0 control=11 value=84 time=0
2248,2026-09-13T00:29:04.573+00:00,56.726795,0.013992,Chordcat 0,control_change,1,,,,11,79,,,,,,B0 0B 4F,control_change channel=0 control=11 value=79 time=0
2249,2026-09-13T00:29:04.587+00:00,56.740915,0.014119,Chordcat 0,control_change,1,,,,11,75,,,,,,B0 0B 4B,control_change channel=0 control=11 value=75 time=0
2250,2026-09-13T00:29:04.602+00:00,56.755658,0.014744,Chordcat 0,control_change,1,,,,11,71,,,,,,B0 0B 47,control_change channel=0 control=11 value=71 time=0
2251,2026-09-13T00:29:04.617+00:00,56.770867,0.015209,Chordcat 0,control_change,1,,,,11,68,,,,,,B0 0B 44,control_change channel=0 control=11 value=68 time=0
2252,2026-09-13T00:29:04.632+00:00,56.785165,0.014298,Chordcat 0,control_change,1,,,,11,66,,,,,,B0 0B 42,control_change channel=0 control=11 value=66 time=0
2253,2026-09-13T00:29:04.646+00:00,56.800032,0.014867,Chordcat 0,control_change,1,,,,11,64,,,,,,B0 0B 40,control_change channel=0 control=11 value=64 time=0
2254,2026-09-13T00:29:04.661+00:00,56.814807,0.014776,Chordcat 0,control_change,1,,,,11,63,,,,,,B0 0B 3F,control_change channel=0 control=11 value=63 time=0
2255,2026-09-13T00:29:04.690+00:00,56.843989,0.029181,Chordcat 0,control_change,1,,,,11,127,,,,,,B0 0B 7F,control_change channel=0 control=11 value=127 time=0
2256,2026-09-13T00:29:04.837+00:00,56.991167,0.147178,Chordcat 0,control_change,1,,,,11,121,,,,,,B0 0B 79,control_change channel=0 control=11 value=121 time=0
2257,2026-09-13T00:29:04.852+00:00,57.005645,0.014479,Chordcat 0,control_change,1,,,,11,112,,,,,,B0 0B 70,control_change channel=0 control=11 value=112 time=0
2258,2026-09-13T00:29:04.867+00:00,57.020761,0.015116,Chordcat 0,control_change,1,,,,11,104,,,,,,B0 0B 68,control_change channel=0 control=11 value=104 time=0
2259,2026-09-13T00:29:04.881+00:00,57.034599,0.013838,Chordcat 0,control_change,1,,,,11,97,,,,,,B0 0B 61,control_change channel=0 control=11 value=97 time=0
2260,2026-09-13T00:29:04.896+00:00,57.049613,0.015014,Chordcat 0,control_change,1,,,,11,90,,,,,,B0 0B 5A,control_change channel=0 control=11 value=90 time=0
2261,2026-09-13T00:29:04.912+00:00,57.065507,0.015894,Chordcat 0,control_change,1,,,,11,84,,,,,,B0 0B 54,control_change channel=0 control=11 value=84 time=0
2262,2026-09-13T00:29:04.927+00:00,57.080335,0.014828,Chordcat 0,control_change,1,,,,11,79,,,,,,B0 0B 4F,control_change channel=0 control=11 value=79 time=0
2263,2026-09-13T00:29:04.940+00:00,57.093554,0.013219,Chordcat 0,control_change,1,,,,11,75,,,,,,B0 0B 4B,control_change channel=0 control=11 value=75 time=0
2264,2026-09-13T00:29:04.955+00:00,57.108995,0.015442,Chordcat 0,control_change,1,,,,11,71,,,,,,B0 0B 47,control_change channel=0 control=11 value=71 time=0
2265,2026-09-13T00:29:04.970+00:00,57.12348,0.014484,Chordcat 0,control_change,1,,,,11,68,,,,,,B0 0B 44,control_change channel=0 control=11 value=68 time=0
2266,2026-09-13T00:29:04.985+00:00,57.138577,0.015098,Chordcat 0,control_change,1,,,,11,66,,,,,,B0 0B 42,control_change channel=0 control=11 value=66 time=0
2267,2026-09-13T00:29:05.000+00:00,57.153301,0.014724,Chordcat 0,control_change,1,,,,11,64,,,,,,B0 0B 40,control_change channel=0 control=11 value=64 time=0
2268,2026-09-13T00:29:05.015+00:00,57.168122,0.014821,Chordcat 0,control_change,1,,,,11,63,,,,,,B0 0B 3F,control_change channel=0 control=11 value=63 time=0
2269,2026-09-13T00:29:05.044+00:00,57.197444,0.029322,Chordcat 0,control_change,1,,,,11,127,,,,,,B0 0B 7F,control_change channel=0 control=11 value=127 time=0
2270,2026-09-13T00:29:05.190+00:00,57.343502,0.146058,Chordcat 0,control_change,1,,,,11,121,,,,,,B0 0B 79,control_change channel=0 control=11 value=121 time=0
2271,2026-09-13T00:29:05.205+00:00,57.35879,0.015288,Chordcat 0,control_change,1,,,,11,112,,,,,,B0 0B 70,control_change channel=0 control=11 value=112 time=0
2272,2026-09-13T00:29:05.221+00:00,57.37458,0.015791,Chordcat 0,control_change,1,,,,11,104,,,,,,B0 0B 68,control_change channel=0 control=11 value=104 time=0
2273,2026-09-13T00:29:05.234+00:00,57.387606,0.013026,Chordcat 0,control_change,1,,,,11,97,,,,,,B0 0B 61,control_change channel=0 control=11 value=97 time=0
2274,2026-09-13T00:29:05.250+00:00,57.403295,0.015688,Chordcat 0,control_change,1,,,,11,90,,,,,,B0 0B 5A,control_change channel=0 control=11 value=90 time=0
2275,2026-09-13T00:29:05.264+00:00,57.417691,0.014396,Chordcat 0,control_change,1,,,,11,84,,,,,,B0 0B 54,control_change channel=0 control=11 value=84 time=0
2276,2026-09-13T00:29:05.278+00:00,57.431676,0.013985,Chordcat 0,control_change,1,,,,11,79,,,,,,B0 0B 4F,control_change channel=0 control=11 value=79 time=0
2277,2026-09-13T00:29:05.293+00:00,57.44703,0.015354,Chordcat 0,control_change,1,,,,11,75,,,,,,B0 0B 4B,control_change channel=0 control=11 value=75 time=0
2278,2026-09-13T00:29:05.308+00:00,57.46165,0.01462,Chordcat 0,control_change,1,,,,11,71,,,,,,B0 0B 47,control_change channel=0 control=11 value=71 time=0
2279,2026-09-13T00:29:05.323+00:00,57.476761,0.015111,Chordcat 0,control_change,1,,,,11,68,,,,,,B0 0B 44,control_change channel=0 control=11 value=68 time=0
2280,2026-09-13T00:29:05.338+00:00,57.491419,0.014658,Chordcat 0,control_change,1,,,,11,66,,,,,,B0 0B 42,control_change channel=0 control=11 value=66 time=0
2281,2026-09-13T00:29:05.352+00:00,57.505724,0.014305,Chordcat 0,control_change,1,,,,11,64,,,,,,B0 0B 40,control_change channel=0 control=11 value=64 time=0
2282,2026-09-13T00:29:05.368+00:00,57.521265,0.015541,Chordcat 0,control_change,1,,,,11,63,,,,,,B0 0B 3F,control_change channel=0 control=11 value=63 time=0
2283,2026-09-13T00:29:05.396+00:00,57.549619,0.028353,Chordcat 0,control_change,1,,,,11,127,,,,,,B0 0B 7F,control_change channel=0 control=11 value=127 time=0
2284,2026-09-13T00:29:05.543+00:00,57.696744,0.147125,Chordcat 0,control_change,1,,,,11,121,,,,,,B0 0B 79,control_change channel=0 control=11 value=121 time=0
2285,2026-09-13T00:29:05.558+00:00,57.711752,0.015008,Chordcat 0,control_change,1,,,,11,112,,,,,,B0 0B 70,control_change channel=0 control=11 value=112 time=0
2286,2026-09-13T00:29:05.573+00:00,57.726774,0.015022,Chordcat 0,control_change,1,,,,11,104,,,,,,B0 0B 68,control_change channel=0 control=11 value=104 time=0
2287,2026-09-13T00:29:05.588+00:00,57.742024,0.01525,Chordcat 0,control_change,1,,,,11,97,,,,,,B0 0B 61,control_change channel=0 control=11 value=97 time=0
2288,2026-09-13T00:29:05.603+00:00,57.756439,0.014416,Chordcat 0,control_change,1,,,,11,90,,,,,,B0 0B 5A,control_change channel=0 control=11 value=90 time=0
2289,2026-09-13T00:29:05.617+00:00,57.77063,0.014191,Chordcat 0,control_change,1,,,,11,84,,,,,,B0 0B 54,control_change channel=0 control=11 value=84 time=0
2290,2026-09-13T00:29:05.632+00:00,57.785795,0.015165,Chordcat 0,control_change,1,,,,11,79,,,,,,B0 0B 4F,control_change channel=0 control=11 value=79 time=0
2291,2026-09-13T00:29:05.646+00:00,57.799905,0.01411,Chordcat 0,control_change,1,,,,11,75,,,,,,B0 0B 4B,control_change channel=0 control=11 value=75 time=0
2292,2026-09-13T00:29:05.661+00:00,57.814604,0.014699,Chordcat 0,control_change,1,,,,11,71,,,,,,B0 0B 47,control_change channel=0 control=11 value=71 time=0
2293,2026-09-13T00:29:05.676+00:00,57.829497,0.014893,Chordcat 0,control_change,1,,,,11,68,,,,,,B0 0B 44,control_change channel=0 control=11 value=68 time=0
2294,2026-09-13T00:29:05.691+00:00,57.844488,0.014992,Chordcat 0,control_change,1,,,,11,66,,,,,,B0 0B 42,control_change channel=0 control=11 value=66 time=0
2295,2026-09-13T00:29:05.705+00:00,57.85856,0.014072,Chordcat 0,control_change,1,,,,11,64,,,,,,B0 0B 40,control_change channel=0 control=11 value=64 time=0
2296,2026-09-13T00:29:05.720+00:00,57.873544,0.014984,Chordcat 0,control_change,1,,,,11,63,,,,,,B0 0B 3F,control_change channel=0 control=11 value=63 time=0
2297,2026-09-13T00:29:05.750+00:00,57.903454,0.02991,Chordcat 0,control_change,1,,,,11,127,,,,,,B0 0B 7F,control_change channel=0 control=11 value=127 time=0
2298,2026-09-13T00:29:05.896+00:00,58.050038,0.146584,Chordcat 0,control_change,1,,,,11,121,,,,,,B0 0B 79,control_change channel=0 control=11 value=121 time=0
2299,2026-09-13T00:29:05.912+00:00,58.065303,0.015266,Chordcat 0,control_change,1,,,,11,112,,,,,,B0 0B 70,control_change channel=0 control=11 value=112 time=0
2300,2026-09-13T00:29:05.926+00:00,58.079778,0.014475,Chordcat 0,control_change,1,,,,11,104,,,,,,B0 0B 68,control_change channel=0 control=11 value=104 time=0
2301,2026-09-13T00:29:05.941+00:00,58.094219,0.01444,Chordcat 0,control_change,1,,,,11,97,,,,,,B0 0B 61,control_change channel=0 control=11 value=97 time=0
2302,2026-09-13T00:29:05.955+00:00,58.109033,0.014815,Chordcat 0,control_change,1,,,,11,90,,,,,,B0 0B 5A,control_change channel=0 control=11 value=90 time=0
2303,2026-09-13T00:29:05.971+00:00,58.124478,0.015445,Chordcat 0,control_change,1,,,,11,84,,,,,,B0 0B 54,control_change channel=0 control=11 value=84 time=0
2304,2026-09-13T00:29:05.985+00:00,58.138735,0.014257,Chordcat 0,control_change,1,,,,11,79,,,,,,B0 0B 4F,control_change channel=0 control=11 value=79 time=0
2305,2026-09-13T00:29:06.000+00:00,58.153352,0.014617,Chordcat 0,control_change,1,,,,11,75,,,,,,B0 0B 4B,control_change channel=0 control=11 value=75 time=0
2306,2026-09-13T00:29:06.014+00:00,58.168064,0.014712,Chordcat 0,control_change,1,,,,11,71,,,,,,B0 0B 47,control_change channel=0 control=11 value=71 time=0
2307,2026-09-13T00:29:06.029+00:00,58.18268,0.014615,Chordcat 0,control_change,1,,,,11,68,,,,,,B0 0B 44,control_change channel=0 control=11 value=68 time=0
2308,2026-09-13T00:29:06.044+00:00,58.197506,0.014826,Chordcat 0,control_change,1,,,,11,66,,,,,,B0 0B 42,control_change channel=0 control=11 value=66 time=0
2309,2026-09-13T00:29:06.058+00:00,58.21198,0.014474,Chordcat 0,control_change,1,,,,11,64,,,,,,B0 0B 40,control_change channel=0 control=11 value=64 time=0
2310,2026-09-13T00:29:06.073+00:00,58.226862,0.014881,Chordcat 0,control_change,1,,,,11,63,,,,,,B0 0B 3F,control_change channel=0 control=11 value=63 time=0
2311,2026-09-13T00:29:06.102+00:00,58.255835,0.028974,Chordcat 0,control_change,1,,,,11,127,,,,,,B0 0B 7F,control_change channel=0 control=11 value=127 time=0
2312,2026-09-13T00:29:06.250+00:00,58.403539,0.147704,Chordcat 0,control_change,1,,,,11,121,,,,,,B0 0B 79,control_change channel=0 control=11 value=121 time=0
2313,2026-09-13T00:29:06.265+00:00,58.418379,0.01484,Chordcat 0,control_change,1,,,,11,112,,,,,,B0 0B 70,control_change channel=0 control=11 value=112 time=0
2314,2026-09-13T00:29:06.280+00:00,58.433212,0.014834,Chordcat 0,control_change,1,,,,11,104,,,,,,B0 0B 68,control_change channel=0 control=11 value=104 time=0
2315,2026-09-13T00:29:06.294+00:00,58.447427,0.014214,Chordcat 0,control_change,1,,,,11,97,,,,,,B0 0B 61,control_change channel=0 control=11 value=97 time=0
2316,2026-09-13T00:29:06.309+00:00,58.462984,0.015557,Chordcat 0,control_change,1,,,,11,90,,,,,,B0 0B 5A,control_change channel=0 control=11 value=90 time=0
2317,2026-09-13T00:29:06.323+00:00,58.47701,0.014026,Chordcat 0,control_change,1,,,,11,84,,,,,,B0 0B 54,control_change channel=0 control=11 value=84 time=0
2318,2026-09-13T00:29:06.338+00:00,58.491557,0.014547,Chordcat 0,control_change,1,,,,11,79,,,,,,B0 0B 4F,control_change channel=0 control=11 value=79 time=0
2319,2026-09-13T00:29:06.352+00:00,58.505887,0.014329,Chordcat 0,control_change,1,,,,11,75,,,,,,B0 0B 4B,control_change channel=0 control=11 value=75 time=0
2320,2026-09-13T00:29:06.367+00:00,58.520459,0.014572,Chordcat 0,control_change,1,,,,11,71,,,,,,B0 0B 47,control_change channel=0 control=11 value=71 time=0
2321,2026-09-13T00:29:06.382+00:00,58.535556,0.015097,Chordcat 0,control_change,1,,,,11,68,,,,,,B0 0B 44,control_change channel=0 control=11 value=68 time=0
2322,2026-09-13T00:29:06.398+00:00,58.551376,0.01582,Chordcat 0,control_change,1,,,,11,66,,,,,,B0 0B 42,control_change channel=0 control=11 value=66 time=0
2323,2026-09-13T00:29:06.411+00:00,58.565034,0.013658,Chordcat 0,control_change,1,,,,11,64,,,,,,B0 0B 40,control_change channel=0 control=11 value=64 time=0
2324,2026-09-13T00:29:06.426+00:00,58.579803,0.014769,Chordcat 0,control_change,1,,,,11,63,,,,,,B0 0B 3F,control_change channel=0 control=11 value=63 time=0
2325,2026-09-13T00:29:06.455+00:00,58.608849,0.029046,Chordcat 0,control_change,1,,,,11,127,,,,,,B0 0B 7F,control_change channel=0 control=11 value=127 time=0
2326,2026-09-13T00:29:06.603+00:00,58.75639,0.147541,Chordcat 0,control_change,1,,,,11,121,,,,,,B0 0B 79,control_change channel=0 control=11 value=121 time=0
2327,2026-09-13T00:29:06.617+00:00,58.770553,0.014163,Chordcat 0,control_change,1,,,,11,112,,,,,,B0 0B 70,control_change channel=0 control=11 value=112 time=0
2328,2026-09-13T00:29:06.633+00:00,58.786206,0.015653,Chordcat 0,control_change,1,,,,11,104,,,,,,B0 0B 68,control_change channel=0 control=11 value=104 time=0
2329,2026-09-13T00:29:06.647+00:00,58.800607,0.014401,Chordcat 0,control_change,1,,,,11,96,,,,,,B0 0B 60,control_change channel=0 control=11 value=96 time=0
2330,2026-09-13T00:29:06.661+00:00,58.814849,0.014242,Chordcat 0,control_change,1,,,,11,90,,,,,,B0 0B 5A,control_change channel=0 control=11 value=90 time=0
2331,2026-09-13T00:29:06.676+00:00,58.830053,0.015204,Chordcat 0,control_change,1,,,,11,84,,,,,,B0 0B 54,control_change channel=0 control=11 value=84 time=0
2332,2026-09-13T00:29:06.691+00:00,58.844626,0.014573,Chordcat 0,control_change,1,,,,11,79,,,,,,B0 0B 4F,control_change channel=0 control=11 value=79 time=0
2333,2026-09-13T00:29:06.705+00:00,58.858763,0.014138,Chordcat 0,control_change,1,,,,11,75,,,,,,B0 0B 4B,control_change channel=0 control=11 value=75 time=0
2334,2026-09-13T00:29:06.720+00:00,58.873866,0.015102,Chordcat 0,control_change,1,,,,11,71,,,,,,B0 0B 47,control_change channel=0 control=11 value=71 time=0
2335,2026-09-13T00:29:06.735+00:00,58.888913,0.015047,Chordcat 0,control_change,1,,,,11,68,,,,,,B0 0B 44,control_change channel=0 control=11 value=68 time=0
2336,2026-09-13T00:29:06.751+00:00,58.904354,0.015441,Chordcat 0,control_change,1,,,,11,65,,,,,,B0 0B 41,control_change channel=0 control=11 value=65 time=0
2337,2026-09-13T00:29:06.765+00:00,58.918434,0.01408,Chordcat 0,control_change,1,,,,11,64,,,,,,B0 0B 40,control_change channel=0 control=11 value=64 time=0
2338,2026-09-13T00:29:06.780+00:00,58.933418,0.014984,Chordcat 0,control_change,1,,,,11,63,,,,,,B0 0B 3F,control_change channel=0 control=11 value=63 time=0
2339,2026-09-13T00:29:06.808+00:00,58.961831,0.028413,Chordcat 0,control_change,1,,,,11,127,,,,,,B0 0B 7F,control_change channel=0 control=11 value=127 time=0
2340,2026-09-13T00:29:06.955+00:00,59.108525,0.146693,Chordcat 0,control_change,1,,,,11,121,,,,,,B0 0B 79,control_change channel=0 control=11 value=121 time=0
2341,2026-09-13T00:29:06.970+00:00,59.123988,0.015463,Chordcat 0,control_change,1,,,,11,112,,,,,,B0 0B 70,control_change channel=0 control=11 value=112 time=0
2342,2026-09-13T00:29:06.985+00:00,59.13877,0.014782,Chordcat 0,control_change,1,,,,11,104,,,,,,B0 0B 68,control_change channel=0 control=11 value=104 time=0
2343,2026-09-13T00:29:07.001+00:00,59.154404,0.015634,Chordcat 0,control_change,1,,,,11,96,,,,,,B0 0B 60,control_change channel=0 control=11 value=96 time=0
2344,2026-09-13T00:29:07.014+00:00,59.168007,0.013603,Chordcat 0,control_change,1,,,,11,90,,,,,,B0 0B 5A,control_change channel=0 control=11 value=90 time=0
2345,2026-09-13T00:29:07.029+00:00,59.182562,0.014554,Chordcat 0,control_change,1,,,,11,84,,,,,,B0 0B 54,control_change channel=0 control=11 value=84 time=0
2346,2026-09-13T00:29:07.044+00:00,59.198032,0.01547,Chordcat 0,control_change,1,,,,11,79,,,,,,B0 0B 4F,control_change channel=0 control=11 value=79 time=0
2347,2026-09-13T00:29:07.058+00:00,59.211449,0.013418,Chordcat 0,control_change,1,,,,11,75,,,,,,B0 0B 4B,control_change channel=0 control=11 value=75 time=0
2348,2026-09-13T00:29:07.073+00:00,59.22672,0.015271,Chordcat 0,control_change,1,,,,11,71,,,,,,B0 0B 47,control_change channel=0 control=11 value=71 time=0
2349,2026-09-13T00:29:07.089+00:00,59.242333,0.015613,Chordcat 0,control_change,1,,,,11,68,,,,,,B0 0B 44,control_change channel=0 control=11 value=68 time=0
2350,2026-09-13T00:29:07.102+00:00,59.255615,0.013282,Chordcat 0,control_change,1,,,,11,66,,,,,,B0 0B 42,control_change channel=0 control=11 value=66 time=0
2351,2026-09-13T00:29:07.117+00:00,59.27062,0.015005,Chordcat 0,control_change,1,,,,11,64,,,,,,B0 0B 40,control_change channel=0 control=11 value=64 time=0
2352,2026-09-13T00:29:07.133+00:00,59.28643,0.01581,Chordcat 0,control_change,1,,,,11,63,,,,,,B0 0B 3F,control_change channel=0 control=11 value=63 time=0
2353,2026-09-13T00:29:07.161+00:00,59.314963,0.028533,Chordcat 0,control_change,1,,,,11,127,,,,,,B0 0B 7F,control_change channel=0 control=11 value=127 time=0
2354,2026-09-13T00:29:07.308+00:00,59.46175,0.146787,Chordcat 0,control_change,1,,,,11,121,,,,,,B0 0B 79,control_change channel=0 control=11 value=121 time=0
2355,2026-09-13T00:29:07.323+00:00,59.476689,0.014939,Chordcat 0,control_change,1,,,,11,112,,,,,,B0 0B 70,control_change channel=0 control=11 value=112 time=0
2356,2026-09-13T00:29:07.338+00:00,59.491622,0.014933,Chordcat 0,control_change,1,,,,11,104,,,,,,B0 0B 68,control_change channel=0 control=11 value=104 time=0
2357,2026-09-13T00:29:07.353+00:00,59.506949,0.015327,Chordcat 0,control_change,1,,,,11,97,,,,,,B0 0B 61,control_change channel=0 control=11 value=97 time=0
2358,2026-09-13T00:29:07.367+00:00,59.520851,0.013902,Chordcat 0,control_change,1,,,,11,90,,,,,,B0 0B 5A,control_change channel=0 control=11 value=90 time=0
2359,2026-09-13T00:29:07.387+00:00,59.540282,0.019431,Chordcat 0,control_change,1,,,,11,84,,,,,,B0 0B 54,control_change channel=0 control=11 value=84 time=0
2360,2026-09-13T00:29:07.397+00:00,59.551025,0.010743,Chordcat 0,control_change,1,,,,11,79,,,,,,B0 0B 4F,control_change channel=0 control=11 value=79 time=0
2361,2026-09-13T00:29:07.413+00:00,59.566259,0.015234,Chordcat 0,control_change,1,,,,11,75,,,,,,B0 0B 4B,control_change channel=0 control=11 value=75 time=0
2362,2026-09-13T00:29:07.426+00:00,59.57969,0.013431,Chordcat 0,control_change,1,,,,11,71,,,,,,B0 0B 47,control_change channel=0 control=11 value=71 time=0
2363,2026-09-13T00:29:07.441+00:00,59.594521,0.014832,Chordcat 0,control_change,1,,,,11,68,,,,,,B0 0B 44,control_change channel=0 control=11 value=68 time=0
2364,2026-09-13T00:29:07.457+00:00,59.610286,0.015765,Chordcat 0,control_change,1,,,,11,66,,,,,,B0 0B 42,control_change channel=0 control=11 value=66 time=0
2365,2026-09-13T00:29:07.471+00:00,59.624251,0.013964,Chordcat 0,control_change,1,,,,11,64,,,,,,B0 0B 40,control_change channel=0 control=11 value=64 time=0
2366,2026-09-13T00:29:07.485+00:00,59.638748,0.014497,Chordcat 0,control_change,1,,,,11,63,,,,,,B0 0B 3F,control_change channel=0 control=11 value=63 time=0
2367,2026-09-13T00:29:07.514+00:00,59.667752,0.029004,Chordcat 0,control_change,1,,,,11,127,,,,,,B0 0B 7F,control_change channel=0 control=11 value=127 time=0
2368,2026-09-13T00:29:07.662+00:00,59.815626,0.147874,Chordcat 0,control_change,1,,,,11,120,,,,,,B0 0B 78,control_change channel=0 control=11 value=120 time=0
2369,2026-09-13T00:29:07.676+00:00,59.830124,0.014498,Chordcat 0,control_change,1,,,,11,112,,,,,,B0 0B 70,control_change channel=0 control=11 value=112 time=0
2370,2026-09-13T00:29:07.691+00:00,59.844495,0.014371,Chordcat 0,control_change,1,,,,11,104,,,,,,B0 0B 68,control_change channel=0 control=11 value=104 time=0
2371,2026-09-13T00:29:07.706+00:00,59.860059,0.015564,Chordcat 0,control_change,1,,,,11,96,,,,,,B0 0B 60,control_change channel=0 control=11 value=96 time=0
2372,2026-09-13T00:29:07.720+00:00,59.87382,0.013761,Chordcat 0,control_change,1,,,,11,90,,,,,,B0 0B 5A,control_change channel=0 control=11 value=90 time=0
2373,2026-09-13T00:29:07.735+00:00,59.888859,0.015039,Chordcat 0,control_change,1,,,,11,84,,,,,,B0 0B 54,control_change channel=0 control=11 value=84 time=0
2374,2026-09-13T00:29:07.750+00:00,59.90351,0.014651,Chordcat 0,control_change,1,,,,11,79,,,,,,B0 0B 4F,control_change channel=0 control=11 value=79 time=0
2375,2026-09-13T00:29:07.764+00:00,59.917878,0.014368,Chordcat 0,control_change,1,,,,11,75,,,,,,B0 0B 4B,control_change channel=0 control=11 value=75 time=0
2376,2026-09-13T00:29:07.780+00:00,59.93341,0.015533,Chordcat 0,control_change,1,,,,11,71,,,,,,B0 0B 47,control_change channel=0 control=11 value=71 time=0
2377,2026-09-13T00:29:07.794+00:00,59.947569,0.014159,Chordcat 0,control_change,1,,,,11,68,,,,,,B0 0B 44,control_change channel=0 control=11 value=68 time=0
2378,2026-09-13T00:29:07.810+00:00,59.963276,0.015707,Chordcat 0,control_change,1,,,,11,65,,,,,,B0 0B 41,control_change channel=0 control=11 value=65 time=0
2379,2026-09-13T00:29:07.823+00:00,59.97689,0.013614,Chordcat 0,control_change,1,,,,11,64,,,,,,B0 0B 40,control_change channel=0 control=11 value=64 time=0
2380,2026-09-13T00:29:07.838+00:00,59.991373,0.014483,Chordcat 0,control_change,1,,,,11,63,,,,,,B0 0B 3F,control_change channel=0 control=11 value=63 time=0
2381,2026-09-13T00:29:07.867+00:00,60.020588,0.029215,Chordcat 0,control_change,1,,,,11,127,,,,,,B0 0B 7F,control_change channel=0 control=11 value=127 time=0
2382,2026-09-13T00:29:08.014+00:00,60.167991,0.147403,Chordcat 0,control_change,1,,,,11,121,,,,,,B0 0B 79,control_change channel=0 control=11 value=121 time=0
2383,2026-09-13T00:29:08.029+00:00,60.182801,0.01481,Chordcat 0,control_change,1,,,,11,112,,,,,,B0 0B 70,control_change channel=0 control=11 value=112 time=0
2384,2026-09-13T00:29:08.045+00:00,60.198358,0.015557,Chordcat 0,control_change,1,,,,11,104,,,,,,B0 0B 68,control_change channel=0 control=11 value=104 time=0
2385,2026-09-13T00:29:08.059+00:00,60.212502,0.014143,Chordcat 0,control_change,1,,,,11,96,,,,,,B0 0B 60,control_change channel=0 control=11 value=96 time=0
2386,2026-09-13T00:29:08.074+00:00,60.227299,0.014797,Chordcat 0,control_change,1,,,,11,90,,,,,,B0 0B 5A,control_change channel=0 control=11 value=90 time=0
2387,2026-09-13T00:29:08.088+00:00,60.241478,0.014179,Chordcat 0,control_change,1,,,,11,84,,,,,,B0 0B 54,control_change channel=0 control=11 value=84 time=0
2388,2026-09-13T00:29:08.104+00:00,60.257511,0.016034,Chordcat 0,control_change,1,,,,11,79,,,,,,B0 0B 4F,control_change channel=0 control=11 value=79 time=0
2389,2026-09-13T00:29:08.117+00:00,60.27082,0.013309,Chordcat 0,control_change,1,,,,11,75,,,,,,B0 0B 4B,control_change channel=0 control=11 value=75 time=0
2390,2026-09-13T00:29:08.133+00:00,60.286435,0.015615,Chordcat 0,control_change,1,,,,11,71,,,,,,B0 0B 47,control_change channel=0 control=11 value=71 time=0
2391,2026-09-13T00:29:08.147+00:00,60.300867,0.014432,Chordcat 0,control_change,1,,,,11,68,,,,,,B0 0B 44,control_change channel=0 control=11 value=68 time=0
2392,2026-09-13T00:29:08.162+00:00,60.315609,0.014741,Chordcat 0,control_change,1,,,,11,65,,,,,,B0 0B 41,control_change channel=0 control=11 value=65 time=0
2393,2026-09-13T00:29:08.176+00:00,60.329453,0.013844,Chordcat 0,control_change,1,,,,11,64,,,,,,B0 0B 40,control_change channel=0 control=11 value=64 time=0
2394,2026-09-13T00:29:08.192+00:00,60.34543,0.015977,Chordcat 0,control_change,1,,,,11,63,,,,,,B0 0B 3F,control_change channel=0 control=11 value=63 time=0
2395,2026-09-13T00:29:08.220+00:00,60.373469,0.028039,Chordcat 0,control_change,1,,,,11,127,,,,,,B0 0B 7F,control_change channel=0 control=11 value=127 time=0
2396,2026-09-13T00:29:08.369+00:00,60.522554,0.149085,Chordcat 0,control_change,1,,,,11,120,,,,,,B0 0B 78,control_change channel=0 control=11 value=120 time=0
2397,2026-09-13T00:29:08.382+00:00,60.536072,0.013519,Chordcat 0,control_change,1,,,,11,112,,,,,,B0 0B 70,control_change channel=0 control=11 value=112 time=0
2398,2026-09-13T00:29:08.397+00:00,60.550402,0.01433,Chordcat 0,control_change,1,,,,11,104,,,,,,B0 0B 68,control_change channel=0 control=11 value=104 time=0
2399,2026-09-13T00:29:08.412+00:00,60.565618,0.015216,Chordcat 0,control_change,1,,,,11,97,,,,,,B0 0B 61,control_change channel=0 control=11 value=97 time=0
2400,2026-09-13T00:29:08.428+00:00,60.581642,0.016024,Chordcat 0,control_change,1,,,,11,90,,,,,,B0 0B 5A,control_change channel=0 control=11 value=90 time=0
2401,2026-09-13T00:29:08.441+00:00,60.594606,0.012964,Chordcat 0,control_change,1,,,,11,84,,,,,,B0 0B 54,control_change channel=0 control=11 value=84 time=0
2402,2026-09-13T00:29:08.456+00:00,60.610016,0.01541,Chordcat 0,control_change,1,,,,11,79,,,,,,B0 0B 4F,control_change channel=0 control=11 value=79 time=0
2403,2026-09-13T00:29:08.471+00:00,60.624585,0.014569,Chordcat 0,control_change,1,,,,11,75,,,,,,B0 0B 4B,control_change channel=0 control=11 value=75 time=0
2404,2026-09-13T00:29:08.485+00:00,60.639176,0.014591,Chordcat 0,control_change,1,,,,11,71,,,,,,B0 0B 47,control_change channel=0 control=11 value=71 time=0
2405,2026-09-13T00:29:08.501+00:00,60.654163,0.014987,Chordcat 0,control_change,1,,,,11,68,,,,,,B0 0B 44,control_change channel=0 control=11 value=68 time=0
2406,2026-09-13T00:29:08.515+00:00,60.669157,0.014995,Chordcat 0,control_change,1,,,,11,66,,,,,,B0 0B 42,control_change channel=0 control=11 value=66 time=0
2407,2026-09-13T00:29:08.530+00:00,60.683737,0.014579,Chordcat 0,control_change,1,,,,11,64,,,,,,B0 0B 40,control_change channel=0 control=11 value=64 time=0
2408,2026-09-13T00:29:08.544+00:00,60.697536,0.0138,Chordcat 0,control_change,1,,,,11,63,,,,,,B0 0B 3F,control_change channel=0 control=11 value=63 time=0
2409,2026-09-13T00:29:08.575+00:00,60.728162,0.030625,Chordcat 0,control_change,1,,,,11,127,,,,,,B0 0B 7F,control_change channel=0 control=11 value=127 time=0
2410,2026-09-13T00:29:08.721+00:00,60.874401,0.146239,Chordcat 0,control_change,1,,,,11,121,,,,,,B0 0B 79,control_change channel=0 control=11 value=121 time=0
2411,2026-09-13T00:29:08.736+00:00,60.889343,0.014942,Chordcat 0,control_change,1,,,,11,112,,,,,,B0 0B 70,control_change channel=0 control=11 value=112 time=0
2412,2026-09-13T00:29:08.750+00:00,60.903626,0.014283,Chordcat 0,control_change,1,,,,11,104,,,,,,B0 0B 68,control_change channel=0 control=11 value=104 time=0
2413,2026-09-13T00:29:08.765+00:00,60.918527,0.014901,Chordcat 0,control_change,1,,,,11,97,,,,,,B0 0B 61,control_change channel=0 control=11 value=97 time=0
2414,2026-09-13T00:29:08.779+00:00,60.932716,0.01419,Chordcat 0,control_change,1,,,,11,91,,,,,,B0 0B 5B,control_change channel=0 control=11 value=91 time=0
2415,2026-09-13T00:29:08.794+00:00,60.947506,0.014789,Chordcat 0,control_change,1,,,,11,85,,,,,,B0 0B 55,control_change channel=0 control=11 value=85 time=0
2416,2026-09-13T00:29:08.809+00:00,60.963113,0.015608,Chordcat 0,control_change,1,,,,11,79,,,,,,B0 0B 4F,control_change channel=0 control=11 value=79 time=0
2417,2026-09-13T00:29:08.824+00:00,60.977513,0.014399,Chordcat 0,control_change,1,,,,11,75,,,,,,B0 0B 4B,control_change channel=0 control=11 value=75 time=0
2418,2026-09-13T00:29:08.839+00:00,60.992234,0.014721,Chordcat 0,control_change,1,,,,11,71,,,,,,B0 0B 47,control_change channel=0 control=11 value=71 time=0
2419,2026-09-13T00:29:08.854+00:00,61.007453,0.01522,Chordcat 0,control_change,1,,,,11,68,,,,,,B0 0B 44,control_change channel=0 control=11 value=68 time=0
2420,2026-09-13T00:29:08.868+00:00,61.021437,0.013983,Chordcat 0,control_change,1,,,,11,66,,,,,,B0 0B 42,control_change channel=0 control=11 value=66 time=0
2421,2026-09-13T00:29:08.883+00:00,61.036313,0.014877,Chordcat 0,control_change,1,,,,11,64,,,,,,B0 0B 40,control_change channel=0 control=11 value=64 time=0
2422,2026-09-13T00:29:08.898+00:00,61.051196,0.014883,Chordcat 0,control_change,1,,,,11,63,,,,,,B0 0B 3F,control_change channel=0 control=11 value=63 time=0
2423,2026-09-13T00:29:08.928+00:00,61.081259,0.030063,Chordcat 0,control_change,1,,,,11,127,,,,,,B0 0B 7F,control_change channel=0 control=11 value=127 time=0
2424,2026-09-13T00:29:09.074+00:00,61.2279,0.146641,Chordcat 0,control_change,1,,,,11,121,,,,,,B0 0B 79,control_change channel=0 control=11 value=121 time=0
2425,2026-09-13T00:29:09.089+00:00,61.242256,0.014355,Chordcat 0,control_change,1,,,,11,112,,,,,,B0 0B 70,control_change channel=0 control=11 value=112 time=0
2426,2026-09-13T00:29:09.103+00:00,61.256414,0.014158,Chordcat 0,control_change,1,,,,11,104,,,,,,B0 0B 68,control_change channel=0 control=11 value=104 time=0
2427,2026-09-13T00:29:09.118+00:00,61.272101,0.015687,Chordcat 0,control_change,1,,,,11,97,,,,,,B0 0B 61,control_change channel=0 control=11 value=97 time=0
2428,2026-09-13T00:29:09.133+00:00,61.286235,0.014134,Chordcat 0,control_change,1,,,,11,91,,,,,,B0 0B 5B,control_change channel=0 control=11 value=91 time=0
2429,2026-09-13T00:29:09.147+00:00,61.300419,0.014184,Chordcat 0,control_change,1,,,,11,85,,,,,,B0 0B 55,control_change channel=0 control=11 value=85 time=0
2430,2026-09-13T00:29:09.162+00:00,61.315786,0.015366,Chordcat 0,control_change,1,,,,11,79,,,,,,B0 0B 4F,control_change channel=0 control=11 value=79 time=0
2431,2026-09-13T00:29:09.178+00:00,61.331344,0.015558,Chordcat 0,control_change,1,,,,11,75,,,,,,B0 0B 4B,control_change channel=0 control=11 value=75 time=0
2432,2026-09-13T00:29:09.191+00:00,61.344653,0.01331,Chordcat 0,control_change,1,,,,11,71,,,,,,B0 0B 47,control_change channel=0 control=11 value=71 time=0
2433,2026-09-13T00:29:09.206+00:00,61.359953,0.0153,Chordcat 0,control_change,1,,,,11,68,,,,,,B0 0B 44,control_change channel=0 control=11 value=68 time=0
2434,2026-09-13T00:29:09.221+00:00,61.374583,0.014629,Chordcat 0,control_change,1,,,,11,66,,,,,,B0 0B 42,control_change channel=0 control=11 value=66 time=0
2435,2026-09-13T00:29:09.236+00:00,61.3898,0.015217,Chordcat 0,control_change,1,,,,11,64,,,,,,B0 0B 40,control_change channel=0 control=11 value=64 time=0
2436,2026-09-13T00:29:09.250+00:00,61.403475,0.013675,Chordcat 0,control_change,1,,,,11,63,,,,,,B0 0B 3F,control_change channel=0 control=11 value=63 time=0
2437,2026-09-13T00:29:09.280+00:00,61.433623,0.030148,Chordcat 0,control_change,1,,,,11,127,,,,,,B0 0B 7F,control_change channel=0 control=11 value=127 time=0
2438,2026-09-13T00:29:09.427+00:00,61.5811,0.147477,Chordcat 0,control_change,1,,,,11,121,,,,,,B0 0B 79,control_change channel=0 control=11 value=121 time=0
2439,2026-09-13T00:29:09.441+00:00,61.594763,0.013664,Chordcat 0,control_change,1,,,,11,112,,,,,,B0 0B 70,control_change channel=0 control=11 value=112 time=0
2440,2026-09-13T00:29:09.457+00:00,61.610134,0.015371,Chordcat 0,control_change,1,,,,11,104,,,,,,B0 0B 68,control_change channel=0 control=11 value=104 time=0
2441,2026-09-13T00:29:09.471+00:00,61.624837,0.014702,Chordcat 0,control_change,1,,,,11,97,,,,,,B0 0B 61,control_change channel=0 control=11 value=97 time=0
2442,2026-09-13T00:29:09.487+00:00,61.640122,0.015286,Chordcat 0,control_change,1,,,,11,90,,,,,,B0 0B 5A,control_change channel=0 control=11 value=90 time=0
2443,2026-09-13T00:29:09.500+00:00,61.653394,0.013271,Chordcat 0,control_change,1,,,,11,85,,,,,,B0 0B 55,control_change channel=0 control=11 value=85 time=0
2444,2026-09-13T00:29:09.516+00:00,61.6693,0.015907,Chordcat 0,control_change,1,,,,11,79,,,,,,B0 0B 4F,control_change channel=0 control=11 value=79 time=0
2445,2026-09-13T00:29:09.531+00:00,61.684186,0.014886,Chordcat 0,control_change,1,,,,11,75,,,,,,B0 0B 4B,control_change channel=0 control=11 value=75 time=0
2446,2026-09-13T00:29:09.544+00:00,61.697401,0.013214,Chordcat 0,control_change,1,,,,11,71,,,,,,B0 0B 47,control_change channel=0 control=11 value=71 time=0
2447,2026-09-13T00:29:09.560+00:00,61.713376,0.015976,Chordcat 0,control_change,1,,,,11,68,,,,,,B0 0B 44,control_change channel=0 control=11 value=68 time=0
2448,2026-09-13T00:29:09.575+00:00,61.728168,0.014792,Chordcat 0,control_change,1,,,,11,66,,,,,,B0 0B 42,control_change channel=0 control=11 value=66 time=0
2449,2026-09-13T00:29:09.590+00:00,61.743324,0.015156,Chordcat 0,control_change,1,,,,11,64,,,,,,B0 0B 40,control_change channel=0 control=11 value=64 time=0
2450,2026-09-13T00:29:09.603+00:00,61.7569,0.013576,Chordcat 0,control_change,1,,,,11,63,,,,,,B0 0B 3F,control_change channel=0 control=11 value=63 time=0
2451,2026-09-13T00:29:09.634+00:00,61.787352,0.030452,Chordcat 0,control_change,1,,,,11,127,,,,,,B0 0B 7F,control_change channel=0 control=11 value=127 time=0
2452,2026-09-13T00:29:09.780+00:00,61.933477,0.146124,Chordcat 0,control_change,1,,,,11,121,,,,,,B0 0B 79,control_change channel=0 control=11 value=121 time=0
2453,2026-09-13T00:29:09.794+00:00,61.948,0.014523,Chordcat 0,control_change,1,,,,11,112,,,,,,B0 0B 70,control_change channel=0 control=11 value=112 time=0
2454,2026-09-13T00:29:09.810+00:00,61.963746,0.015746,Chordcat 0,control_change,1,,,,11,104,,,,,,B0 0B 68,control_change channel=0 control=11 value=104 time=0
2455,2026-09-13T00:29:09.824+00:00,61.977875,0.014129,Chordcat 0,control_change,1,,,,11,97,,,,,,B0 0B 61,control_change channel=0 control=11 value=97 time=0
2456,2026-09-13T00:29:09.840+00:00,61.993682,0.015807,Chordcat 0,control_change,1,,,,11,90,,,,,,B0 0B 5A,control_change channel=0 control=11 value=90 time=0
2457,2026-09-13T00:29:09.853+00:00,62.006387,0.012705,Chordcat 0,control_change,1,,,,11,85,,,,,,B0 0B 55,control_change channel=0 control=11 value=85 time=0
2458,2026-09-13T00:29:09.868+00:00,62.021769,0.015382,Chordcat 0,control_change,1,,,,11,79,,,,,,B0 0B 4F,control_change channel=0 control=11 value=79 time=0
2459,2026-09-13T00:29:09.883+00:00,62.036398,0.014628,Chordcat 0,control_change,1,,,,11,75,,,,,,B0 0B 4B,control_change channel=0 control=11 value=75 time=0
2460,2026-09-13T00:29:09.897+00:00,62.050436,0.014039,Chordcat 0,control_change,1,,,,11,71,,,,,,B0 0B 47,control_change channel=0 control=11 value=71 time=0
2461,2026-09-13T00:29:09.913+00:00,62.066241,0.015805,Chordcat 0,control_change,1,,,,11,68,,,,,,B0 0B 44,control_change channel=0 control=11 value=68 time=0
2462,2026-09-13T00:29:09.927+00:00,62.081098,0.014857,Chordcat 0,control_change,1,,,,11,66,,,,,,B0 0B 42,control_change channel=0 control=11 value=66 time=0
2463,2026-09-13T00:29:09.942+00:00,62.095297,0.014199,Chordcat 0,control_change,1,,,,11,64,,,,,,B0 0B 40,control_change channel=0 control=11 value=64 time=0
2464,2026-09-13T00:29:09.956+00:00,62.109374,0.014077,Chordcat 0,control_change,1,,,,11,63,,,,,,B0 0B 3F,control_change channel=0 control=11 value=63 time=0
2465,2026-09-13T00:29:09.986+00:00,62.139421,0.030047,Chordcat 0,control_change,1,,,,11,127,,,,,,B0 0B 7F,control_change channel=0 control=11 value=127 time=0
2466,2026-09-13T00:29:10.133+00:00,62.286863,0.147442,Chordcat 0,control_change,1,,,,11,121,,,,,,B0 0B 79,control_change channel=0 control=11 value=121 time=0
2467,2026-09-13T00:29:10.148+00:00,62.301737,0.014874,Chordcat 0,control_change,1,,,,11,112,,,,,,B0 0B 70,control_change channel=0 control=11 value=112 time=0
2468,2026-09-13T00:29:10.162+00:00,62.315571,0.013834,Chordcat 0,control_change,1,,,,11,104,,,,,,B0 0B 68,control_change channel=0 control=11 value=104 time=0
2469,2026-09-13T00:29:10.178+00:00,62.331266,0.015695,Chordcat 0,control_change,1,,,,11,97,,,,,,B0 0B 61,control_change channel=0 control=11 value=97 time=0
2470,2026-09-13T00:29:10.193+00:00,62.346428,0.015162,Chordcat 0,control_change,1,,,,11,90,,,,,,B0 0B 5A,control_change channel=0 control=11 value=90 time=0
2471,2026-09-13T00:29:10.206+00:00,62.359765,0.013337,Chordcat 0,control_change,1,,,,11,85,,,,,,B0 0B 55,control_change channel=0 control=11 value=85 time=0
2472,2026-09-13T00:29:10.221+00:00,62.374425,0.014659,Chordcat 0,control_change,1,,,,11,80,,,,,,B0 0B 50,control_change channel=0 control=11 value=80 time=0
2473,2026-09-13T00:29:10.237+00:00,62.390357,0.015932,Chordcat 0,control_change,1,,,,11,75,,,,,,B0 0B 4B,control_change channel=0 control=11 value=75 time=0
2474,2026-09-13T00:29:10.252+00:00,62.40529,0.014934,Chordcat 0,control_change,1,,,,11,71,,,,,,B0 0B 47,control_change channel=0 control=11 value=71 time=0
2475,2026-09-13T00:29:10.265+00:00,62.418403,0.013113,Chordcat 0,control_change,1,,,,11,68,,,,,,B0 0B 44,control_change channel=0 control=11 value=68 time=0
2476,2026-09-13T00:29:10.280+00:00,62.433344,0.014941,Chordcat 0,control_change,1,,,,11,66,,,,,,B0 0B 42,control_change channel=0 control=11 value=66 time=0
2477,2026-09-13T00:29:10.296+00:00,62.449159,0.015815,Chordcat 0,control_change,1,,,,11,64,,,,,,B0 0B 40,control_change channel=0 control=11 value=64 time=0
2478,2026-09-13T00:29:10.310+00:00,62.463673,0.014514,Chordcat 0,control_change,1,,,,11,63,,,,,,B0 0B 3F,control_change channel=0 control=11 value=63 time=0
2479,2026-09-13T00:29:10.340+00:00,62.493365,0.029692,Chordcat 0,control_change,1,,,,11,127,,,,,,B0 0B 7F,control_change channel=0 control=11 value=127 time=0
2480,2026-09-13T00:29:10.486+00:00,62.639576,0.146212,Chordcat 0,control_change,1,,,,11,121,,,,,,B0 0B 79,control_change channel=0 control=11 value=121 time=0
2481,2026-09-13T00:29:10.501+00:00,62.654686,0.015109,Chordcat 0,control_change,1,,,,11,112,,,,,,B0 0B 70,control_change channel=0 control=11 value=112 time=0
2482,2026-09-13T00:29:10.515+00:00,62.66879,0.014105,Chordcat 0,control_change,1,,,,11,104,,,,,,B0 0B 68,control_change channel=0 control=11 value=104 time=0
2483,2026-09-13T00:29:10.530+00:00,62.68362,0.014829,Chordcat 0,control_change,1,,,,11,97,,,,,,B0 0B 61,control_change channel=0 control=11 value=97 time=0
2484,2026-09-13T00:29:10.545+00:00,62.698906,0.015287,Chordcat 0,control_change,1,,,,11,90,,,,,,B0 0B 5A,control_change channel=0 control=11 value=90 time=0
2485,2026-09-13T00:29:10.560+00:00,62.713811,0.014904,Chordcat 0,control_change,1,,,,11,85,,,,,,B0 0B 55,control_change channel=0 control=11 value=85 time=0
2486,2026-09-13T00:29:10.574+00:00,62.727855,0.014044,Chordcat 0,control_change,1,,,,11,79,,,,,,B0 0B 4F,control_change channel=0 control=11 value=79 time=0
2487,2026-09-13T00:29:10.589+00:00,62.743065,0.01521,Chordcat 0,control_change,1,,,,11,75,,,,,,B0 0B 4B,control_change channel=0 control=11 value=75 time=0
2488,2026-09-13T00:29:10.604+00:00,62.757153,0.014088,Chordcat 0,control_change,1,,,,11,71,,,,,,B0 0B 47,control_change channel=0 control=11 value=71 time=0
2489,2026-09-13T00:29:10.619+00:00,62.772266,0.015113,Chordcat 0,control_change,1,,,,11,68,,,,,,B0 0B 44,control_change channel=0 control=11 value=68 time=0
2490,2026-09-13T00:29:10.634+00:00,62.788097,0.015832,Chordcat 0,control_change,1,,,,11,65,,,,,,B0 0B 41,control_change channel=0 control=11 value=65 time=0
2491,2026-09-13T00:29:10.649+00:00,62.802211,0.014114,Chordcat 0,control_change,1,,,,11,64,,,,,,B0 0B 40,control_change channel=0 control=11 value=64 time=0
2492,2026-09-13T00:29:10.662+00:00,62.815591,0.013381,Chordcat 0,control_change,1,,,,11,63,,,,,,B0 0B 3F,control_change channel=0 control=11 value=63 time=0
2493,2026-09-13T00:29:10.692+00:00,62.845711,0.030119,Chordcat 0,control_change,1,,,,11,127,,,,,,B0 0B 7F,control_change channel=0 control=11 value=127 time=0
2494,2026-09-13T00:29:10.839+00:00,62.993001,0.147291,Chordcat 0,control_change,1,,,,11,121,,,,,,B0 0B 79,control_change channel=0 control=11 value=121 time=0
2495,2026-09-13T00:29:10.853+00:00,63.006751,0.013749,Chordcat 0,control_change,1,,,,11,112,,,,,,B0 0B 70,control_change channel=0 control=11 value=112 time=0
2496,2026-09-13T00:29:10.868+00:00,63.021529,0.014779,Chordcat 0,control_change,1,,,,11,104,,,,,,B0 0B 68,control_change channel=0 control=11 value=104 time=0
2497,2026-09-13T00:29:10.883+00:00,63.036624,0.015095,Chordcat 0,control_change,1,,,,11,97,,,,,,B0 0B 61,control_change channel=0 control=11 value=97 time=0
2498,2026-09-13T00:29:10.899+00:00,63.052125,0.015501,Chordcat 0,control_change,1,,,,11,90,,,,,,B0 0B 5A,control_change channel=0 control=11 value=90 time=0
2499,2026-09-13T00:29:10.912+00:00,63.065393,0.013268,Chordcat 0,control_change,1,,,,11,85,,,,,,B0 0B 55,control_change channel=0 control=11 value=85 time=0
2500,2026-09-13T00:29:10.927+00:00,63.080482,0.015089,Chordcat 0,control_change,1,,,,11,79,,,,,,B0 0B 4F,control_change channel=0 control=11 value=79 time=0
2501,2026-09-13T00:29:10.942+00:00,63.09602,0.015538,Chordcat 0,control_change,1,,,,11,75,,,,,,B0 0B 4B,control_change channel=0 control=11 value=75 time=0
2502,2026-09-13T00:29:10.956+00:00,63.110021,0.014001,Chordcat 0,control_change,1,,,,11,71,,,,,,B0 0B 47,control_change channel=0 control=11 value=71 time=0
2503,2026-09-13T00:29:10.971+00:00,63.124776,0.014756,Chordcat 0,control_change,1,,,,11,68,,,,,,B0 0B 44,control_change channel=0 control=11 value=68 time=0
2504,2026-09-13T00:29:10.986+00:00,63.139648,0.014872,Chordcat 0,control_change,1,,,,11,66,,,,,,B0 0B 42,control_change channel=0 control=11 value=66 time=0
2505,2026-09-13T00:29:11.001+00:00,63.155131,0.015483,Chordcat 0,control_change,1,,,,11,64,,,,,,B0 0B 40,control_change channel=0 control=11 value=64 time=0
2506,2026-09-13T00:29:11.016+00:00,63.169205,0.014074,Chordcat 0,control_change,1,,,,11,63,,,,,,B0 0B 3F,control_change channel=0 control=11 value=63 time=0
2507,2026-09-13T00:29:11.045+00:00,63.198601,0.029396,Chordcat 0,control_change,1,,,,11,127,,,,,,B0 0B 7F,control_change channel=0 control=11 value=127 time=0
2508,2026-09-13T00:29:11.192+00:00,63.345356,0.146755,Chordcat 0,control_change,1,,,,11,121,,,,,,B0 0B 79,control_change channel=0 control=11 value=121 time=0
2509,2026-09-13T00:29:11.207+00:00,63.3604,0.015044,Chordcat 0,control_change,1,,,,11,112,,,,,,B0 0B 70,control_change channel=0 control=11 value=112 time=0
2510,2026-09-13T00:29:11.221+00:00,63.374511,0.014112,Chordcat 0,control_change,1,,,,11,104,,,,,,B0 0B 68,control_change channel=0 control=11 value=104 time=0
2511,2026-09-13T00:29:11.236+00:00,63.389858,0.015347,Chordcat 0,control_change,1,,,,11,97,,,,,,B0 0B 61,control_change channel=0 control=11 value=97 time=0
2512,2026-09-13T00:29:11.251+00:00,63.404628,0.014769,Chordcat 0,control_change,1,,,,11,90,,,,,,B0 0B 5A,control_change channel=0 control=11 value=90 time=0
2513,2026-09-13T00:29:11.265+00:00,63.418883,0.014255,Chordcat 0,control_change,1,,,,11,85,,,,,,B0 0B 55,control_change channel=0 control=11 value=85 time=0
2514,2026-09-13T00:29:11.280+00:00,63.433868,0.014985,Chordcat 0,control_change,1,,,,11,80,,,,,,B0 0B 50,control_change channel=0 control=11 value=80 time=0
2515,2026-09-13T00:29:11.296+00:00,63.449277,0.015409,Chordcat 0,control_change,1,,,,11,75,,,,,,B0 0B 4B,control_change channel=0 control=11 value=75 time=0
2516,2026-09-13T00:29:11.311+00:00,63.464486,0.01521,Chordcat 0,control_change,1,,,,11,71,,,,,,B0 0B 47,control_change channel=0 control=11 value=71 time=0
2517,2026-09-13T00:29:11.324+00:00,63.478378,0.013892,Chordcat 0,control_change,1,,,,11,68,,,,,,B0 0B 44,control_change channel=0 control=11 value=68 time=0
2518,2026-09-13T00:29:11.339+00:00,63.492845,0.014467,Chordcat 0,control_change,1,,,,11,66,,,,,,B0 0B 42,control_change channel=0 control=11 value=66 time=0
2519,2026-09-13T00:29:11.354+00:00,63.508044,0.015199,Chordcat 0,control_change,1,,,,11,64,,,,,,B0 0B 40,control_change channel=0 control=11 value=64 time=0
2520,2026-09-13T00:29:11.368+00:00,63.521532,0.013488,Chordcat 0,control_change,1,,,,11,63,,,,,,B0 0B 3F,control_change channel=0 control=11 value=63 time=0
2521,2026-09-13T00:29:11.398+00:00,63.551406,0.029874,Chordcat 0,control_change,1,,,,11,127,,,,,,B0 0B 7F,control_change channel=0 control=11 value=127 time=0
2522,2026-09-13T00:29:11.545+00:00,63.699074,0.147667,Chordcat 0,control_change,1,,,,11,121,,,,,,B0 0B 79,control_change channel=0 control=11 value=121 time=0
2523,2026-09-13T00:29:11.560+00:00,63.71364,0.014566,Chordcat 0,control_change,1,,,,11,112,,,,,,B0 0B 70,control_change channel=0 control=11 value=112 time=0
2524,2026-09-13T00:29:11.574+00:00,63.727747,0.014107,Chordcat 0,control_change,1,,,,11,104,,,,,,B0 0B 68,control_change channel=0 control=11 value=104 time=0
2525,2026-09-13T00:29:11.589+00:00,63.742389,0.014642,Chordcat 0,control_change,1,,,,11,97,,,,,,B0 0B 61,control_change channel=0 control=11 value=97 time=0
2526,2026-09-13T00:29:11.605+00:00,63.758265,0.015876,Chordcat 0,control_change,1,,,,11,90,,,,,,B0 0B 5A,control_change channel=0 control=11 value=90 time=0
2527,2026-09-13T00:29:11.619+00:00,63.772555,0.01429,Chordcat 0,control_change,1,,,,11,85,,,,,,B0 0B 55,control_change channel=0 control=11 value=85 time=0
2528,2026-09-13T00:29:11.633+00:00,63.786777,0.014222,Chordcat 0,control_change,1,,,,11,79,,,,,,B0 0B 4F,control_change channel=0 control=11 value=79 time=0
2529,2026-09-13T00:29:11.648+00:00,63.80214,0.015362,Chordcat 0,control_change,1,,,,11,75,,,,,,B0 0B 4B,control_change channel=0 control=11 value=75 time=0
2530,2026-09-13T00:29:11.664+00:00,63.817252,0.015113,Chordcat 0,control_change,1,,,,11,71,,,,,,B0 0B 47,control_change channel=0 control=11 value=71 time=0
2531,2026-09-13T00:29:11.678+00:00,63.831174,0.013921,Chordcat 0,control_change,1,,,,11,68,,,,,,B0 0B 44,control_change channel=0 control=11 value=68 time=0
2532,2026-09-13T00:29:11.692+00:00,63.846138,0.014965,Chordcat 0,control_change,1,,,,11,66,,,,,,B0 0B 42,control_change channel=0 control=11 value=66 time=0
2533,2026-09-13T00:29:11.708+00:00,63.861256,0.015118,Chordcat 0,control_change,1,,,,11,64,,,,,,B0 0B 40,control_change channel=0 control=11 value=64 time=0
2534,2026-09-13T00:29:11.721+00:00,63.874441,0.013185,Chordcat 0,control_change,1,,,,11,63,,,,,,B0 0B 3F,control_change channel=0 control=11 value=63 time=0
2535,2026-09-13T00:29:11.751+00:00,63.904529,0.030088,Chordcat 0,control_change,1,,,,11,127,,,,,,B0 0B 7F,control_change channel=0 control=11 value=127 time=0
2536,2026-09-13T00:29:11.898+00:00,64.051387,0.146858,Chordcat 0,control_change,1,,,,11,121,,,,,,B0 0B 79,control_change channel=0 control=11 value=121 time=0
2537,2026-09-13T00:29:11.914+00:00,64.06731,0.015922,Chordcat 0,control_change,1,,,,11,112,,,,,,B0 0B 70,control_change channel=0 control=11 value=112 time=0
2538,2026-09-13T00:29:11.927+00:00,64.080901,0.013592,Chordcat 0,control_change,1,,,,11,104,,,,,,B0 0B 68,control_change channel=0 control=11 value=104 time=0
2539,2026-09-13T00:29:11.943+00:00,64.096307,0.015405,Chordcat 0,control_change,1,,,,11,97,,,,,,B0 0B 61,control_change channel=0 control=11 value=97 time=0
2540,2026-09-13T00:29:11.957+00:00,64.110368,0.014062,Chordcat 0,control_change,1,,,,11,90,,,,,,B0 0B 5A,control_change channel=0 control=11 value=90 time=0
2541,2026-09-13T00:29:11.971+00:00,64.124791,0.014423,Chordcat 0,control_change,1,,,,11,85,,,,,,B0 0B 55,control_change channel=0 control=11 value=85 time=0
2542,2026-09-13T00:29:11.986+00:00,64.140084,0.015293,Chordcat 0,control_change,1,,,,11,79,,,,,,B0 0B 4F,control_change channel=0 control=11 value=79 time=0
2543,2026-09-13T00:29:12.002+00:00,64.155177,0.015093,Chordcat 0,control_change,1,,,,11,75,,,,,,B0 0B 4B,control_change channel=0 control=11 value=75 time=0
2544,2026-09-13T00:29:12.017+00:00,64.170291,0.015113,Chordcat 0,control_change,1,,,,11,71,,,,,,B0 0B 47,control_change channel=0 control=11 value=71 time=0
2545,2026-09-13T00:29:12.030+00:00,64.183485,0.013194,Chordcat 0,control_change,1,,,,11,68,,,,,,B0 0B 44,control_change channel=0 control=11 value=68 time=0
2546,2026-09-13T00:29:12.046+00:00,64.199424,0.01594,Chordcat 0,control_change,1,,,,11,66,,,,,,B0 0B 42,control_change channel=0 control=11 value=66 time=0
2547,2026-09-13T00:29:12.060+00:00,64.213509,0.014084,Chordcat 0,control_change,1,,,,11,64,,,,,,B0 0B 40,control_change channel=0 control=11 value=64 time=0
2548,2026-09-13T00:29:12.075+00:00,64.228994,0.015486,Chordcat 0,control_change,1,,,,11,63,,,,,,B0 0B 3F,control_change channel=0 control=11 value=63 time=0
2549,2026-09-13T00:29:12.104+00:00,64.257515,0.028521,Chordcat 0,control_change,1,,,,11,127,,,,,,B0 0B 7F,control_change channel=0 control=11 value=127 time=0
2550,2026-09-13T00:29:12.251+00:00,64.404931,0.147416,Chordcat 0,control_change,1,,,,11,121,,,,,,B0 0B 79,control_change channel=0 control=11 value=121 time=0
2551,2026-09-13T00:29:12.266+00:00,64.419646,0.014715,Chordcat 0,control_change,1,,,,11,112,,,,,,B0 0B 70,control_change channel=0 control=11 value=112 time=0
2552,2026-09-13T00:29:12.280+00:00,64.433993,0.014348,Chordcat 0,control_change,1,,,,11,104,,,,,,B0 0B 68,control_change channel=0 control=11 value=104 time=0
2553,2026-09-13T00:29:12.296+00:00,64.449254,0.015261,Chordcat 0,control_change,1,,,,11,97,,,,,,B0 0B 61,control_change channel=0 control=11 value=97 time=0
2554,2026-09-13T00:29:12.310+00:00,64.463365,0.01411,Chordcat 0,control_change,1,,,,11,90,,,,,,B0 0B 5A,control_change channel=0 control=11 value=90 time=0
2555,2026-09-13T00:29:12.326+00:00,64.479435,0.01607,Chordcat 0,control_change,1,,,,11,84,,,,,,B0 0B 54,control_change channel=0 control=11 value=84 time=0
2556,2026-09-13T00:29:12.339+00:00,64.492888,0.013453,Chordcat 0,control_change,1,,,,11,79,,,,,,B0 0B 4F,control_change channel=0 control=11 value=79 time=0
2557,2026-09-13T00:29:12.354+00:00,64.50801,0.015122,Chordcat 0,control_change,1,,,,11,75,,,,,,B0 0B 4B,control_change channel=0 control=11 value=75 time=0
2558,2026-09-13T00:29:12.369+00:00,64.522588,0.014578,Chordcat 0,control_change,1,,,,11,71,,,,,,B0 0B 47,control_change channel=0 control=11 value=71 time=0
2559,2026-09-13T00:29:12.384+00:00,64.537263,0.014675,Chordcat 0,control_change,1,,,,11,68,,,,,,B0 0B 44,control_change channel=0 control=11 value=68 time=0
2560,2026-09-13T00:29:12.398+00:00,64.551592,0.014329,Chordcat 0,control_change,1,,,,11,66,,,,,,B0 0B 42,control_change channel=0 control=11 value=66 time=0
2561,2026-09-13T00:29:12.414+00:00,64.567179,0.015587,Chordcat 0,control_change,1,,,,11,64,,,,,,B0 0B 40,control_change channel=0 control=11 value=64 time=0
2562,2026-09-13T00:29:12.428+00:00,64.581718,0.014539,Chordcat 0,control_change,1,,,,11,63,,,,,,B0 0B 3F,control_change channel=0 control=11 value=63 time=0
2563,2026-09-13T00:29:12.457+00:00,64.61065,0.028931,Chordcat 0,control_change,1,,,,11,127,,,,,,B0 0B 7F,control_change channel=0 control=11 value=127 time=0
2564,2026-09-13T00:29:12.604+00:00,64.758002,0.147353,Chordcat 0,control_change,1,,,,11,121,,,,,,B0 0B 79,control_change channel=0 control=11 value=121 time=0
2565,2026-09-13T00:29:12.619+00:00,64.772545,0.014543,Chordcat 0,control_change,1,,,,11,112,,,,,,B0 0B 70,control_change channel=0 control=11 value=112 time=0
2566,2026-09-13T00:29:12.633+00:00,64.786529,0.013984,Chordcat 0,control_change,1,,,,11,104,,,,,,B0 0B 68,control_change channel=0 control=11 value=104 time=0
2567,2026-09-13T00:29:12.648+00:00,64.801478,0.014949,Chordcat 0,control_change,1,,,,11,97,,,,,,B0 0B 61,control_change channel=0 control=11 value=97 time=0
2568,2026-09-13T00:29:12.664+00:00,64.817345,0.015867,Chordcat 0,control_change,1,,,,11,90,,,,,,B0 0B 5A,control_change channel=0 control=11 value=90 time=0
2569,2026-09-13T00:29:12.679+00:00,64.83229,0.014945,Chordcat 0,control_change,1,,,,11,84,,,,,,B0 0B 54,control_change channel=0 control=11 value=84 time=0
2570,2026-09-13T00:29:12.692+00:00,64.845889,0.013599,Chordcat 0,control_change,1,,,,11,79,,,,,,B0 0B 4F,control_change channel=0 control=11 value=79 time=0
2571,2026-09-13T00:29:12.707+00:00,64.860632,0.014743,Chordcat 0,control_change,1,,,,11,75,,,,,,B0 0B 4B,control_change channel=0 control=11 value=75 time=0
2572,2026-09-13T00:29:12.722+00:00,64.875422,0.01479,Chordcat 0,control_change,1,,,,11,71,,,,,,B0 0B 47,control_change channel=0 control=11 value=71 time=0
2573,2026-09-13T00:29:12.736+00:00,64.88961,0.014189,Chordcat 0,control_change,1,,,,11,68,,,,,,B0 0B 44,control_change channel=0 control=11 value=68 time=0
2574,2026-09-13T00:29:12.751+00:00,64.904325,0.014715,Chordcat 0,control_change,1,,,,11,66,,,,,,B0 0B 42,control_change channel=0 control=11 value=66 time=0
2575,2026-09-13T00:29:12.766+00:00,64.919794,0.015469,Chordcat 0,control_change,1,,,,11,64,,,,,,B0 0B 40,control_change channel=0 control=11 value=64 time=0
2576,2026-09-13T00:29:12.780+00:00,64.933995,0.014201,Chordcat 0,control_change,1,,,,11,63,,,,,,B0 0B 3F,control_change channel=0 control=11 value=63 time=0
2577,2026-09-13T00:29:12.815+00:00,64.969358,0.035362,Chordcat 0,control_change,1,,,,11,127,,,,,,B0 0B 7F,control_change channel=0 control=11 value=127 time=0
2578,2026-09-13T00:29:12.957+00:00,65.11049,0.141133,Chordcat 0,control_change,1,,,,11,121,,,,,,B0 0B 79,control_change channel=0 control=11 value=121 time=0
2579,2026-09-13T00:29:12.972+00:00,65.125463,0.014972,Chordcat 0,control_change,1,,,,11,112,,,,,,B0 0B 70,control_change channel=0 control=11 value=112 time=0
2580,2026-09-13T00:29:12.988+00:00,65.141192,0.01573,Chordcat 0,control_change,1,,,,11,104,,,,,,B0 0B 68,control_change channel=0 control=11 value=104 time=0
2581,2026-09-13T00:29:13.002+00:00,65.15544,0.014248,Chordcat 0,control_change,1,,,,11,97,,,,,,B0 0B 61,control_change channel=0 control=11 value=97 time=0
2582,2026-09-13T00:29:13.016+00:00,65.169327,0.013887,Chordcat 0,control_change,1,,,,11,90,,,,,,B0 0B 5A,control_change channel=0 control=11 value=90 time=0
2583,2026-09-13T00:29:13.031+00:00,65.184288,0.014961,Chordcat 0,control_change,1,,,,11,84,,,,,,B0 0B 54,control_change channel=0 control=11 value=84 time=0
2584,2026-09-13T00:29:13.045+00:00,65.19827,0.013982,Chordcat 0,control_change,1,,,,11,80,,,,,,B0 0B 50,control_change channel=0 control=11 value=80 time=0
2585,2026-09-13T00:29:13.060+00:00,65.213623,0.015353,Chordcat 0,control_change,1,,,,11,75,,,,,,B0 0B 4B,control_change channel=0 control=11 value=75 time=0
2586,2026-09-13T00:29:13.076+00:00,65.22922,0.015598,Chordcat 0,control_change,1,,,,11,71,,,,,,B0 0B 47,control_change channel=0 control=11 value=71 time=0
2587,2026-09-13T00:29:13.090+00:00,65.243969,0.014749,Chordcat 0,control_change,1,,,,11,68,,,,,,B0 0B 44,control_change channel=0 control=11 value=68 time=0
2588,2026-09-13T00:29:13.104+00:00,65.258018,0.014049,Chordcat 0,control_change,1,,,,11,66,,,,,,B0 0B 42,control_change channel=0 control=11 value=66 time=0
2589,2026-09-13T00:29:13.119+00:00,65.272833,0.014814,Chordcat 0,control_change,1,,,,11,64,,,,,,B0 0B 40,control_change channel=0 control=11 value=64 time=0
2590,2026-09-13T00:29:13.134+00:00,65.28769,0.014857,Chordcat 0,control_change,1,,,,11,63,,,,,,B0 0B 3F,control_change channel=0 control=11 value=63 time=0
2591,2026-09-13T00:29:13.163+00:00,65.316515,0.028825,Chordcat 0,control_change,1,,,,11,127,,,,,,B0 0B 7F,control_change channel=0 control=11 value=127 time=0
2592,2026-09-13T00:29:13.311+00:00,65.464366,0.147852,Chordcat 0,control_change,1,,,,11,121,,,,,,B0 0B 79,control_change channel=0 control=11 value=121 time=0
2593,2026-09-13T00:29:13.326+00:00,65.479195,0.014828,Chordcat 0,control_change,1,,,,11,112,,,,,,B0 0B 70,control_change channel=0 control=11 value=112 time=0
2594,2026-09-13T00:29:13.340+00:00,65.494097,0.014903,Chordcat 0,control_change,1,,,,11,104,,,,,,B0 0B 68,control_change channel=0 control=11 value=104 time=0
2595,2026-09-13T00:29:13.354+00:00,65.508051,0.013953,Chordcat 0,control_change,1,,,,11,97,,,,,,B0 0B 61,control_change channel=0 control=11 value=97 time=0
2596,2026-09-13T00:29:13.369+00:00,65.522219,0.014168,Chordcat 0,control_change,1,,,,11,90,,,,,,B0 0B 5A,control_change channel=0 control=11 value=90 time=0
2597,2026-09-13T00:29:13.384+00:00,65.537909,0.01569,Chordcat 0,control_change,1,,,,11,84,,,,,,B0 0B 54,control_change channel=0 control=11 value=84 time=0
2598,2026-09-13T00:29:13.399+00:00,65.552149,0.01424,Chordcat 0,control_change,1,,,,11,79,,,,,,B0 0B 4F,control_change channel=0 control=11 value=79 time=0
2599,2026-09-13T00:29:13.413+00:00,65.566857,0.014708,Chordcat 0,control_change,1,,,,11,75,,,,,,B0 0B 4B,control_change channel=0 control=11 value=75 time=0
2600,2026-09-13T00:29:13.428+00:00,65.581975,0.015117,Chordcat 0,control_change,1,,,,11,71,,,,,,B0 0B 47,control_change channel=0 control=11 value=71 time=0
2601,2026-09-13T00:29:13.442+00:00,65.595338,0.013364,Chordcat 0,control_change,1,,,,11,68,,,,,,B0 0B 44,control_change channel=0 control=11 value=68 time=0
2602,2026-09-13T00:29:13.457+00:00,65.611111,0.015773,Chordcat 0,control_change,1,,,,11,66,,,,,,B0 0B 42,control_change channel=0 control=11 value=66 time=0
2603,2026-09-13T00:29:13.473+00:00,65.626566,0.015454,Chordcat 0,control_change,1,,,,11,64,,,,,,B0 0B 40,control_change channel=0 control=11 value=64 time=0
2604,2026-09-13T00:29:13.488+00:00,65.641324,0.014759,Chordcat 0,control_change,1,,,,11,63,,,,,,B0 0B 3F,control_change channel=0 control=11 value=63 time=0
2605,2026-09-13T00:29:13.516+00:00,65.669385,0.028061,Chordcat 0,control_change,1,,,,11,127,,,,,,B0 0B 7F,control_change channel=0 control=11 value=127 time=0
2606,2026-09-13T00:29:13.663+00:00,65.81709,0.147705,Chordcat 0,control_change,1,,,,11,121,,,,,,B0 0B 79,control_change channel=0 control=11 value=121 time=0
2607,2026-09-13T00:29:13.678+00:00,65.83157,0.01448,Chordcat 0,control_change,1,,,,11,112,,,,,,B0 0B 70,control_change channel=0 control=11 value=112 time=0
2608,2026-09-13T00:29:13.692+00:00,65.845393,0.013823,Chordcat 0,control_change,1,,,,11,104,,,,,,B0 0B 68,control_change channel=0 control=11 value=104 time=0
2609,2026-09-13T00:29:13.707+00:00,65.860766,0.015372,Chordcat 0,control_change,1,,,,11,97,,,,,,B0 0B 61,control_change channel=0 control=11 value=97 time=0
2610,2026-09-13T00:29:13.722+00:00,65.875851,0.015086,Chordcat 0,control_change,1,,,,11,90,,,,,,B0 0B 5A,control_change channel=0 control=11 value=90 time=0
2611,2026-09-13T00:29:13.737+00:00,65.890911,0.01506,Chordcat 0,control_change,1,,,,11,84,,,,,,B0 0B 54,control_change channel=0 control=11 value=84 time=0
2612,2026-09-13T00:29:13.751+00:00,65.904399,0.013487,Chordcat 0,control_change,1,,,,11,79,,,,,,B0 0B 4F,control_change channel=0 control=11 value=79 time=0
2613,2026-09-13T00:29:13.766+00:00,65.9195,0.015102,Chordcat 0,control_change,1,,,,11,75,,,,,,B0 0B 4B,control_change channel=0 control=11 value=75 time=0
2614,2026-09-13T00:29:13.781+00:00,65.9351,0.0156,Chordcat 0,control_change,1,,,,11,71,,,,,,B0 0B 47,control_change channel=0 control=11 value=71 time=0
2615,2026-09-13T00:29:13.795+00:00,65.948317,0.013217,Chordcat 0,control_change,1,,,,11,68,,,,,,B0 0B 44,control_change channel=0 control=11 value=68 time=0
2616,2026-09-13T00:29:13.811+00:00,65.964197,0.01588,Chordcat 0,control_change,1,,,,11,66,,,,,,B0 0B 42,control_change channel=0 control=11 value=66 time=0
2617,2026-09-13T00:29:13.825+00:00,65.978597,0.0144,Chordcat 0,control_change,1,,,,11,64,,,,,,B0 0B 40,control_change channel=0 control=11 value=64 time=0
2618,2026-09-13T00:29:13.841+00:00,65.994353,0.015756,Chordcat 0,control_change,1,,,,11,63,,,,,,B0 0B 3F,control_change channel=0 control=11 value=63 time=0
2619,2026-09-13T00:29:13.869+00:00,66.022918,0.028565,Chordcat 0,control_change,1,,,,11,127,,,,,,B0 0B 7F,control_change channel=0 control=11 value=127 time=0
2620,2026-09-13T00:29:14.016+00:00,66.169341,0.146422,Chordcat 0,control_change,1,,,,11,121,,,,,,B0 0B 79,control_change channel=0 control=11 value=121 time=0
2621,2026-09-13T00:29:14.031+00:00,66.184502,0.015162,Chordcat 0,control_change,1,,,,11,112,,,,,,B0 0B 70,control_change channel=0 control=11 value=112 time=0
2622,2026-09-13T00:29:14.047+00:00,66.200282,0.01578,Chordcat 0,control_change,1,,,,11,104,,,,,,B0 0B 68,control_change channel=0 control=11 value=104 time=0
2623,2026-09-13T00:29:14.060+00:00,66.214071,0.013788,Chordcat 0,control_change,1,,,,11,97,,,,,,B0 0B 61,control_change channel=0 control=11 value=97 time=0
2624,2026-09-13T00:29:14.075+00:00,66.228833,0.014762,Chordcat 0,control_change,1,,,,11,90,,,,,,B0 0B 5A,control_change channel=0 control=11 value=90 time=0
2625,2026-09-13T00:29:14.090+00:00,66.243655,0.014822,Chordcat 0,control_change,1,,,,11,84,,,,,,B0 0B 54,control_change channel=0 control=11 value=84 time=0
2626,2026-09-13T00:29:14.104+00:00,66.257839,0.014184,Chordcat 0,control_change,1,,,,11,80,,,,,,B0 0B 50,control_change channel=0 control=11 value=80 time=0
2627,2026-09-13T00:29:14.119+00:00,66.272437,0.014598,Chordcat 0,control_change,1,,,,11,75,,,,,,B0 0B 4B,control_change channel=0 control=11 value=75 time=0
2628,2026-09-13T00:29:14.134+00:00,66.287314,0.014878,Chordcat 0,control_change,1,,,,11,71,,,,,,B0 0B 47,control_change channel=0 control=11 value=71 time=0
2629,2026-09-13T00:29:14.149+00:00,66.302335,0.015021,Chordcat 0,control_change,1,,,,11,68,,,,,,B0 0B 44,control_change channel=0 control=11 value=68 time=0
2630,2026-09-13T00:29:14.164+00:00,66.317179,0.014843,Chordcat 0,control_change,1,,,,11,66,,,,,,B0 0B 42,control_change channel=0 control=11 value=66 time=0
2631,2026-09-13T00:29:14.178+00:00,66.331574,0.014395,Chordcat 0,control_change,1,,,,11,64,,,,,,B0 0B 40,control_change channel=0 control=11 value=64 time=0
2632,2026-09-13T00:29:14.194+00:00,66.347122,0.015548,Chordcat 0,control_change,1,,,,11,63,,,,,,B0 0B 3F,control_change channel=0 control=11 value=63 time=0
2633,2026-09-13T00:29:14.223+00:00,66.376361,0.029239,Chordcat 0,control_change,1,,,,11,127,,,,,,B0 0B 7F,control_change channel=0 control=11 value=127 time=0
2634,2026-09-13T00:29:14.369+00:00,66.522879,0.146518,Chordcat 0,control_change,1,,,,11,121,,,,,,B0 0B 79,control_change channel=0 control=11 value=121 time=0
2635,2026-09-13T00:29:14.385+00:00,66.538164,0.015285,Chordcat 0,control_change,1,,,,11,112,,,,,,B0 0B 70,control_change channel=0 control=11 value=112 time=0
2636,2026-09-13T00:29:14.399+00:00,66.552716,0.014552,Chordcat 0,control_change,1,,,,11,104,,,,,,B0 0B 68,control_change channel=0 control=11 value=104 time=0
2637,2026-09-13T00:29:14.413+00:00,66.566464,0.013748,Chordcat 0,control_change,1,,,,11,97,,,,,,B0 0B 61,control_change channel=0 control=11 value=97 time=0
2638,2026-09-13T00:29:14.428+00:00,66.582075,0.015612,Chordcat 0,control_change,1,,,,11,90,,,,,,B0 0B 5A,control_change channel=0 control=11 value=90 time=0
2639,2026-09-13T00:29:14.443+00:00,66.59635,0.014275,Chordcat 0,control_change,1,,,,11,84,,,,,,B0 0B 54,control_change channel=0 control=11 value=84 time=0
2640,2026-09-13T00:29:14.457+00:00,66.61068,0.014329,Chordcat 0,control_change,1,,,,11,79,,,,,,B0 0B 4F,control_change channel=0 control=11 value=79 time=0
2641,2026-09-13T00:29:14.472+00:00,66.625545,0.014866,Chordcat 0,control_change,1,,,,11,75,,,,,,B0 0B 4B,control_change channel=0 control=11 value=75 time=0
2642,2026-09-13T00:29:14.487+00:00,66.641112,0.015567,Chordcat 0,control_change,1,,,,11,71,,,,,,B0 0B 47,control_change channel=0 control=11 value=71 time=0
2643,2026-09-13T00:29:14.502+00:00,66.655609,0.014498,Chordcat 0,control_change,1,,,,11,68,,,,,,B0 0B 44,control_change channel=0 control=11 value=68 time=0
2644,2026-09-13T00:29:14.516+00:00,66.669391,0.013782,Chordcat 0,control_change,1,,,,11,66,,,,,,B0 0B 42,control_change channel=0 control=11 value=66 time=0
2645,2026-09-13T00:29:14.531+00:00,66.684378,0.014986,Chordcat 0,control_change,1,,,,11,64,,,,,,B0 0B 40,control_change channel=0 control=11 value=64 time=0
2646,2026-09-13T00:29:14.546+00:00,66.699497,0.01512,Chordcat 0,control_change,1,,,,11,63,,,,,,B0 0B 3F,control_change channel=0 control=11 value=63 time=0
2647,2026-09-13T00:29:14.575+00:00,66.728878,0.02938,Chordcat 0,control_change,1,,,,11,127,,,,,,B0 0B 7F,control_change channel=0 control=11 value=127 time=0
2648,2026-09-13T00:29:14.722+00:00,66.875671,0.146793,Chordcat 0,control_change,1,,,,11,121,,,,,,B0 0B 79,control_change channel=0 control=11 value=121 time=0
2649,2026-09-13T00:29:14.737+00:00,66.890765,0.015094,Chordcat 0,control_change,1,,,,11,112,,,,,,B0 0B 70,control_change channel=0 control=11 value=112 time=0
2650,2026-09-13T00:29:14.752+00:00,66.905689,0.014924,Chordcat 0,control_change,1,,,,11,104,,,,,,B0 0B 68,control_change channel=0 control=11 value=104 time=0
2651,2026-09-13T00:29:14.766+00:00,66.92005,0.014361,Chordcat 0,control_change,1,,,,11,97,,,,,,B0 0B 61,control_change channel=0 control=11 value=97 time=0
2652,2026-09-13T00:29:14.781+00:00,66.934626,0.014576,Chordcat 0,control_change,1,,,,11,90,,,,,,B0 0B 5A,control_change channel=0 control=11 value=90 time=0
2653,2026-09-13T00:29:14.796+00:00,66.950055,0.015429,Chordcat 0,control_change,1,,,,11,84,,,,,,B0 0B 54,control_change channel=0 control=11 value=84 time=0
2654,2026-09-13T00:29:14.810+00:00,66.963512,0.013457,Chordcat 0,control_change,1,,,,11,79,,,,,,B0 0B 4F,control_change channel=0 control=11 value=79 time=0
2655,2026-09-13T00:29:14.825+00:00,66.979013,0.015501,Chordcat 0,control_change,1,,,,11,75,,,,,,B0 0B 4B,control_change channel=0 control=11 value=75 time=0
2656,2026-09-13T00:29:14.840+00:00,66.994037,0.015024,Chordcat 0,control_change,1,,,,11,71,,,,,,B0 0B 47,control_change channel=0 control=11 value=71 time=0
2657,2026-09-13T00:29:14.855+00:00,67.008236,0.014199,Chordcat 0,control_change,1,,,,11,68,,,,,,B0 0B 44,control_change channel=0 control=11 value=68 time=0
2658,2026-09-13T00:29:14.869+00:00,67.022845,0.014609,Chordcat 0,control_change,1,,,,11,66,,,,,,B0 0B 42,control_change channel=0 control=11 value=66 time=0
2659,2026-09-13T00:29:14.884+00:00,67.037821,0.014975,Chordcat 0,control_change,1,,,,11,64,,,,,,B0 0B 40,control_change channel=0 control=11 value=64 time=0
2660,2026-09-13T00:29:14.900+00:00,67.053536,0.015716,Chordcat 0,control_change,1,,,,11,63,,,,,,B0 0B 3F,control_change channel=0 control=11 value=63 time=0
2661,2026-09-13T00:29:14.928+00:00,67.082063,0.028526,Chordcat 0,control_change,1,,,,11,127,,,,,,B0 0B 7F,control_change channel=0 control=11 value=127 time=0
2662,2026-09-13T00:29:15.075+00:00,67.228643,0.146581,Chordcat 0,control_change,1,,,,11,121,,,,,,B0 0B 79,control_change channel=0 control=11 value=121 time=0
2663,2026-09-13T00:29:15.090+00:00,67.243955,0.015312,Chordcat 0,control_change,1,,,,11,112,,,,,,B0 0B 70,control_change channel=0 control=11 value=112 time=0
2664,2026-09-13T00:29:15.105+00:00,67.258392,0.014437,Chordcat 0,control_change,1,,,,11,104,,,,,,B0 0B 68,control_change channel=0 control=11 value=104 time=0
2665,2026-09-13T00:29:15.119+00:00,67.272381,0.013989,Chordcat 0,control_change,1,,,,11,97,,,,,,B0 0B 61,control_change channel=0 control=11 value=97 time=0
2666,2026-09-13T00:29:15.134+00:00,67.288095,0.015713,Chordcat 0,control_change,1,,,,11,90,,,,,,B0 0B 5A,control_change channel=0 control=11 value=90 time=0
2667,2026-09-13T00:29:15.150+00:00,67.30337,0.015275,Chordcat 0,control_change,1,,,,11,84,,,,,,B0 0B 54,control_change channel=0 control=11 value=84 time=0
2668,2026-09-13T00:29:15.164+00:00,67.317552,0.014183,Chordcat 0,control_change,1,,,,11,79,,,,,,B0 0B 4F,control_change channel=0 control=11 value=79 time=0
2669,2026-09-13T00:29:15.178+00:00,67.331278,0.013726,Chordcat 0,control_change,1,,,,11,75,,,,,,B0 0B 4B,control_change channel=0 control=11 value=75 time=0
2670,2026-09-13T00:29:15.197+00:00,67.350965,0.019686,Chordcat 0,control_change,1,,,,11,71,,,,,,B0 0B 47,control_change channel=0 control=11 value=71 time=0
2671,2026-09-13T00:29:15.208+00:00,67.361969,0.011004,Chordcat 0,control_change,1,,,,11,68,,,,,,B0 0B 44,control_change channel=0 control=11 value=68 time=0
2672,2026-09-13T00:29:15.222+00:00,67.375988,0.014019,Chordcat 0,control_change,1,,,,11,66,,,,,,B0 0B 42,control_change channel=0 control=11 value=66 time=0
2673,2026-09-13T00:29:15.237+00:00,67.390377,0.014389,Chordcat 0,control_change,1,,,,11,64,,,,,,B0 0B 40,control_change channel=0 control=11 value=64 time=0
2674,2026-09-13T00:29:15.252+00:00,67.405841,0.015464,Chordcat 0,control_change,1,,,,11,63,,,,,,B0 0B 3F,control_change channel=0 control=11 value=63 time=0
2675,2026-09-13T00:29:15.281+00:00,67.434605,0.028764,Chordcat 0,control_change,1,,,,11,127,,,,,,B0 0B 7F,control_change channel=0 control=11 value=127 time=0
2676,2026-09-13T00:29:15.428+00:00,67.581777,0.147172,Chordcat 0,control_change,1,,,,11,121,,,,,,B0 0B 79,control_change channel=0 control=11 value=121 time=0
2677,2026-09-13T00:29:15.443+00:00,67.596711,0.014934,Chordcat 0,control_change,1,,,,11,112,,,,,,B0 0B 70,control_change channel=0 control=11 value=112 time=0
2678,2026-09-13T00:29:15.458+00:00,67.611657,0.014946,Chordcat 0,control_change,1,,,,11,104,,,,,,B0 0B 68,control_change channel=0 control=11 value=104 time=0
2679,2026-09-13T00:29:15.472+00:00,67.625694,0.014036,Chordcat 0,control_change,1,,,,11,97,,,,,,B0 0B 61,control_change channel=0 control=11 value=97 time=0
2680,2026-09-13T00:29:15.487+00:00,67.640504,0.01481,Chordcat 0,control_change,1,,,,11,90,,,,,,B0 0B 5A,control_change channel=0 control=11 value=90 time=0
2681,2026-09-13T00:29:15.502+00:00,67.655548,0.015044,Chordcat 0,control_change,1,,,,11,84,,,,,,B0 0B 54,control_change channel=0 control=11 value=84 time=0
2682,2026-09-13T00:29:15.516+00:00,67.670176,0.014628,Chordcat 0,control_change,1,,,,11,79,,,,,,B0 0B 4F,control_change channel=0 control=11 value=79 time=0
2683,2026-09-13T00:29:15.532+00:00,67.685131,0.014954,Chordcat 0,control_change,1,,,,11,75,,,,,,B0 0B 4B,control_change channel=0 control=11 value=75 time=0
2684,2026-09-13T00:29:15.547+00:00,67.700615,0.015484,Chordcat 0,control_change,1,,,,11,71,,,,,,B0 0B 47,control_change channel=0 control=11 value=71 time=0
2685,2026-09-13T00:29:15.561+00:00,67.714515,0.0139,Chordcat 0,control_change,1,,,,11,68,,,,,,B0 0B 44,control_change channel=0 control=11 value=68 time=0
2686,2026-09-13T00:29:15.575+00:00,67.728797,0.014282,Chordcat 0,control_change,1,,,,11,66,,,,,,B0 0B 42,control_change channel=0 control=11 value=66 time=0
2687,2026-09-13T00:29:15.590+00:00,67.743888,0.015091,Chordcat 0,control_change,1,,,,11,64,,,,,,B0 0B 40,control_change channel=0 control=11 value=64 time=0
2688,2026-09-13T00:29:15.605+00:00,67.758705,0.014817,Chordcat 0,control_change,1,,,,11,63,,,,,,B0 0B 3F,control_change channel=0 control=11 value=63 time=0
2689,2026-09-13T00:29:15.635+00:00,67.788128,0.029423,Chordcat 0,control_change,1,,,,11,127,,,,,,B0 0B 7F,control_change channel=0 control=11 value=127 time=0
2690,2026-09-13T00:29:15.781+00:00,67.934235,0.146107,Chordcat 0,control_change,1,,,,11,121,,,,,,B0 0B 79,control_change channel=0 control=11 value=121 time=0
2691,2026-09-13T00:29:15.796+00:00,67.949506,0.015271,Chordcat 0,control_change,1,,,,11,112,,,,,,B0 0B 70,control_change channel=0 control=11 value=112 time=0
2692,2026-09-13T00:29:15.811+00:00,67.96477,0.015263,Chordcat 0,control_change,1,,,,11,104,,,,,,B0 0B 68,control_change channel=0 control=11 value=104 time=0
2693,2026-09-13T00:29:15.826+00:00,67.979271,0.014501,Chordcat 0,control_change,1,,,,11,97,,,,,,B0 0B 61,control_change channel=0 control=11 value=97 time=0
2694,2026-09-13T00:29:15.840+00:00,67.993997,0.014726,Chordcat 0,control_change,1,,,,11,90,,,,,,B0 0B 5A,control_change channel=0 control=11 value=90 time=0
2695,2026-09-13T00:29:15.855+00:00,68.0082,0.014203,Chordcat 0,control_change,1,,,,11,84,,,,,,B0 0B 54,control_change channel=0 control=11 value=84 time=0
2696,2026-09-13T00:29:15.870+00:00,68.023958,0.015758,Chordcat 0,control_change,1,,,,11,79,,,,,,B0 0B 4F,control_change channel=0 control=11 value=79 time=0
2697,2026-09-13T00:29:15.884+00:00,68.037893,0.013935,Chordcat 0,control_change,1,,,,11,75,,,,,,B0 0B 4B,control_change channel=0 control=11 value=75 time=0
2698,2026-09-13T00:29:15.900+00:00,68.053448,0.015555,Chordcat 0,control_change,1,,,,11,71,,,,,,B0 0B 47,control_change channel=0 control=11 value=71 time=0
2699,2026-09-13T00:29:15.914+00:00,68.06735,0.013902,Chordcat 0,control_change,1,,,,11,68,,,,,,B0 0B 44,control_change channel=0 control=11 value=68 time=0
2700,2026-09-13T00:29:15.929+00:00,68.082237,0.014887,Chordcat 0,control_change,1,,,,11,66,,,,,,B0 0B 42,control_change channel=0 control=11 value=66 time=0
2701,2026-09-13T00:29:15.943+00:00,68.096487,0.014251,Chordcat 0,control_change,1,,,,11,64,,,,,,B0 0B 40,control_change channel=0 control=11 value=64 time=0
2702,2026-09-13T00:29:15.958+00:00,68.111737,0.01525,Chordcat 0,control_change,1,,,,11,63,,,,,,B0 0B 3F,control_change channel=0 control=11 value=63 time=0
2703,2026-09-13T00:29:15.987+00:00,68.140358,0.028621,Chordcat 0,control_change,1,,,,11,127,,,,,,B0 0B 7F,control_change channel=0 control=11 value=127 time=0
2704,2026-09-13T00:29:16.134+00:00,68.287843,0.147485,Chordcat 0,control_change,1,,,,11,121,,,,,,B0 0B 79,control_change channel=0 control=11 value=121 time=0
2705,2026-09-13T00:29:16.149+00:00,68.302237,0.014393,Chordcat 0,control_change,1,,,,11,112,,,,,,B0 0B 70,control_change channel=0 control=11 value=112 time=0
2706,2026-09-13T00:29:16.164+00:00,68.317462,0.015226,Chordcat 0,control_change,1,,,,11,104,,,,,,B0 0B 68,control_change channel=0 control=11 value=104 time=0
2707,2026-09-13T00:29:16.178+00:00,68.33218,0.014718,Chordcat 0,control_change,1,,,,11,96,,,,,,B0 0B 60,control_change channel=0 control=11 value=96 time=0
2708,2026-09-13T00:29:16.193+00:00,68.346338,0.014159,Chordcat 0,control_change,1,,,,11,90,,,,,,B0 0B 5A,control_change channel=0 control=11 value=90 time=0
2709,2026-09-13T00:29:16.208+00:00,68.361302,0.014963,Chordcat 0,control_change,1,,,,11,84,,,,,,B0 0B 54,control_change channel=0 control=11 value=84 time=0
2710,2026-09-13T00:29:16.223+00:00,68.376162,0.01486,Chordcat 0,control_change,1,,,,11,79,,,,,,B0 0B 4F,control_change channel=0 control=11 value=79 time=0
2711,2026-09-13T00:29:16.237+00:00,68.390934,0.014772,Chordcat 0,control_change,1,,,,11,75,,,,,,B0 0B 4B,control_change channel=0 control=11 value=75 time=0
2712,2026-09-13T00:29:16.252+00:00,68.405455,0.014521,Chordcat 0,control_change,1,,,,11,71,,,,,,B0 0B 47,control_change channel=0 control=11 value=71 time=0
2713,2026-09-13T00:29:16.267+00:00,68.420804,0.015349,Chordcat 0,control_change,1,,,,11,68,,,,,,B0 0B 44,control_change channel=0 control=11 value=68 time=0
2714,2026-09-13T00:29:16.281+00:00,68.43446,0.013656,Chordcat 0,control_change,1,,,,11,66,,,,,,B0 0B 42,control_change channel=0 control=11 value=66 time=0
2715,2026-09-13T00:29:16.296+00:00,68.449529,0.015068,Chordcat 0,control_change,1,,,,11,64,,,,,,B0 0B 40,control_change channel=0 control=11 value=64 time=0
2716,2026-09-13T00:29:16.312+00:00,68.465156,0.015627,Chordcat 0,control_change,1,,,,11,63,,,,,,B0 0B 3F,control_change channel=0 control=11 value=63 time=0
2717,2026-09-13T00:29:16.340+00:00,68.493401,0.028246,Chordcat 0,control_change,1,,,,11,127,,,,,,B0 0B 7F,control_change channel=0 control=11 value=127 time=0
2718,2026-09-13T00:29:16.488+00:00,68.641155,0.147753,Chordcat 0,control_change,1,,,,11,121,,,,,,B0 0B 79,control_change channel=0 control=11 value=121 time=0
2719,2026-09-13T00:29:16.502+00:00,68.655686,0.014531,Chordcat 0,control_change,1,,,,11,112,,,,,,B0 0B 70,control_change channel=0 control=11 value=112 time=0
2720,2026-09-13T00:29:16.518+00:00,68.67113,0.015444,Chordcat 0,control_change,1,,,,11,104,,,,,,B0 0B 68,control_change channel=0 control=11 value=104 time=0
2721,2026-09-13T00:29:16.531+00:00,68.684443,0.013313,Chordcat 0,control_change,1,,,,11,97,,,,,,B0 0B 61,control_change channel=0 control=11 value=97 time=0
2722,2026-09-13T00:29:16.546+00:00,68.699959,0.015515,Chordcat 0,control_change,1,,,,11,90,,,,,,B0 0B 5A,control_change channel=0 control=11 value=90 time=0
2723,2026-09-13T00:29:16.561+00:00,68.714659,0.014701,Chordcat 0,control_change,1,,,,11,84,,,,,,B0 0B 54,control_change channel=0 control=11 value=84 time=0
2724,2026-09-13T00:29:16.577+00:00,68.730153,0.015494,Chordcat 0,control_change,1,,,,11,79,,,,,,B0 0B 4F,control_change channel=0 control=11 value=79 time=0
2725,2026-09-13T00:29:16.590+00:00,68.743502,0.013349,Chordcat 0,control_change,1,,,,11,75,,,,,,B0 0B 4B,control_change channel=0 control=11 value=75 time=0
2726,2026-09-13T00:29:16.604+00:00,68.758235,0.014733,Chordcat 0,control_change,1,,,,11,71,,,,,,B0 0B 47,control_change channel=0 control=11 value=71 time=0
2727,2026-09-13T00:29:16.620+00:00,68.773866,0.015631,Chordcat 0,control_change,1,,,,11,68,,,,,,B0 0B 44,control_change channel=0 control=11 value=68 time=0
2728,2026-09-13T00:29:16.634+00:00,68.787398,0.013532,Chordcat 0,control_change,1,,,,11,66,,,,,,B0 0B 42,control_change channel=0 control=11 value=66 time=0
2729,2026-09-13T00:29:16.649+00:00,68.802278,0.01488,Chordcat 0,control_change,1,,,,11,64,,,,,,B0 0B 40,control_change channel=0 control=11 value=64 time=0
2730,2026-09-13T00:29:16.664+00:00,68.817557,0.015279,Chordcat 0,control_change,1,,,,11,63,,,,,,B0 0B 3F,control_change channel=0 control=11 value=63 time=0
2731,2026-09-13T00:29:16.693+00:00,68.846528,0.028971,Chordcat 0,control_change,1,,,,11,127,,,,,,B0 0B 7F,control_change channel=0 control=11 value=127 time=0
2732,2026-09-13T00:29:16.842+00:00,68.995126,0.148598,Chordcat 0,control_change,1,,,,11,120,,,,,,B0 0B 78,control_change channel=0 control=11 value=120 time=0
2733,2026-09-13T00:29:16.855+00:00,69.008632,0.013506,Chordcat 0,control_change,1,,,,11,112,,,,,,B0 0B 70,control_change channel=0 control=11 value=112 time=0
2734,2026-09-13T00:29:16.870+00:00,69.023437,0.014805,Chordcat 0,control_change,1,,,,11,104,,,,,,B0 0B 68,control_change channel=0 control=11 value=104 time=0
2735,2026-09-13T00:29:16.886+00:00,69.039247,0.015809,Chordcat 0,control_change,1,,,,11,96,,,,,,B0 0B 60,control_change channel=0 control=11 value=96 time=0
2736,2026-09-13T00:29:16.899+00:00,69.053071,0.013824,Chordcat 0,control_change,1,,,,11,90,,,,,,B0 0B 5A,control_change channel=0 control=11 value=90 time=0
2737,2026-09-13T00:29:16.914+00:00,69.068094,0.015024,Chordcat 0,control_change,1,,,,11,84,,,,,,B0 0B 54,control_change channel=0 control=11 value=84 time=0
2738,2026-09-13T00:29:16.930+00:00,69.083314,0.01522,Chordcat 0,control_change,1,,,,11,79,,,,,,B0 0B 4F,control_change channel=0 control=11 value=79 time=0
2739,2026-09-13T00:29:16.943+00:00,69.096712,0.013399,Chordcat 0,control_change,1,,,,11,75,,,,,,B0 0B 4B,control_change channel=0 control=11 value=75 time=0
2740,2026-09-13T00:29:16.958+00:00,69.111655,0.014942,Chordcat 0,control_change,1,,,,11,71,,,,,,B0 0B 47,control_change channel=0 control=11 value=71 time=0
2741,2026-09-13T00:29:16.973+00:00,69.126477,0.014822,Chordcat 0,control_change,1,,,,11,68,,,,,,B0 0B 44,control_change channel=0 control=11 value=68 time=0
2742,2026-09-13T00:29:16.988+00:00,69.141275,0.014798,Chordcat 0,control_change,1,,,,11,65,,,,,,B0 0B 41,control_change channel=0 control=11 value=65 time=0
2743,2026-09-13T00:29:17.002+00:00,69.155916,0.014641,Chordcat 0,control_change,1,,,,11,64,,,,,,B0 0B 40,control_change channel=0 control=11 value=64 time=0
2744,2026-09-13T00:29:17.016+00:00,69.170189,0.014273,Chordcat 0,control_change,1,,,,11,63,,,,,,B0 0B 3F,control_change channel=0 control=11 value=63 time=0
2745,2026-09-13T00:29:17.046+00:00,69.199338,0.029149,Chordcat 0,control_change,1,,,,11,127,,,,,,B0 0B 7F,control_change channel=0 control=11 value=127 time=0
2746,2026-09-13T00:29:17.193+00:00,69.34664,0.147302,Chordcat 0,control_change,1,,,,11,121,,,,,,B0 0B 79,control_change channel=0 control=11 value=121 time=0
2747,2026-09-13T00:29:17.208+00:00,69.361252,0.014612,Chordcat 0,control_change,1,,,,11,112,,,,,,B0 0B 70,control_change channel=0 control=11 value=112 time=0
2748,2026-09-13T00:29:17.223+00:00,69.376766,0.015514,Chordcat 0,control_change,1,,,,11,104,,,,,,B0 0B 68,control_change channel=0 control=11 value=104 time=0
2749,2026-09-13T00:29:17.238+00:00,69.391659,0.014893,Chordcat 0,control_change,1,,,,11,96,,,,,,B0 0B 60,control_change channel=0 control=11 value=96 time=0
2750,2026-09-13T00:29:17.252+00:00,69.405764,0.014104,Chordcat 0,control_change,1,,,,11,90,,,,,,B0 0B 5A,control_change channel=0 control=11 value=90 time=0
2751,2026-09-13T00:29:17.267+00:00,69.420997,0.015234,Chordcat 0,control_change,1,,,,11,84,,,,,,B0 0B 54,control_change channel=0 control=11 value=84 time=0
2752,2026-09-13T00:29:17.282+00:00,69.435175,0.014177,Chordcat 0,control_change,1,,,,11,79,,,,,,B0 0B 4F,control_change channel=0 control=11 value=79 time=0
2753,2026-09-13T00:29:17.296+00:00,69.449898,0.014723,Chordcat 0,control_change,1,,,,11,75,,,,,,B0 0B 4B,control_change channel=0 control=11 value=75 time=0
2754,2026-09-13T00:29:17.311+00:00,69.46431,0.014412,Chordcat 0,control_change,1,,,,11,71,,,,,,B0 0B 47,control_change channel=0 control=11 value=71 time=0
2755,2026-09-13T00:29:17.326+00:00,69.479857,0.015547,Chordcat 0,control_change,1,,,,11,68,,,,,,B0 0B 44,control_change channel=0 control=11 value=68 time=0
2756,2026-09-13T00:29:17.340+00:00,69.494176,0.014319,Chordcat 0,control_change,1,,,,11,65,,,,,,B0 0B 41,control_change channel=0 control=11 value=65 time=0
2757,2026-09-13T00:29:17.355+00:00,69.508256,0.01408,Chordcat 0,control_change,1,,,,11,64,,,,,,B0 0B 40,control_change channel=0 control=11 value=64 time=0
2758,2026-09-13T00:29:17.370+00:00,69.523727,0.015471,Chordcat 0,control_change,1,,,,11,63,,,,,,B0 0B 3F,control_change channel=0 control=11 value=63 time=0
2759,2026-09-13T00:29:17.399+00:00,69.552306,0.028579,Chordcat 0,control_change,1,,,,11,127,,,,,,B0 0B 7F,control_change channel=0 control=11 value=127 time=0
2760,2026-09-13T00:29:17.546+00:00,69.699701,0.147395,Chordcat 0,control_change,1,,,,11,121,,,,,,B0 0B 79,control_change channel=0 control=11 value=121 time=0
2761,2026-09-13T00:29:17.561+00:00,69.714768,0.015067,Chordcat 0,control_change,1,,,,11,112,,,,,,B0 0B 70,control_change channel=0 control=11 value=112 time=0
2762,2026-09-13T00:29:17.576+00:00,69.730072,0.015303,Chordcat 0,control_change,1,,,,11,104,,,,,,B0 0B 68,control_change channel=0 control=11 value=104 time=0
2763,2026-09-13T00:29:17.591+00:00,69.744563,0.014492,Chordcat 0,control_change,1,,,,11,96,,,,,,B0 0B 60,control_change channel=0 control=11 value=96 time=0
2764,2026-09-13T00:29:17.605+00:00,69.759047,0.014484,Chordcat 0,control_change,1,,,,11,90,,,,,,B0 0B 5A,control_change channel=0 control=11 value=90 time=0
2765,2026-09-13T00:29:17.621+00:00,69.774289,0.015241,Chordcat 0,control_change,1,,,,11,84,,,,,,B0 0B 54,control_change channel=0 control=11 value=84 time=0
2766,2026-09-13T00:29:17.635+00:00,69.788535,0.014246,Chordcat 0,control_change,1,,,,11,79,,,,,,B0 0B 4F,control_change channel=0 control=11 value=79 time=0
2767,2026-09-13T00:29:17.650+00:00,69.803743,0.015208,Chordcat 0,control_change,1,,,,11,75,,,,,,B0 0B 4B,control_change channel=0 control=11 value=75 time=0
2768,2026-09-13T00:29:17.664+00:00,69.817756,0.014012,Chordcat 0,control_change,1,,,,11,71,,,,,,B0 0B 47,control_change channel=0 control=11 value=71 time=0
2769,2026-09-13T00:29:17.680+00:00,69.833558,0.015802,Chordcat 0,control_change,1,,,,11,68,,,,,,B0 0B 44,control_change channel=0 control=11 value=68 time=0
2770,2026-09-13T00:29:17.694+00:00,69.847637,0.014079,Chordcat 0,control_change,1,,,,11,66,,,,,,B0 0B 42,control_change channel=0 control=11 value=66 time=0
2771,2026-09-13T00:29:17.708+00:00,69.861467,0.01383,Chordcat 0,control_change,1,,,,11,64,,,,,,B0 0B 40,control_change channel=0 control=11 value=64 time=0
2772,2026-09-13T00:29:17.723+00:00,69.876902,0.015435,Chordcat 0,control_change,1,,,,11,63,,,,,,B0 0B 3F,control_change channel=0 control=11 value=63 time=0
2773,2026-09-13T00:29:17.753+00:00,69.906348,0.029446,Chordcat 0,control_change,1,,,,11,127,,,,,,B0 0B 7F,control_change channel=0 control=11 value=127 time=0
2774,2026-09-13T00:29:17.901+00:00,70.054371,0.148023,Chordcat 0,control_change,1,,,,11,121,,,,,,B0 0B 79,control_change channel=0 control=11 value=121 time=0
2775,2026-09-13T00:29:17.914+00:00,70.067895,0.013524,Chordcat 0,control_change,1,,,,11,112,,,,,,B0 0B 70,control_change channel=0 control=11 value=112 time=0
2776,2026-09-13T00:29:17.930+00:00,70.083145,0.01525,Chordcat 0,control_change,1,,,,11,104,,,,,,B0 0B 68,control_change channel=0 control=11 value=104 time=0
2777,2026-09-13T00:29:17.944+00:00,70.09729,0.014145,Chordcat 0,control_change,1,,,,11,97,,,,,,B0 0B 61,control_change channel=0 control=11 value=97 time=0
2778,2026-09-13T00:29:17.958+00:00,70.111593,0.014303,Chordcat 0,control_change,1,,,,11,91,,,,,,B0 0B 5B,control_change channel=0 control=11 value=91 time=0
2779,2026-09-13T00:29:17.973+00:00,70.126309,0.014716,Chordcat 0,control_change,1,,,,11,85,,,,,,B0 0B 55,control_change channel=0 control=11 value=85 time=0
2780,2026-09-13T00:29:17.988+00:00,70.14126,0.014952,Chordcat 0,control_change,1,,,,11,79,,,,,,B0 0B 4F,control_change channel=0 control=11 value=79 time=0
2781,2026-09-13T00:29:18.004+00:00,70.157226,0.015966,Chordcat 0,control_change,1,,,,11,75,,,,,,B0 0B 4B,control_change channel=0 control=11 value=75 time=0
2782,2026-09-13T00:29:18.017+00:00,70.170732,0.013506,Chordcat 0,control_change,1,,,,11,71,,,,,,B0 0B 47,control_change channel=0 control=11 value=71 time=0
2783,2026-09-13T00:29:18.032+00:00,70.185382,0.01465,Chordcat 0,control_change,1,,,,11,68,,,,,,B0 0B 44,control_change channel=0 control=11 value=68 time=0
2784,2026-09-13T00:29:18.047+00:00,70.200343,0.014961,Chordcat 0,control_change,1,,,,11,66,,,,,,B0 0B 42,control_change channel=0 control=11 value=66 time=0
2785,2026-09-13T00:29:18.061+00:00,70.214805,0.014462,Chordcat 0,control_change,1,,,,11,64,,,,,,B0 0B 40,control_change channel=0 control=11 value=64 time=0
2786,2026-09-13T00:29:18.075+00:00,70.229127,0.014322,Chordcat 0,control_change,1,,,,11,63,,,,,,B0 0B 3F,control_change channel=0 control=11 value=63 time=0
2787,2026-09-13T00:29:18.105+00:00,70.258672,0.029545,Chordcat 0,control_change,1,,,,11,127,,,,,,B0 0B 7F,control_change channel=0 control=11 value=127 time=0
2788,2026-09-13T00:29:18.253+00:00,70.406928,0.148256,Chordcat 0,control_change,1,,,,11,120,,,,,,B0 0B 78,control_change channel=0 control=11 value=120 time=0
2789,2026-09-13T00:29:18.267+00:00,70.420935,0.014007,Chordcat 0,control_change,1,,,,11,112,,,,,,B0 0B 70,control_change channel=0 control=11 value=112 time=0
2790,2026-09-13T00:29:18.282+00:00,70.435282,0.014347,Chordcat 0,control_change,1,,,,11,104,,,,,,B0 0B 68,control_change channel=0 control=11 value=104 time=0
2791,2026-09-13T00:29:18.297+00:00,70.45076,0.015478,Chordcat 0,control_change,1,,,,11,96,,,,,,B0 0B 60,control_change channel=0 control=11 value=96 time=0
2792,2026-09-13T00:29:18.311+00:00,70.464466,0.013706,Chordcat 0,control_change,1,,,,11,90,,,,,,B0 0B 5A,control_change channel=0 control=11 value=90 time=0
2793,2026-09-13T00:29:18.326+00:00,70.479452,0.014986,Chordcat 0,control_change,1,,,,11,84,,,,,,B0 0B 54,control_change channel=0 control=11 value=84 time=0
2794,2026-09-13T00:29:18.341+00:00,70.495007,0.015555,Chordcat 0,control_change,1,,,,11,79,,,,,,B0 0B 4F,control_change channel=0 control=11 value=79 time=0
2795,2026-09-13T00:29:18.354+00:00,70.50814,0.013133,Chordcat 0,control_change,1,,,,11,75,,,,,,B0 0B 4B,control_change channel=0 control=11 value=75 time=0
2796,2026-09-13T00:29:18.370+00:00,70.523637,0.015497,Chordcat 0,control_change,1,,,,11,71,,,,,,B0 0B 47,control_change channel=0 control=11 value=71 time=0
2797,2026-09-13T00:29:18.385+00:00,70.538719,0.015082,Chordcat 0,control_change,1,,,,11,68,,,,,,B0 0B 44,control_change channel=0 control=11 value=68 time=0
2798,2026-09-13T00:29:18.400+00:00,70.553551,0.014832,Chordcat 0,control_change,1,,,,11,65,,,,,,B0 0B 41,control_change channel=0 control=11 value=65 time=0
2799,2026-09-13T00:29:18.414+00:00,70.567836,0.014285,Chordcat 0,control_change,1,,,,11,64,,,,,,B0 0B 40,control_change channel=0 control=11 value=64 time=0
2800,2026-09-13T00:29:18.429+00:00,70.582973,0.015138,Chordcat 0,control_change,1,,,,11,63,,,,,,B0 0B 3F,control_change channel=0 control=11 value=63 time=0
2801,2026-09-13T00:29:18.458+00:00,70.612067,0.029094,Chordcat 0,control_change,1,,,,11,127,,,,,,B0 0B 7F,control_change channel=0 control=11 value=127 time=0
2802,2026-09-13T00:29:18.607+00:00,70.76032,0.148253,Chordcat 0,control_change,1,,,,11,120,,,,,,B0 0B 78,control_change channel=0 control=11 value=120 time=0
2803,2026-09-13T00:29:18.619+00:00,70.773144,0.012824,Chordcat 0,control_change,1,,,,11,112,,,,,,B0 0B 70,control_change channel=0 control=11 value=112 time=0
2804,2026-09-13T00:29:18.635+00:00,70.788291,0.015147,Chordcat 0,control_change,1,,,,11,104,,,,,,B0 0B 68,control_change channel=0 control=11 value=104 time=0
2805,2026-09-13T00:29:18.650+00:00,70.803657,0.015366,Chordcat 0,control_change,1,,,,11,97,,,,,,B0 0B 61,control_change channel=0 control=11 value=97 time=0
2806,2026-09-13T00:29:18.665+00:00,70.818377,0.01472,Chordcat 0,control_change,1,,,,11,90,,,,,,B0 0B 5A,control_change channel=0 control=11 value=90 time=0
2807,2026-09-13T00:29:18.679+00:00,70.833037,0.01466,Chordcat 0,control_change,1,,,,11,84,,,,,,B0 0B 54,control_change channel=0 control=11 value=84 time=0
2808,2026-09-13T00:29:18.694+00:00,70.847574,0.014537,Chordcat 0,control_change,1,,,,11,79,,,,,,B0 0B 4F,control_change channel=0 control=11 value=79 time=0
2809,2026-09-13T00:29:18.709+00:00,70.862325,0.014752,Chordcat 0,control_change,1,,,,11,75,,,,,,B0 0B 4B,control_change channel=0 control=11 value=75 time=0
2810,2026-09-13T00:29:18.723+00:00,70.87705,0.014725,Chordcat 0,control_change,1,,,,11,71,,,,,,B0 0B 47,control_change channel=0 control=11 value=71 time=0
2811,2026-09-13T00:29:18.738+00:00,70.892026,0.014976,Chordcat 0,control_change,1,,,,11,68,,,,,,B0 0B 44,control_change channel=0 control=11 value=68 time=0
2812,2026-09-13T00:29:18.753+00:00,70.90664,0.014613,Chordcat 0,control_change,1,,,,11,66,,,,,,B0 0B 42,control_change channel=0 control=11 value=66 time=0
2813,2026-09-13T00:29:18.767+00:00,70.920954,0.014315,Chordcat 0,control_change,1,,,,11,64,,,,,,B0 0B 40,control_change channel=0 control=11 value=64 time=0
2814,2026-09-13T00:29:18.782+00:00,70.935895,0.014941,Chordcat 0,control_change,1,,,,11,63,,,,,,B0 0B 3F,control_change channel=0 control=11 value=63 time=0
2815,2026-09-13T00:29:18.812+00:00,70.965392,0.029497,Chordcat 0,control_change,1,,,,11,127,,,,,,B0 0B 7F,control_change channel=0 control=11 value=127 time=0
2816,2026-09-13T00:29:18.960+00:00,71.113103,0.147711,Chordcat 0,control_change,1,,,,11,121,,,,,,B0 0B 79,control_change channel=0 control=11 value=121 time=0
2817,2026-09-13T00:29:18.973+00:00,71.126232,0.013129,Chordcat 0,control_change,1,,,,11,112,,,,,,B0 0B 70,control_change channel=0 control=11 value=112 time=0
2818,2026-09-13T00:29:18.988+00:00,71.141861,0.015629,Chordcat 0,control_change,1,,,,11,104,,,,,,B0 0B 68,control_change channel=0 control=11 value=104 time=0
2819,2026-09-13T00:29:19.003+00:00,71.15679,0.014929,Chordcat 0,control_change,1,,,,11,97,,,,,,B0 0B 61,control_change channel=0 control=11 value=97 time=0
2820,2026-09-13T00:29:19.017+00:00,71.170645,0.013855,Chordcat 0,control_change,1,,,,11,91,,,,,,B0 0B 5B,control_change channel=0 control=11 value=91 time=0
2821,2026-09-13T00:29:19.032+00:00,71.185493,0.014848,Chordcat 0,control_change,1,,,,11,85,,,,,,B0 0B 55,control_change channel=0 control=11 value=85 time=0
2822,2026-09-13T00:29:19.047+00:00,71.200401,0.014908,Chordcat 0,control_change,1,,,,11,79,,,,,,B0 0B 4F,control_change channel=0 control=11 value=79 time=0
2823,2026-09-13T00:29:19.062+00:00,71.215682,0.015281,Chordcat 0,control_change,1,,,,11,75,,,,,,B0 0B 4B,control_change channel=0 control=11 value=75 time=0
2824,2026-09-13T00:29:19.076+00:00,71.229513,0.013831,Chordcat 0,control_change,1,,,,11,71,,,,,,B0 0B 47,control_change channel=0 control=11 value=71 time=0
2825,2026-09-13T00:29:19.091+00:00,71.2442,0.014686,Chordcat 0,control_change,1,,,,11,68,,,,,,B0 0B 44,control_change channel=0 control=11 value=68 time=0
2826,2026-09-13T00:29:19.106+00:00,71.259511,0.015312,Chordcat 0,control_change,1,,,,11,66,,,,,,B0 0B 42,control_change channel=0 control=11 value=66 time=0
2827,2026-09-13T00:29:19.120+00:00,71.273504,0.013993,Chordcat 0,control_change,1,,,,11,64,,,,,,B0 0B 40,control_change channel=0 control=11 value=64 time=0
2828,2026-09-13T00:29:19.135+00:00,71.288356,0.014852,Chordcat 0,control_change,1,,,,11,63,,,,,,B0 0B 3F,control_change channel=0 control=11 value=63 time=0
2829,2026-09-13T00:29:19.165+00:00,71.318351,0.029995,Chordcat 0,control_change,1,,,,11,127,,,,,,B0 0B 7F,control_change channel=0 control=11 value=127 time=0
2830,2026-09-13T00:29:19.312+00:00,71.465543,0.147191,Chordcat 0,control_change,1,,,,11,121,,,,,,B0 0B 79,control_change channel=0 control=11 value=121 time=0
2831,2026-09-13T00:29:19.326+00:00,71.4794,0.013857,Chordcat 0,control_change,1,,,,11,112,,,,,,B0 0B 70,control_change channel=0 control=11 value=112 time=0
2832,2026-09-13T00:29:19.330+00:00,71.483478,0.004078,Chordcat 0,note_on,2,35,B1,100,,,,,,,,91 23 64,note_on channel=1 note=35 velocity=100 time=0
2833,2026-09-13T00:29:19.330+00:00,71.483951,0.000473,Chordcat 0,note_on,2,51,D#3,100,,,,,,,,91 33 64,note_on channel=1 note=51 velocity=100 time=0
2834,2026-09-13T00:29:19.330+00:00,71.484275,0.000324,Chordcat 0,note_on,2,54,F#3,100,,,,,,,,91 36 64,note_on channel=1 note=54 velocity=100 time=0
2835,2026-09-13T00:29:19.331+00:00,71.48457,0.000295,Chordcat 0,note_on,2,58,A#3,100,,,,,,,,91 3A 64,note_on channel=1 note=58 velocity=100 time=0
2836,2026-09-13T00:29:19.331+00:00,71.484947,0.000378,Chordcat 0,note_on,2,61,C#4,100,,,,,,,,91 3D 64,note_on channel=1 note=61 velocity=100 time=0
2837,2026-09-13T00:29:19.341+00:00,71.494995,0.010048,Chordcat 0,control_change,1,,,,11,104,,,,,,B0 0B 68,control_change channel=0 control=11 value=104 time=0
2838,2026-09-13T00:29:19.356+00:00,71.509821,0.014825,Chordcat 0,control_change,1,,,,11,97,,,,,,B0 0B 61,control_change channel=0 control=11 value=97 time=0
2839,2026-09-13T00:29:19.370+00:00,71.523647,0.013827,Chordcat 0,control_change,1,,,,11,91,,,,,,B0 0B 5B,control_change channel=0 control=11 value=91 time=0
2840,2026-09-13T00:29:19.385+00:00,71.538788,0.015141,Chordcat 0,control_change,1,,,,11,85,,,,,,B0 0B 55,control_change channel=0 control=11 value=85 time=0
2841,2026-09-13T00:29:19.400+00:00,71.553629,0.014841,Chordcat 0,control_change,1,,,,11,79,,,,,,B0 0B 4F,control_change channel=0 control=11 value=79 time=0
2842,2026-09-13T00:29:19.415+00:00,71.568455,0.014826,Chordcat 0,control_change,1,,,,11,75,,,,,,B0 0B 4B,control_change channel=0 control=11 value=75 time=0
2843,2026-09-13T00:29:19.429+00:00,71.582801,0.014346,Chordcat 0,control_change,1,,,,11,71,,,,,,B0 0B 47,control_change channel=0 control=11 value=71 time=0
2844,2026-09-13T00:29:19.444+00:00,71.597626,0.014825,Chordcat 0,control_change,1,,,,11,68,,,,,,B0 0B 44,control_change channel=0 control=11 value=68 time=0
2845,2026-09-13T00:29:19.459+00:00,71.612399,0.014772,Chordcat 0,control_change,1,,,,11,66,,,,,,B0 0B 42,control_change channel=0 control=11 value=66 time=0
2846,2026-09-13T00:29:19.473+00:00,71.626561,0.014162,Chordcat 0,control_change,1,,,,11,64,,,,,,B0 0B 40,control_change channel=0 control=11 value=64 time=0
2847,2026-09-13T00:29:19.488+00:00,71.641892,0.015331,Chordcat 0,control_change,1,,,,11,63,,,,,,B0 0B 3F,control_change channel=0 control=11 value=63 time=0
2848,2026-09-13T00:29:19.518+00:00,71.672196,0.030304,Chordcat 0,control_change,1,,,,11,127,,,,,,B0 0B 7F,control_change channel=0 control=11 value=127 time=0
2849,2026-09-13T00:29:19.666+00:00,71.819198,0.147003,Chordcat 0,control_change,1,,,,11,121,,,,,,B0 0B 79,control_change channel=0 control=11 value=121 time=0
2850,2026-09-13T00:29:19.680+00:00,71.833304,0.014106,Chordcat 0,control_change,1,,,,11,112,,,,,,B0 0B 70,control_change channel=0 control=11 value=112 time=0
2851,2026-09-13T00:29:19.694+00:00,71.84723,0.013926,Chordcat 0,control_change,1,,,,11,104,,,,,,B0 0B 68,control_change channel=0 control=11 value=104 time=0
2852,2026-09-13T00:29:19.709+00:00,71.862233,0.015003,Chordcat 0,control_change,1,,,,11,97,,,,,,B0 0B 61,control_change channel=0 control=11 value=97 time=0
2853,2026-09-13T00:29:19.724+00:00,71.877099,0.014865,Chordcat 0,control_change,1,,,,11,90,,,,,,B0 0B 5A,control_change channel=0 control=11 value=90 time=0
2854,2026-09-13T00:29:19.737+00:00,71.891077,0.013979,Chordcat 0,control_change,1,,,,11,85,,,,,,B0 0B 55,control_change channel=0 control=11 value=85 time=0
2855,2026-09-13T00:29:19.753+00:00,71.906557,0.01548,Chordcat 0,control_change,1,,,,11,79,,,,,,B0 0B 4F,control_change channel=0 control=11 value=79 time=0
2856,2026-09-13T00:29:19.768+00:00,71.921649,0.015092,Chordcat 0,control_change,1,,,,11,75,,,,,,B0 0B 4B,control_change channel=0 control=11 value=75 time=0
2857,2026-09-13T00:29:19.782+00:00,71.935388,0.013738,Chordcat 0,control_change,1,,,,11,71,,,,,,B0 0B 47,control_change channel=0 control=11 value=71 time=0
2858,2026-09-13T00:29:19.797+00:00,71.951049,0.015661,Chordcat 0,control_change,1,,,,11,68,,,,,,B0 0B 44,control_change channel=0 control=11 value=68 time=0
2859,2026-09-13T00:29:19.811+00:00,71.965026,0.013977,Chordcat 0,control_change,1,,,,11,66,,,,,,B0 0B 42,control_change channel=0 control=11 value=66 time=0
2860,2026-09-13T00:29:19.827+00:00,71.980615,0.015589,Chordcat 0,control_change,1,,,,11,64,,,,,,B0 0B 40,control_change channel=0 control=11 value=64 time=0
2861,2026-09-13T00:29:19.841+00:00,71.994997,0.014382,Chordcat 0,control_change,1,,,,11,63,,,,,,B0 0B 3F,control_change channel=0 control=11 value=63 time=0
2862,2026-09-13T00:29:19.845+00:00,71.998522,0.003525,Chordcat 0,note_on,2,35,B1,0,,,,,,,,91 23 00,note_on channel=1 note=35 velocity=0 time=0
2863,2026-09-13T00:29:19.845+00:00,71.999018,0.000496,Chordcat 0,note_on,2,51,D#3,0,,,,,,,,91 33 00,note_on channel=1 note=51 velocity=0 time=0
2864,2026-09-13T00:29:19.845+00:00,71.999353,0.000335,Chordcat 0,note_on,2,54,F#3,0,,,,,,,,91 36 00,note_on channel=1 note=54 velocity=0 time=0
2865,2026-09-13T00:29:19.845+00:00,71.999641,0.000288,Chordcat 0,note_on,2,58,A#3,0,,,,,,,,91 3A 00,note_on channel=1 note=58 velocity=0 time=0
2866,2026-09-13T00:29:19.845+00:00,71.999852,0.00021,Chordcat 0,note_on,2,61,C#4,0,,,,,,,,91 3D 00,note_on channel=1 note=61 velocity=0 time=0
2867,2026-09-13T00:29:19.871+00:00,72.024386,0.024534,Chordcat 0,control_change,1,,,,11,127,,,,,,B0 0B 7F,control_change channel=0 control=11 value=127 time=0
2868,2026-09-13T00:29:20.017+00:00,72.171173,0.146787,Chordcat 0,control_change,1,,,,11,121,,,,,,B0 0B 79,control_change channel=0 control=11 value=121 time=0
2869,2026-09-13T00:29:20.032+00:00,72.18542,0.014248,Chordcat 0,control_change,1,,,,11,112,,,,,,B0 0B 70,control_change channel=0 control=11 value=112 time=0
2870,2026-09-13T00:29:20.047+00:00,72.200877,0.015457,Chordcat 0,control_change,1,,,,11,104,,,,,,B0 0B 68,control_change channel=0 control=11 value=104 time=0
2871,2026-09-13T00:29:20.063+00:00,72.216261,0.015383,Chordcat 0,control_change,1,,,,11,97,,,,,,B0 0B 61,control_change channel=0 control=11 value=97 time=0
2872,2026-09-13T00:29:20.077+00:00,72.230355,0.014094,Chordcat 0,control_change,1,,,,11,90,,,,,,B0 0B 5A,control_change channel=0 control=11 value=90 time=0
2873,2026-09-13T00:29:20.091+00:00,72.244919,0.014564,Chordcat 0,control_change,1,,,,11,85,,,,,,B0 0B 55,control_change channel=0 control=11 value=85 time=0
2874,2026-09-13T00:29:20.106+00:00,72.259792,0.014873,Chordcat 0,control_change,1,,,,11,79,,,,,,B0 0B 4F,control_change channel=0 control=11 value=79 time=0
2875,2026-09-13T00:29:20.121+00:00,72.274818,0.015026,Chordcat 0,control_change,1,,,,11,75,,,,,,B0 0B 4B,control_change channel=0 control=11 value=75 time=0
2876,2026-09-13T00:29:20.135+00:00,72.28907,0.014252,Chordcat 0,control_change,1,,,,11,71,,,,,,B0 0B 47,control_change channel=0 control=11 value=71 time=0
2877,2026-09-13T00:29:20.150+00:00,72.303604,0.014534,Chordcat 0,control_change,1,,,,11,68,,,,,,B0 0B 44,control_change channel=0 control=11 value=68 time=0
2878,2026-09-13T00:29:20.165+00:00,72.319058,0.015455,Chordcat 0,control_change,1,,,,11,66,,,,,,B0 0B 42,control_change channel=0 control=11 value=66 time=0
2879,2026-09-13T00:29:20.180+00:00,72.333297,0.014238,Chordcat 0,control_change,1,,,,11,64,,,,,,B0 0B 40,control_change channel=0 control=11 value=64 time=0
2880,2026-09-13T00:29:20.194+00:00,72.347655,0.014358,Chordcat 0,control_change,1,,,,11,63,,,,,,B0 0B 3F,control_change channel=0 control=11 value=63 time=0
2881,2026-09-13T00:29:20.223+00:00,72.377207,0.029552,Chordcat 0,control_change,1,,,,11,127,,,,,,B0 0B 7F,control_change channel=0 control=11 value=127 time=0
2882,2026-09-13T00:29:20.371+00:00,72.524986,0.147778,Chordcat 0,control_change,1,,,,11,121,,,,,,B0 0B 79,control_change channel=0 control=11 value=121 time=0
2883,2026-09-13T00:29:20.384+00:00,72.538246,0.013261,Chordcat 0,control_change,1,,,,11,112,,,,,,B0 0B 70,control_change channel=0 control=11 value=112 time=0
2884,2026-09-13T00:29:20.400+00:00,72.55393,0.015684,Chordcat 0,control_change,1,,,,11,104,,,,,,B0 0B 68,control_change channel=0 control=11 value=104 time=0
2885,2026-09-13T00:29:20.415+00:00,72.569003,0.015073,Chordcat 0,control_change,1,,,,11,97,,,,,,B0 0B 61,control_change channel=0 control=11 value=97 time=0
2886,2026-09-13T00:29:20.430+00:00,72.583634,0.014631,Chordcat 0,control_change,1,,,,11,90,,,,,,B0 0B 5A,control_change channel=0 control=11 value=90 time=0
2887,2026-09-13T00:29:20.444+00:00,72.597686,0.014053,Chordcat 0,control_change,1,,,,11,85,,,,,,B0 0B 55,control_change channel=0 control=11 value=85 time=0
2888,2026-09-13T00:29:20.459+00:00,72.613102,0.015415,Chordcat 0,control_change,1,,,,11,80,,,,,,B0 0B 50,control_change channel=0 control=11 value=80 time=0
2889,2026-09-13T00:29:20.474+00:00,72.628152,0.01505,Chordcat 0,control_change,1,,,,11,75,,,,,,B0 0B 4B,control_change channel=0 control=11 value=75 time=0
2890,2026-09-13T00:29:20.490+00:00,72.643327,0.015175,Chordcat 0,control_change,1,,,,11,71,,,,,,B0 0B 47,control_change channel=0 control=11 value=71 time=0
2891,2026-09-13T00:29:20.502+00:00,72.656286,0.012959,Chordcat 0,control_change,1,,,,11,68,,,,,,B0 0B 44,control_change channel=0 control=11 value=68 time=0
2892,2026-09-13T00:29:20.518+00:00,72.671172,0.014886,Chordcat 0,control_change,1,,,,11,66,,,,,,B0 0B 42,control_change channel=0 control=11 value=66 time=0
2893,2026-09-13T00:29:20.533+00:00,72.686227,0.015055,Chordcat 0,control_change,1,,,,11,64,,,,,,B0 0B 40,control_change channel=0 control=11 value=64 time=0
2894,2026-09-13T00:29:20.547+00:00,72.701061,0.014833,Chordcat 0,control_change,1,,,,11,63,,,,,,B0 0B 3F,control_change channel=0 control=11 value=63 time=0
2895,2026-09-13T00:29:20.577+00:00,72.730229,0.029168,Chordcat 0,control_change,1,,,,11,127,,,,,,B0 0B 7F,control_change channel=0 control=11 value=127 time=0
2896,2026-09-13T00:29:20.723+00:00,72.877096,0.146868,Chordcat 0,control_change,1,,,,11,121,,,,,,B0 0B 79,control_change channel=0 control=11 value=121 time=0
2897,2026-09-13T00:29:20.738+00:00,72.89206,0.014963,Chordcat 0,control_change,1,,,,11,112,,,,,,B0 0B 70,control_change channel=0 control=11 value=112 time=0
2898,2026-09-13T00:29:20.753+00:00,72.907083,0.015023,Chordcat 0,control_change,1,,,,11,104,,,,,,B0 0B 68,control_change channel=0 control=11 value=104 time=0
2899,2026-09-13T00:29:20.768+00:00,72.921257,0.014174,Chordcat 0,control_change,1,,,,11,97,,,,,,B0 0B 61,control_change channel=0 control=11 value=97 time=0
2900,2026-09-13T00:29:20.782+00:00,72.936131,0.014874,Chordcat 0,control_change,1,,,,11,90,,,,,,B0 0B 5A,control_change channel=0 control=11 value=90 time=0
2901,2026-09-13T00:29:20.797+00:00,72.950942,0.01481,Chordcat 0,control_change,1,,,,11,85,,,,,,B0 0B 55,control_change channel=0 control=11 value=85 time=0
2902,2026-09-13T00:29:20.812+00:00,72.965827,0.014885,Chordcat 0,control_change,1,,,,11,79,,,,,,B0 0B 4F,control_change channel=0 control=11 value=79 time=0
2903,2026-09-13T00:29:20.827+00:00,72.980681,0.014853,Chordcat 0,control_change,1,,,,11,75,,,,,,B0 0B 4B,control_change channel=0 control=11 value=75 time=0
2904,2026-09-13T00:29:20.841+00:00,72.995076,0.014396,Chordcat 0,control_change,1,,,,11,71,,,,,,B0 0B 47,control_change channel=0 control=11 value=71 time=0
2905,2026-09-13T00:29:20.856+00:00,73.009478,0.014402,Chordcat 0,control_change,1,,,,11,68,,,,,,B0 0B 44,control_change channel=0 control=11 value=68 time=0
2906,2026-09-13T00:29:20.871+00:00,73.024405,0.014927,Chordcat 0,control_change,1,,,,11,66,,,,,,B0 0B 42,control_change channel=0 control=11 value=66 time=0
2907,2026-09-13T00:29:20.886+00:00,73.039195,0.01479,Chordcat 0,control_change,1,,,,11,64,,,,,,B0 0B 40,control_change channel=0 control=11 value=64 time=0
2908,2026-09-13T00:29:20.900+00:00,73.053626,0.014431,Chordcat 0,control_change,1,,,,11,63,,,,,,B0 0B 3F,control_change channel=0 control=11 value=63 time=0
2909,2026-09-13T00:29:20.930+00:00,73.083408,0.029782,Chordcat 0,control_change,1,,,,11,127,,,,,,B0 0B 7F,control_change channel=0 control=11 value=127 time=0
2910,2026-09-13T00:29:21.077+00:00,73.230761,0.147353,Chordcat 0,control_change,1,,,,11,121,,,,,,B0 0B 79,control_change channel=0 control=11 value=121 time=0
2911,2026-09-13T00:29:21.092+00:00,73.245303,0.014542,Chordcat 0,control_change,1,,,,11,112,,,,,,B0 0B 70,control_change channel=0 control=11 value=112 time=0
2912,2026-09-13T00:29:21.106+00:00,73.25987,0.014568,Chordcat 0,control_change,1,,,,11,104,,,,,,B0 0B 68,control_change channel=0 control=11 value=104 time=0
2913,2026-09-13T00:29:21.121+00:00,73.274289,0.014418,Chordcat 0,control_change,1,,,,11,97,,,,,,B0 0B 61,control_change channel=0 control=11 value=97 time=0
2914,2026-09-13T00:29:21.136+00:00,73.289367,0.015078,Chordcat 0,control_change,1,,,,11,90,,,,,,B0 0B 5A,control_change channel=0 control=11 value=90 time=0
2915,2026-09-13T00:29:21.150+00:00,73.303337,0.01397,Chordcat 0,control_change,1,,,,11,85,,,,,,B0 0B 55,control_change channel=0 control=11 value=85 time=0
2916,2026-09-13T00:29:21.165+00:00,73.318343,0.015007,Chordcat 0,control_change,1,,,,11,79,,,,,,B0 0B 4F,control_change channel=0 control=11 value=79 time=0
2917,2026-09-13T00:29:21.180+00:00,73.333331,0.014988,Chordcat 0,control_change,1,,,,11,75,,,,,,B0 0B 4B,control_change channel=0 control=11 value=75 time=0
2918,2026-09-13T00:29:21.194+00:00,73.347754,0.014424,Chordcat 0,control_change,1,,,,11,71,,,,,,B0 0B 47,control_change channel=0 control=11 value=71 time=0
2919,2026-09-13T00:29:21.209+00:00,73.36227,0.014515,Chordcat 0,control_change,1,,,,11,68,,,,,,B0 0B 44,control_change channel=0 control=11 value=68 time=0
2920,2026-09-13T00:29:21.224+00:00,73.377922,0.015652,Chordcat 0,control_change,1,,,,11,66,,,,,,B0 0B 42,control_change channel=0 control=11 value=66 time=0
2921,2026-09-13T00:29:21.238+00:00,73.392168,0.014246,Chordcat 0,control_change,1,,,,11,64,,,,,,B0 0B 40,control_change channel=0 control=11 value=64 time=0
2922,2026-09-13T00:29:21.252+00:00,73.406014,0.013846,Chordcat 0,control_change,1,,,,11,63,,,,,,B0 0B 3F,control_change channel=0 control=11 value=63 time=0
2923,2026-09-13T00:29:21.283+00:00,73.436544,0.030531,Chordcat 0,control_change,1,,,,11,127,,,,,,B0 0B 7F,control_change channel=0 control=11 value=127 time=0
2924,2026-09-13T00:29:21.430+00:00,73.583977,0.147433,Chordcat 0,control_change,1,,,,11,121,,,,,,B0 0B 79,control_change channel=0 control=11 value=121 time=0
2925,2026-09-13T00:29:21.445+00:00,73.599042,0.015064,Chordcat 0,control_change,1,,,,11,112,,,,,,B0 0B 70,control_change channel=0 control=11 value=112 time=0
2926,2026-09-13T00:29:21.459+00:00,73.612252,0.013211,Chordcat 0,control_change,1,,,,11,104,,,,,,B0 0B 68,control_change channel=0 control=11 value=104 time=0
2927,2026-09-13T00:29:21.474+00:00,73.627362,0.01511,Chordcat 0,control_change,1,,,,11,97,,,,,,B0 0B 61,control_change channel=0 control=11 value=97 time=0
2928,2026-09-13T00:29:21.489+00:00,73.643089,0.015727,Chordcat 0,control_change,1,,,,11,90,,,,,,B0 0B 5A,control_change channel=0 control=11 value=90 time=0
2929,2026-09-13T00:29:21.504+00:00,73.657761,0.014671,Chordcat 0,control_change,1,,,,11,84,,,,,,B0 0B 54,control_change channel=0 control=11 value=84 time=0
2930,2026-09-13T00:29:21.519+00:00,73.672188,0.014427,Chordcat 0,control_change,1,,,,11,80,,,,,,B0 0B 50,control_change channel=0 control=11 value=80 time=0
2931,2026-09-13T00:29:21.533+00:00,73.686192,0.014005,Chordcat 0,control_change,1,,,,11,75,,,,,,B0 0B 4B,control_change channel=0 control=11 value=75 time=0
2932,2026-09-13T00:29:21.548+00:00,73.701811,0.015618,Chordcat 0,control_change,1,,,,11,71,,,,,,B0 0B 47,control_change channel=0 control=11 value=71 time=0
2933,2026-09-13T00:29:21.562+00:00,73.715492,0.013681,Chordcat 0,control_change,1,,,,11,68,,,,,,B0 0B 44,control_change channel=0 control=11 value=68 time=0
2934,2026-09-13T00:29:21.577+00:00,73.730233,0.014741,Chordcat 0,control_change,1,,,,11,66,,,,,,B0 0B 42,control_change channel=0 control=11 value=66 time=0
2935,2026-09-13T00:29:21.592+00:00,73.745763,0.01553,Chordcat 0,control_change,1,,,,11,64,,,,,,B0 0B 40,control_change channel=0 control=11 value=64 time=0
2936,2026-09-13T00:29:21.606+00:00,73.759325,0.013562,Chordcat 0,control_change,1,,,,11,63,,,,,,B0 0B 3F,control_change channel=0 control=11 value=63 time=0
2937,2026-09-13T00:29:21.636+00:00,73.789915,0.03059,Chordcat 0,control_change,1,,,,11,127,,,,,,B0 0B 7F,control_change channel=0 control=11 value=127 time=0
2938,2026-09-13T00:29:21.783+00:00,73.937057,0.147142,Chordcat 0,control_change,1,,,,11,121,,,,,,B0 0B 79,control_change channel=0 control=11 value=121 time=0
2939,2026-09-13T00:29:21.797+00:00,73.951092,0.014036,Chordcat 0,control_change,1,,,,11,112,,,,,,B0 0B 70,control_change channel=0 control=11 value=112 time=0
2940,2026-09-13T00:29:21.812+00:00,73.965322,0.014229,Chordcat 0,control_change,1,,,,11,104,,,,,,B0 0B 68,control_change channel=0 control=11 value=104 time=0
2941,2026-09-13T00:29:21.827+00:00,73.980673,0.015351,Chordcat 0,control_change,1,,,,11,97,,,,,,B0 0B 61,control_change channel=0 control=11 value=97 time=0
2942,2026-09-13T00:29:21.841+00:00,73.995043,0.014371,Chordcat 0,control_change,1,,,,11,90,,,,,,B0 0B 5A,control_change channel=0 control=11 value=90 time=0
2943,2026-09-13T00:29:21.856+00:00,74.009706,0.014663,Chordcat 0,control_change,1,,,,11,85,,,,,,B0 0B 55,control_change channel=0 control=11 value=85 time=0
2944,2026-09-13T00:29:21.871+00:00,74.024587,0.014881,Chordcat 0,control_change,1,,,,11,79,,,,,,B0 0B 4F,control_change channel=0 control=11 value=79 time=0
2945,2026-09-13T00:29:21.886+00:00,74.039826,0.015239,Chordcat 0,control_change,1,,,,11,75,,,,,,B0 0B 4B,control_change channel=0 control=11 value=75 time=0
2946,2026-09-13T00:29:21.901+00:00,74.055125,0.015299,Chordcat 0,control_change,1,,,,11,71,,,,,,B0 0B 47,control_change channel=0 control=11 value=71 time=0
2947,2026-09-13T00:29:21.915+00:00,74.068892,0.013767,Chordcat 0,control_change,1,,,,11,68,,,,,,B0 0B 44,control_change channel=0 control=11 value=68 time=0
2948,2026-09-13T00:29:21.931+00:00,74.084166,0.015275,Chordcat 0,control_change,1,,,,11,66,,,,,,B0 0B 42,control_change channel=0 control=11 value=66 time=0
2949,2026-09-13T00:29:21.945+00:00,74.098084,0.013918,Chordcat 0,control_change,1,,,,11,64,,,,,,B0 0B 40,control_change channel=0 control=11 value=64 time=0
2950,2026-09-13T00:29:21.959+00:00,74.112257,0.014173,Chordcat 0,control_change,1,,,,11,63,,,,,,B0 0B 3F,control_change channel=0 control=11 value=63 time=0
2951,2026-09-13T00:29:21.988+00:00,74.142043,0.029786,Chordcat 0,control_change,1,,,,11,127,,,,,,B0 0B 7F,control_change channel=0 control=11 value=127 time=0
2952,2026-09-13T00:29:22.136+00:00,74.289486,0.147443,Chordcat 0,control_change,1,,,,11,121,,,,,,B0 0B 79,control_change channel=0 control=11 value=121 time=0
2953,2026-09-13T00:29:22.151+00:00,74.304158,0.014672,Chordcat 0,control_change,1,,,,11,112,,,,,,B0 0B 70,control_change channel=0 control=11 value=112 time=0
2954,2026-09-13T00:29:22.165+00:00,74.318745,0.014587,Chordcat 0,control_change,1,,,,11,104,,,,,,B0 0B 68,control_change channel=0 control=11 value=104 time=0
2955,2026-09-13T00:29:22.180+00:00,74.333959,0.015214,Chordcat 0,control_change,1,,,,11,97,,,,,,B0 0B 61,control_change channel=0 control=11 value=97 time=0
2956,2026-09-13T00:29:22.195+00:00,74.348924,0.014965,Chordcat 0,control_change,1,,,,11,90,,,,,,B0 0B 5A,control_change channel=0 control=11 value=90 time=0
2957,2026-09-13T00:29:22.210+00:00,74.363125,0.014202,Chordcat 0,control_change,1,,,,11,85,,,,,,B0 0B 55,control_change channel=0 control=11 value=85 time=0
2958,2026-09-13T00:29:22.223+00:00,74.377113,0.013988,Chordcat 0,control_change,1,,,,11,79,,,,,,B0 0B 4F,control_change channel=0 control=11 value=79 time=0
2959,2026-09-13T00:29:22.239+00:00,74.392172,0.015058,Chordcat 0,control_change,1,,,,11,75,,,,,,B0 0B 4B,control_change channel=0 control=11 value=75 time=0
2960,2026-09-13T00:29:22.254+00:00,74.40779,0.015618,Chordcat 0,control_change,1,,,,11,71,,,,,,B0 0B 47,control_change channel=0 control=11 value=71 time=0
2961,2026-09-13T00:29:22.268+00:00,74.421264,0.013474,Chordcat 0,control_change,1,,,,11,68,,,,,,B0 0B 44,control_change channel=0 control=11 value=68 time=0
2962,2026-09-13T00:29:22.283+00:00,74.436579,0.015315,Chordcat 0,control_change,1,,,,11,66,,,,,,B0 0B 42,control_change channel=0 control=11 value=66 time=0
2963,2026-09-13T00:29:22.298+00:00,74.452064,0.015485,Chordcat 0,control_change,1,,,,11,64,,,,,,B0 0B 40,control_change channel=0 control=11 value=64 time=0
2964,2026-09-13T00:29:22.312+00:00,74.465363,0.013298,Chordcat 0,control_change,1,,,,11,63,,,,,,B0 0B 3F,control_change channel=0 control=11 value=63 time=0
2965,2026-09-13T00:29:22.342+00:00,74.495794,0.030431,Chordcat 0,control_change,1,,,,11,127,,,,,,B0 0B 7F,control_change channel=0 control=11 value=127 time=0
2966,2026-09-13T00:29:22.490+00:00,74.643463,0.147669,Chordcat 0,control_change,1,,,,11,121,,,,,,B0 0B 79,control_change channel=0 control=11 value=121 time=0
2967,2026-09-13T00:29:22.504+00:00,74.657835,0.014372,Chordcat 0,control_change,1,,,,11,112,,,,,,B0 0B 70,control_change channel=0 control=11 value=112 time=0
2968,2026-09-13T00:29:22.518+00:00,74.671338,0.013504,Chordcat 0,control_change,1,,,,11,104,,,,,,B0 0B 68,control_change channel=0 control=11 value=104 time=0
2969,2026-09-13T00:29:22.533+00:00,74.686322,0.014984,Chordcat 0,control_change,1,,,,11,97,,,,,,B0 0B 61,control_change channel=0 control=11 value=97 time=0
2970,2026-09-13T00:29:22.549+00:00,74.702291,0.015968,Chordcat 0,control_change,1,,,,11,90,,,,,,B0 0B 5A,control_change channel=0 control=11 value=90 time=0
2971,2026-09-13T00:29:22.563+00:00,74.71658,0.014289,Chordcat 0,control_change,1,,,,11,84,,,,,,B0 0B 54,control_change channel=0 control=11 value=84 time=0
2972,2026-09-13T00:29:22.577+00:00,74.730884,0.014304,Chordcat 0,control_change,1,,,,11,79,,,,,,B0 0B 4F,control_change channel=0 control=11 value=79 time=0
2973,2026-09-13T00:29:22.592+00:00,74.746004,0.01512,Chordcat 0,control_change,1,,,,11,75,,,,,,B0 0B 4B,control_change channel=0 control=11 value=75 time=0
2974,2026-09-13T00:29:22.608+00:00,74.761207,0.015203,Chordcat 0,control_change,1,,,,11,71,,,,,,B0 0B 47,control_change channel=0 control=11 value=71 time=0
2975,2026-09-13T00:29:22.621+00:00,74.774239,0.013032,Chordcat 0,control_change,1,,,,11,68,,,,,,B0 0B 44,control_change channel=0 control=11 value=68 time=0
2976,2026-09-13T00:29:22.636+00:00,74.789917,0.015678,Chordcat 0,control_change,1,,,,11,66,,,,,,B0 0B 42,control_change channel=0 control=11 value=66 time=0
2977,2026-09-13T00:29:22.651+00:00,74.804736,0.014819,Chordcat 0,control_change,1,,,,11,64,,,,,,B0 0B 40,control_change channel=0 control=11 value=64 time=0
2978,2026-09-13T00:29:22.667+00:00,74.820113,0.015377,Chordcat 0,control_change,1,,,,11,63,,,,,,B0 0B 3F,control_change channel=0 control=11 value=63 time=0
2979,2026-09-13T00:29:22.694+00:00,74.848047,0.027933,Chordcat 0,control_change,1,,,,11,127,,,,,,B0 0B 7F,control_change channel=0 control=11 value=127 time=0
2980,2026-09-13T00:29:22.842+00:00,74.995403,0.147356,Chordcat 0,control_change,1,,,,11,121,,,,,,B0 0B 79,control_change channel=0 control=11 value=121 time=0
2981,2026-09-13T00:29:22.857+00:00,75.010602,0.015199,Chordcat 0,control_change,1,,,,11,112,,,,,,B0 0B 70,control_change channel=0 control=11 value=112 time=0
2982,2026-09-13T00:29:22.871+00:00,75.024319,0.013717,Chordcat 0,control_change,1,,,,11,104,,,,,,B0 0B 68,control_change channel=0 control=11 value=104 time=0
2983,2026-09-13T00:29:22.886+00:00,75.039956,0.015637,Chordcat 0,control_change,1,,,,11,97,,,,,,B0 0B 61,control_change channel=0 control=11 value=97 time=0
2984,2026-09-13T00:29:22.901+00:00,75.054918,0.014962,Chordcat 0,control_change,1,,,,11,90,,,,,,B0 0B 5A,control_change channel=0 control=11 value=90 time=0
2985,2026-09-13T00:29:22.916+00:00,75.069967,0.015049,Chordcat 0,control_change,1,,,,11,84,,,,,,B0 0B 54,control_change channel=0 control=11 value=84 time=0
2986,2026-09-13T00:29:22.930+00:00,75.083263,0.013295,Chordcat 0,control_change,1,,,,11,79,,,,,,B0 0B 4F,control_change channel=0 control=11 value=79 time=0
2987,2026-09-13T00:29:22.945+00:00,75.098357,0.015094,Chordcat 0,control_change,1,,,,11,75,,,,,,B0 0B 4B,control_change channel=0 control=11 value=75 time=0
2988,2026-09-13T00:29:22.960+00:00,75.113586,0.015229,Chordcat 0,control_change,1,,,,11,71,,,,,,B0 0B 47,control_change channel=0 control=11 value=71 time=0
2989,2026-09-13T00:29:22.974+00:00,75.128026,0.01444,Chordcat 0,control_change,1,,,,11,68,,,,,,B0 0B 44,control_change channel=0 control=11 value=68 time=0
2990,2026-09-13T00:29:22.990+00:00,75.143219,0.015193,Chordcat 0,control_change,1,,,,11,66,,,,,,B0 0B 42,control_change channel=0 control=11 value=66 time=0
2991,2026-09-13T00:29:23.004+00:00,75.157731,0.014512,Chordcat 0,control_change,1,,,,11,64,,,,,,B0 0B 40,control_change channel=0 control=11 value=64 time=0
2992,2026-09-13T00:29:23.017+00:00,75.171076,0.013346,Chordcat 0,control_change,1,,,,11,63,,,,,,B0 0B 3F,control_change channel=0 control=11 value=63 time=0
2993,2026-09-13T00:29:23.048+00:00,75.201587,0.030511,Chordcat 0,control_change,1,,,,11,127,,,,,,B0 0B 7F,control_change channel=0 control=11 value=127 time=0
2994,2026-09-13T00:29:23.195+00:00,75.34905,0.147463,Chordcat 0,control_change,1,,,,11,121,,,,,,B0 0B 79,control_change channel=0 control=11 value=121 time=0
2995,2026-09-13T00:29:23.210+00:00,75.363192,0.014141,Chordcat 0,control_change,1,,,,11,112,,,,,,B0 0B 70,control_change channel=0 control=11 value=112 time=0
2996,2026-09-13T00:29:23.224+00:00,75.37712,0.013928,Chordcat 0,control_change,1,,,,11,104,,,,,,B0 0B 68,control_change channel=0 control=11 value=104 time=0
2997,2026-09-13T00:29:23.238+00:00,75.392076,0.014956,Chordcat 0,control_change,1,,,,11,97,,,,,,B0 0B 61,control_change channel=0 control=11 value=97 time=0
2998,2026-09-13T00:29:23.254+00:00,75.407178,0.015102,Chordcat 0,control_change,1,,,,11,90,,,,,,B0 0B 5A,control_change channel=0 control=11 value=90 time=0
2999,2026-09-13T00:29:23.269+00:00,75.422225,0.015047,Chordcat 0,control_change,1,,,,11,84,,,,,,B0 0B 54,control_change channel=0 control=11 value=84 time=0
3000,2026-09-13T00:29:23.283+00:00,75.43624,0.014015,Chordcat 0,control_change,1,,,,11,80,,,,,,B0 0B 50,control_change channel=0 control=11 value=80 time=0
3001,2026-09-13T00:29:23.298+00:00,75.451755,0.015515,Chordcat 0,control_change,1,,,,11,75,,,,,,B0 0B 4B,control_change channel=0 control=11 value=75 time=0
3002,2026-09-13T00:29:23.313+00:00,75.466477,0.014721,Chordcat 0,control_change,1,,,,11,71,,,,,,B0 0B 47,control_change channel=0 control=11 value=71 time=0
3003,2026-09-13T00:29:23.328+00:00,75.481365,0.014888,Chordcat 0,control_change,1,,,,11,68,,,,,,B0 0B 44,control_change channel=0 control=11 value=68 time=0
3004,2026-09-13T00:29:23.342+00:00,75.495208,0.013843,Chordcat 0,control_change,1,,,,11,66,,,,,,B0 0B 42,control_change channel=0 control=11 value=66 time=0
3005,2026-09-13T00:29:23.357+00:00,75.51051,0.015302,Chordcat 0,control_change,1,,,,11,64,,,,,,B0 0B 40,control_change channel=0 control=11 value=64 time=0
3006,2026-09-13T00:29:23.371+00:00,75.525089,0.014578,Chordcat 0,control_change,1,,,,11,63,,,,,,B0 0B 3F,control_change channel=0 control=11 value=63 time=0
3007,2026-09-13T00:29:23.401+00:00,75.554378,0.02929,Chordcat 0,control_change,1,,,,11,127,,,,,,B0 0B 7F,control_change channel=0 control=11 value=127 time=0
3008,2026-09-13T00:29:23.445+00:00,75.598975,0.044596,Chordcat 0,note_on,2,36,C2,100,,,,,,,,91 24 64,note_on channel=1 note=36 velocity=100 time=0
3009,2026-09-13T00:29:23.445+00:00,75.599386,0.000411,Chordcat 0,note_on,2,52,E3,100,,,,,,,,91 34 64,note_on channel=1 note=52 velocity=100 time=0
3010,2026-09-13T00:29:23.445+00:00,75.599596,0.00021,Chordcat 0,note_on,2,55,G3,100,,,,,,,,91 37 64,note_on channel=1 note=55 velocity=100 time=0
3011,2026-09-13T00:29:23.445+00:00,75.599927,0.00033,Chordcat 0,note_on,2,59,B3,100,,,,,,,,91 3B 64,note_on channel=1 note=59 velocity=100 time=0
3012,2026-09-13T00:29:23.445+00:00,75.600251,0.000324,Chordcat 0,note_on,2,62,D4,100,,,,,,,,91 3E 64,note_on channel=1 note=62 velocity=100 time=0
3013,2026-09-13T00:29:23.548+00:00,75.702018,0.101767,Chordcat 0,control_change,1,,,,11,121,,,,,,B0 0B 79,control_change channel=0 control=11 value=121 time=0
3014,2026-09-13T00:29:23.563+00:00,75.716651,0.014634,Chordcat 0,control_change,1,,,,11,112,,,,,,B0 0B 70,control_change channel=0 control=11 value=112 time=0
3015,2026-09-13T00:29:23.578+00:00,75.731532,0.014881,Chordcat 0,control_change,1,,,,11,104,,,,,,B0 0B 68,control_change channel=0 control=11 value=104 time=0
3016,2026-09-13T00:29:23.592+00:00,75.7459,0.014368,Chordcat 0,control_change,1,,,,11,97,,,,,,B0 0B 61,control_change channel=0 control=11 value=97 time=0
3017,2026-09-13T00:29:23.607+00:00,75.760309,0.014408,Chordcat 0,control_change,1,,,,11,90,,,,,,B0 0B 5A,control_change channel=0 control=11 value=90 time=0
3018,2026-09-13T00:29:23.622+00:00,75.775454,0.015145,Chordcat 0,control_change,1,,,,11,84,,,,,,B0 0B 54,control_change channel=0 control=11 value=84 time=0
3019,2026-09-13T00:29:23.636+00:00,75.789495,0.014041,Chordcat 0,control_change,1,,,,11,79,,,,,,B0 0B 4F,control_change channel=0 control=11 value=79 time=0
3020,2026-09-13T00:29:23.651+00:00,75.804585,0.01509,Chordcat 0,control_change,1,,,,11,75,,,,,,B0 0B 4B,control_change channel=0 control=11 value=75 time=0
3021,2026-09-13T00:29:23.667+00:00,75.820235,0.01565,Chordcat 0,control_change,1,,,,11,71,,,,,,B0 0B 47,control_change channel=0 control=11 value=71 time=0
3022,2026-09-13T00:29:23.681+00:00,75.834127,0.013892,Chordcat 0,control_change,1,,,,11,68,,,,,,B0 0B 44,control_change channel=0 control=11 value=68 time=0
3023,2026-09-13T00:29:23.695+00:00,75.849012,0.014885,Chordcat 0,control_change,1,,,,11,66,,,,,,B0 0B 42,control_change channel=0 control=11 value=66 time=0
3024,2026-09-13T00:29:23.710+00:00,75.86343,0.014418,Chordcat 0,control_change,1,,,,11,64,,,,,,B0 0B 40,control_change channel=0 control=11 value=64 time=0
3025,2026-09-13T00:29:23.725+00:00,75.87858,0.01515,Chordcat 0,control_change,1,,,,11,63,,,,,,B0 0B 3F,control_change channel=0 control=11 value=63 time=0
3026,2026-09-13T00:29:23.754+00:00,75.907214,0.028634,Chordcat 0,control_change,1,,,,11,127,,,,,,B0 0B 7F,control_change channel=0 control=11 value=127 time=0
3027,2026-09-13T00:29:23.768+00:00,75.921986,0.014771,Chordcat 0,note_on,2,36,C2,0,,,,,,,,91 24 00,note_on channel=1 note=36 velocity=0 time=0
3028,2026-09-13T00:29:23.768+00:00,75.922579,0.000593,Chordcat 0,note_on,2,52,E3,0,,,,,,,,91 34 00,note_on channel=1 note=52 velocity=0 time=0
3029,2026-09-13T00:29:23.769+00:00,75.923041,0.000462,Chordcat 0,note_on,2,55,G3,0,,,,,,,,91 37 00,note_on channel=1 note=55 velocity=0 time=0
3030,2026-09-13T00:29:23.770+00:00,75.923341,0.0003,Chordcat 0,note_on,2,59,B3,0,,,,,,,,91 3B 00,note_on channel=1 note=59 velocity=0 time=0
3031,2026-09-13T00:29:23.770+00:00,75.92363,0.000288,Chordcat 0,note_on,2,62,D4,0,,,,,,,,91 3E 00,note_on channel=1 note=62 velocity=0 time=0
3032,2026-09-13T00:29:23.901+00:00,76.054221,0.130592,Chordcat 0,control_change,1,,,,11,121,,,,,,B0 0B 79,control_change channel=0 control=11 value=121 time=0
3033,2026-09-13T00:29:23.917+00:00,76.070254,0.016032,Chordcat 0,control_change,1,,,,11,112,,,,,,B0 0B 70,control_change channel=0 control=11 value=112 time=0
3034,2026-09-13T00:29:23.930+00:00,76.083182,0.012928,Chordcat 0,control_change,1,,,,11,104,,,,,,B0 0B 68,control_change channel=0 control=11 value=104 time=0
3035,2026-09-13T00:29:23.945+00:00,76.09855,0.015368,Chordcat 0,control_change,1,,,,11,97,,,,,,B0 0B 61,control_change channel=0 control=11 value=97 time=0
3036,2026-09-13T00:29:23.960+00:00,76.113508,0.014958,Chordcat 0,control_change,1,,,,11,90,,,,,,B0 0B 5A,control_change channel=0 control=11 value=90 time=0
3037,2026-09-13T00:29:23.975+00:00,76.128101,0.014592,Chordcat 0,control_change,1,,,,11,84,,,,,,B0 0B 54,control_change channel=0 control=11 value=84 time=0
3038,2026-09-13T00:29:23.989+00:00,76.142415,0.014315,Chordcat 0,control_change,1,,,,11,79,,,,,,B0 0B 4F,control_change channel=0 control=11 value=79 time=0
3039,2026-09-13T00:29:24.004+00:00,76.157915,0.0155,Chordcat 0,control_change,1,,,,11,75,,,,,,B0 0B 4B,control_change channel=0 control=11 value=75 time=0
3040,2026-09-13T00:29:24.019+00:00,76.172977,0.015061,Chordcat 0,control_change,1,,,,11,71,,,,,,B0 0B 47,control_change channel=0 control=11 value=71 time=0
3041,2026-09-13T00:29:24.033+00:00,76.186682,0.013705,Chordcat 0,control_change,1,,,,11,68,,,,,,B0 0B 44,control_change channel=0 control=11 value=68 time=0
3042,2026-09-13T00:29:24.047+00:00,76.200982,0.014299,Chordcat 0,control_change,1,,,,11,66,,,,,,B0 0B 42,control_change channel=0 control=11 value=66 time=0
3043,2026-09-13T00:29:24.063+00:00,76.216142,0.015161,Chordcat 0,control_change,1,,,,11,64,,,,,,B0 0B 40,control_change channel=0 control=11 value=64 time=0
3044,2026-09-13T00:29:24.078+00:00,76.23126,0.015118,Chordcat 0,control_change,1,,,,11,63,,,,,,B0 0B 3F,control_change channel=0 control=11 value=63 time=0
3045,2026-09-13T00:29:24.107+00:00,76.260292,0.029031,Chordcat 0,control_change,1,,,,11,127,,,,,,B0 0B 7F,control_change channel=0 control=11 value=127 time=0
3046,2026-09-13T00:29:24.254+00:00,76.407695,0.147403,Chordcat 0,control_change,1,,,,11,121,,,,,,B0 0B 79,control_change channel=0 control=11 value=121 time=0
3047,2026-09-13T00:29:24.269+00:00,76.422917,0.015222,Chordcat 0,control_change,1,,,,11,112,,,,,,B0 0B 70,control_change channel=0 control=11 value=112 time=0
3048,2026-09-13T00:29:24.284+00:00,76.437833,0.014917,Chordcat 0,control_change,1,,,,11,104,,,,,,B0 0B 68,control_change channel=0 control=11 value=104 time=0
3049,2026-09-13T00:29:24.298+00:00,76.45182,0.013987,Chordcat 0,control_change,1,,,,11,97,,,,,,B0 0B 61,control_change channel=0 control=11 value=97 time=0
3050,2026-09-13T00:29:24.312+00:00,76.466036,0.014216,Chordcat 0,control_change,1,,,,11,90,,,,,,B0 0B 5A,control_change channel=0 control=11 value=90 time=0
3051,2026-09-13T00:29:24.328+00:00,76.481744,0.015708,Chordcat 0,control_change,1,,,,11,84,,,,,,B0 0B 54,control_change channel=0 control=11 value=84 time=0
3052,2026-09-13T00:29:24.342+00:00,76.496068,0.014323,Chordcat 0,control_change,1,,,,11,79,,,,,,B0 0B 4F,control_change channel=0 control=11 value=79 time=0
3053,2026-09-13T00:29:24.356+00:00,76.510055,0.013988,Chordcat 0,control_change,1,,,,11,75,,,,,,B0 0B 4B,control_change channel=0 control=11 value=75 time=0
3054,2026-09-13T00:29:24.372+00:00,76.525639,0.015583,Chordcat 0,control_change,1,,,,11,71,,,,,,B0 0B 47,control_change channel=0 control=11 value=71 time=0
3055,2026-09-13T00:29:24.387+00:00,76.540699,0.01506,Chordcat 0,control_change,1,,,,11,68,,,,,,B0 0B 44,control_change channel=0 control=11 value=68 time=0
3056,2026-09-13T00:29:24.401+00:00,76.554274,0.013575,Chordcat 0,control_change,1,,,,11,66,,,,,,B0 0B 42,control_change channel=0 control=11 value=66 time=0
3057,2026-09-13T00:29:24.416+00:00,76.569897,0.015623,Chordcat 0,control_change,1,,,,11,64,,,,,,B0 0B 40,control_change channel=0 control=11 value=64 time=0
3058,2026-09-13T00:29:24.431+00:00,76.58484,0.014943,Chordcat 0,control_change,1,,,,11,63,,,,,,B0 0B 3F,control_change channel=0 control=11 value=63 time=0
3059,2026-09-13T00:29:24.460+00:00,76.613478,0.028638,Chordcat 0,control_change,1,,,,11,127,,,,,,B0 0B 7F,control_change channel=0 control=11 value=127 time=0
3060,2026-09-13T00:29:24.594+00:00,76.748056,0.134578,Chordcat 0,note_on,2,37,C#2,100,,,,,,,,91 25 64,note_on channel=1 note=37 velocity=100 time=0
3061,2026-09-13T00:29:24.594+00:00,76.74878,0.000723,Chordcat 0,note_on,2,53,F3,100,,,,,,,,91 35 64,note_on channel=1 note=53 velocity=100 time=0
3062,2026-09-13T00:29:24.596+00:00,76.749206,0.000427,Chordcat 0,note_on,2,56,G#3,100,,,,,,,,91 38 64,note_on channel=1 note=56 velocity=100 time=0
3063,2026-09-13T00:29:24.596+00:00,76.749617,0.000411,Chordcat 0,note_on,2,60,C4,100,,,,,,,,91 3C 64,note_on channel=1 note=60 velocity=100 time=0
3064,2026-09-13T00:29:24.596+00:00,76.749902,0.000285,Chordcat 0,note_on,2,63,D#4,100,,,,,,,,91 3F 64,note_on channel=1 note=63 velocity=100 time=0
3065,2026-09-13T00:29:24.607+00:00,76.760951,0.011049,Chordcat 0,control_change,1,,,,11,121,,,,,,B0 0B 79,control_change channel=0 control=11 value=121 time=0
3066,2026-09-13T00:29:24.621+00:00,76.775081,0.014131,Chordcat 0,control_change,1,,,,11,112,,,,,,B0 0B 70,control_change channel=0 control=11 value=112 time=0
3067,2026-09-13T00:29:24.637+00:00,76.790872,0.015791,Chordcat 0,control_change,1,,,,11,104,,,,,,B0 0B 68,control_change channel=0 control=11 value=104 time=0
3068,2026-09-13T00:29:24.652+00:00,76.805329,0.014457,Chordcat 0,control_change,1,,,,11,97,,,,,,B0 0B 61,control_change channel=0 control=11 value=97 time=0
3069,2026-09-13T00:29:24.666+00:00,76.819298,0.013968,Chordcat 0,control_change,1,,,,11,90,,,,,,B0 0B 5A,control_change channel=0 control=11 value=90 time=0
3070,2026-09-13T00:29:24.681+00:00,76.83444,0.015142,Chordcat 0,control_change,1,,,,11,84,,,,,,B0 0B 54,control_change channel=0 control=11 value=84 time=0
3071,2026-09-13T00:29:24.694+00:00,76.848032,0.013592,Chordcat 0,control_change,1,,,,11,79,,,,,,B0 0B 4F,control_change channel=0 control=11 value=79 time=0
3072,2026-09-13T00:29:24.709+00:00,76.863018,0.014986,Chordcat 0,control_change,1,,,,11,75,,,,,,B0 0B 4B,control_change channel=0 control=11 value=75 time=0
3073,2026-09-13T00:29:24.725+00:00,76.878216,0.015199,Chordcat 0,control_change,1,,,,11,71,,,,,,B0 0B 47,control_change channel=0 control=11 value=71 time=0
3074,2026-09-13T00:29:24.739+00:00,76.893023,0.014807,Chordcat 0,control_change,1,,,,11,68,,,,,,B0 0B 44,control_change channel=0 control=11 value=68 time=0
3075,2026-09-13T00:29:24.753+00:00,76.907062,0.014039,Chordcat 0,control_change,1,,,,11,66,,,,,,B0 0B 42,control_change channel=0 control=11 value=66 time=0
3076,2026-09-13T00:29:24.770+00:00,76.923234,0.016172,Chordcat 0,control_change,1,,,,11,64,,,,,,B0 0B 40,control_change channel=0 control=11 value=64 time=0
3077,2026-09-13T00:29:24.783+00:00,76.937039,0.013805,Chordcat 0,control_change,1,,,,11,63,,,,,,B0 0B 3F,control_change channel=0 control=11 value=63 time=0
3078,2026-09-13T00:29:24.813+00:00,76.966749,0.02971,Chordcat 0,control_change,1,,,,11,127,,,,,,B0 0B 7F,control_change channel=0 control=11 value=127 time=0
3079,2026-09-13T00:29:24.907+00:00,77.061026,0.094277,Chordcat 0,note_on,2,37,C#2,0,,,,,,,,91 25 00,note_on channel=1 note=37 velocity=0 time=0
3080,2026-09-13T00:29:24.907+00:00,77.061675,0.000648,Chordcat 0,note_on,2,53,F3,0,,,,,,,,91 35 00,note_on channel=1 note=53 velocity=0 time=0
3081,2026-09-13T00:29:24.908+00:00,77.062176,0.000501,Chordcat 0,note_on,2,56,G#3,0,,,,,,,,91 38 00,note_on channel=1 note=56 velocity=0 time=0
3082,2026-09-13T00:29:24.908+00:00,77.062437,0.000262,Chordcat 0,note_on,2,60,C4,0,,,,,,,,91 3C 00,note_on channel=1 note=60 velocity=0 time=0
3083,2026-09-13T00:29:24.908+00:00,77.062832,0.000395,Chordcat 0,note_on,2,63,D#4,0,,,,,,,,91 3F 00,note_on channel=1 note=63 velocity=0 time=0
3084,2026-09-13T00:29:24.960+00:00,77.11326,0.050428,Chordcat 0,control_change,1,,,,11,121,,,,,,B0 0B 79,control_change channel=0 control=11 value=121 time=0
3085,2026-09-13T00:29:24.975+00:00,77.128859,0.015598,Chordcat 0,control_change,1,,,,11,112,,,,,,B0 0B 70,control_change channel=0 control=11 value=112 time=0
3086,2026-09-13T00:29:24.990+00:00,77.143715,0.014856,Chordcat 0,control_change,1,,,,11,104,,,,,,B0 0B 68,control_change channel=0 control=11 value=104 time=0
3087,2026-09-13T00:29:25.004+00:00,77.157212,0.013497,Chordcat 0,control_change,1,,,,11,97,,,,,,B0 0B 61,control_change channel=0 control=11 value=97 time=0
3088,2026-09-13T00:29:25.020+00:00,77.17329,0.016078,Chordcat 0,control_change,1,,,,11,90,,,,,,B0 0B 5A,control_change channel=0 control=11 value=90 time=0
3089,2026-09-13T00:29:25.034+00:00,77.18787,0.01458,Chordcat 0,control_change,1,,,,11,84,,,,,,B0 0B 54,control_change channel=0 control=11 value=84 time=0
3090,2026-09-13T00:29:25.048+00:00,77.201791,0.013921,Chordcat 0,control_change,1,,,,11,79,,,,,,B0 0B 4F,control_change channel=0 control=11 value=79 time=0
3091,2026-09-13T00:29:25.063+00:00,77.216765,0.014974,Chordcat 0,control_change,1,,,,11,75,,,,,,B0 0B 4B,control_change channel=0 control=11 value=75 time=0
3092,2026-09-13T00:29:25.077+00:00,77.231075,0.01431,Chordcat 0,control_change,1,,,,11,71,,,,,,B0 0B 47,control_change channel=0 control=11 value=71 time=0
3093,2026-09-13T00:29:25.093+00:00,77.246448,0.015373,Chordcat 0,control_change,1,,,,11,68,,,,,,B0 0B 44,control_change channel=0 control=11 value=68 time=0
3094,2026-09-13T00:29:25.106+00:00,77.260064,0.013616,Chordcat 0,control_change,1,,,,11,66,,,,,,B0 0B 42,control_change channel=0 control=11 value=66 time=0
3095,2026-09-13T00:29:25.122+00:00,77.276173,0.01611,Chordcat 0,control_change,1,,,,11,64,,,,,,B0 0B 40,control_change channel=0 control=11 value=64 time=0
3096,2026-09-13T00:29:25.137+00:00,77.290571,0.014398,Chordcat 0,control_change,1,,,,11,63,,,,,,B0 0B 3F,control_change channel=0 control=11 value=63 time=0
3097,2026-09-13T00:29:25.166+00:00,77.319203,0.028631,Chordcat 0,control_change,1,,,,11,127,,,,,,B0 0B 7F,control_change channel=0 control=11 value=127 time=0
3098,2026-09-13T00:29:25.313+00:00,77.46672,0.147517,Chordcat 0,control_change,1,,,,11,121,,,,,,B0 0B 79,control_change channel=0 control=11 value=121 time=0
3099,2026-09-13T00:29:25.328+00:00,77.482009,0.01529,Chordcat 0,control_change,1,,,,11,112,,,,,,B0 0B 70,control_change channel=0 control=11 value=112 time=0
3100,2026-09-13T00:29:25.344+00:00,77.497234,0.015224,Chordcat 0,control_change,1,,,,11,104,,,,,,B0 0B 68,control_change channel=0 control=11 value=104 time=0
3101,2026-09-13T00:29:25.357+00:00,77.510685,0.013451,Chordcat 0,control_change,1,,,,11,97,,,,,,B0 0B 61,control_change channel=0 control=11 value=97 time=0
3102,2026-09-13T00:29:25.372+00:00,77.525887,0.015202,Chordcat 0,control_change,1,,,,11,90,,,,,,B0 0B 5A,control_change channel=0 control=11 value=90 time=0
3103,2026-09-13T00:29:25.386+00:00,77.540057,0.01417,Chordcat 0,control_change,1,,,,11,84,,,,,,B0 0B 54,control_change channel=0 control=11 value=84 time=0
3104,2026-09-13T00:29:25.402+00:00,77.555362,0.015305,Chordcat 0,control_change,1,,,,11,79,,,,,,B0 0B 4F,control_change channel=0 control=11 value=79 time=0
3105,2026-09-13T00:29:25.416+00:00,77.569385,0.014022,Chordcat 0,control_change,1,,,,11,75,,,,,,B0 0B 4B,control_change channel=0 control=11 value=75 time=0
3106,2026-09-13T00:29:25.431+00:00,77.584221,0.014837,Chordcat 0,control_change,1,,,,11,71,,,,,,B0 0B 47,control_change channel=0 control=11 value=71 time=0
3107,2026-09-13T00:29:25.446+00:00,77.599583,0.015362,Chordcat 0,control_change,1,,,,11,68,,,,,,B0 0B 44,control_change channel=0 control=11 value=68 time=0
3108,2026-09-13T00:29:25.460+00:00,77.613322,0.013739,Chordcat 0,control_change,1,,,,11,66,,,,,,B0 0B 42,control_change channel=0 control=11 value=66 time=0
3109,2026-09-13T00:29:25.475+00:00,77.628396,0.015074,Chordcat 0,control_change,1,,,,11,64,,,,,,B0 0B 40,control_change channel=0 control=11 value=64 time=0
3110,2026-09-13T00:29:25.490+00:00,77.643271,0.014875,Chordcat 0,control_change,1,,,,11,63,,,,,,B0 0B 3F,control_change channel=0 control=11 value=63 time=0
3111,2026-09-13T00:29:25.518+00:00,77.672012,0.028741,Chordcat 0,control_change,1,,,,11,127,,,,,,B0 0B 7F,control_change channel=0 control=11 value=127 time=0
3112,2026-09-13T00:29:25.666+00:00,77.819808,0.147795,Chordcat 0,control_change,1,,,,11,121,,,,,,B0 0B 79,control_change channel=0 control=11 value=121 time=0
3113,2026-09-13T00:29:25.681+00:00,77.834945,0.015138,Chordcat 0,control_change,1,,,,11,112,,,,,,B0 0B 70,control_change channel=0 control=11 value=112 time=0
3114,2026-09-13T00:29:25.696+00:00,77.849129,0.014184,Chordcat 0,control_change,1,,,,11,104,,,,,,B0 0B 68,control_change channel=0 control=11 value=104 time=0
3115,2026-09-13T00:29:25.710+00:00,77.863314,0.014185,Chordcat 0,control_change,1,,,,11,97,,,,,,B0 0B 61,control_change channel=0 control=11 value=97 time=0
3116,2026-09-13T00:29:25.725+00:00,77.878167,0.014852,Chordcat 0,control_change,1,,,,11,90,,,,,,B0 0B 5A,control_change channel=0 control=11 value=90 time=0
3117,2026-09-13T00:29:25.740+00:00,77.893332,0.015165,Chordcat 0,control_change,1,,,,11,84,,,,,,B0 0B 54,control_change channel=0 control=11 value=84 time=0
3118,2026-09-13T00:29:25.755+00:00,77.908717,0.015385,Chordcat 0,control_change,1,,,,11,79,,,,,,B0 0B 4F,control_change channel=0 control=11 value=79 time=0
3119,2026-09-13T00:29:25.769+00:00,77.92277,0.014053,Chordcat 0,control_change,1,,,,11,75,,,,,,B0 0B 4B,control_change channel=0 control=11 value=75 time=0
3120,2026-09-13T00:29:25.784+00:00,77.937836,0.015066,Chordcat 0,control_change,1,,,,11,71,,,,,,B0 0B 47,control_change channel=0 control=11 value=71 time=0
3121,2026-09-13T00:29:25.800+00:00,77.953225,0.015389,Chordcat 0,control_change,1,,,,11,68,,,,,,B0 0B 44,control_change channel=0 control=11 value=68 time=0
3122,2026-09-13T00:29:25.813+00:00,77.966155,0.01293,Chordcat 0,control_change,1,,,,11,66,,,,,,B0 0B 42,control_change channel=0 control=11 value=66 time=0
3123,2026-09-13T00:29:25.828+00:00,77.981453,0.015298,Chordcat 0,control_change,1,,,,11,64,,,,,,B0 0B 40,control_change channel=0 control=11 value=64 time=0
3124,2026-09-13T00:29:25.842+00:00,77.995904,0.014451,Chordcat 0,note_on,2,38,D2,100,,,,,,,,91 26 64,note_on channel=1 note=38 velocity=100 time=0
3125,2026-09-13T00:29:25.842+00:00,77.996293,0.000389,Chordcat 0,note_on,2,54,F#3,100,,,,,,,,91 36 64,note_on channel=1 note=54 velocity=100 time=0
3126,2026-09-13T00:29:25.842+00:00,77.99662,0.000327,Chordcat 0,note_on,2,57,A3,100,,,,,,,,91 39 64,note_on channel=1 note=57 velocity=100 time=0
3127,2026-09-13T00:29:25.842+00:00,77.996897,0.000276,Chordcat 0,note_on,2,61,C#4,100,,,,,,,,91 3D 64,note_on channel=1 note=61 velocity=100 time=0
3128,2026-09-13T00:29:25.842+00:00,77.997084,0.000188,Chordcat 0,note_on,2,64,E4,100,,,,,,,,91 40 64,note_on channel=1 note=64 velocity=100 time=0
3129,2026-09-13T00:29:25.842+00:00,77.997285,0.000201,Chordcat 0,control_change,1,,,,11,63,,,,,,B0 0B 3F,control_change channel=0 control=11 value=63 time=0
3130,2026-09-13T00:29:25.872+00:00,78.025289,0.028004,Chordcat 0,control_change,1,,,,11,127,,,,,,B0 0B 7F,control_change channel=0 control=11 value=127 time=0
3131,2026-09-13T00:29:26.019+00:00,78.172738,0.147449,Chordcat 0,control_change,1,,,,11,121,,,,,,B0 0B 79,control_change channel=0 control=11 value=121 time=0
3132,2026-09-13T00:29:26.034+00:00,78.187485,0.014748,Chordcat 0,control_change,1,,,,11,112,,,,,,B0 0B 70,control_change channel=0 control=11 value=112 time=0
3133,2026-09-13T00:29:26.049+00:00,78.202956,0.015471,Chordcat 0,control_change,1,,,,11,104,,,,,,B0 0B 68,control_change channel=0 control=11 value=104 time=0
3134,2026-09-13T00:29:26.063+00:00,78.216965,0.014009,Chordcat 0,control_change,1,,,,11,97,,,,,,B0 0B 61,control_change channel=0 control=11 value=97 time=0
3135,2026-09-13T00:29:26.078+00:00,78.231386,0.014421,Chordcat 0,control_change,1,,,,11,90,,,,,,B0 0B 5A,control_change channel=0 control=11 value=90 time=0
3136,2026-09-13T00:29:26.093+00:00,78.246524,0.015138,Chordcat 0,control_change,1,,,,11,84,,,,,,B0 0B 54,control_change channel=0 control=11 value=84 time=0
3137,2026-09-13T00:29:26.108+00:00,78.261316,0.014792,Chordcat 0,control_change,1,,,,11,79,,,,,,B0 0B 4F,control_change channel=0 control=11 value=79 time=0
3138,2026-09-13T00:29:26.110+00:00,78.26408,0.002764,Chordcat 0,note_on,2,38,D2,0,,,,,,,,91 26 00,note_on channel=1 note=38 velocity=0 time=0
3139,2026-09-13T00:29:26.110+00:00,78.264533,0.000453,Chordcat 0,note_on,2,54,F#3,0,,,,,,,,91 36 00,note_on channel=1 note=54 velocity=0 time=0
3140,2026-09-13T00:29:26.110+00:00,78.264823,0.000291,Chordcat 0,note_on,2,57,A3,0,,,,,,,,91 39 00,note_on channel=1 note=57 velocity=0 time=0
3141,2026-09-13T00:29:26.111+00:00,78.265096,0.000273,Chordcat 0,note_on,2,61,C#4,0,,,,,,,,91 3D 00,note_on channel=1 note=61 velocity=0 time=0
3142,2026-09-13T00:29:26.111+00:00,78.265368,0.000272,Chordcat 0,note_on,2,64,E4,0,,,,,,,,91 40 00,note_on channel=1 note=64 velocity=0 time=0
3143,2026-09-13T00:29:26.122+00:00,78.27587,0.010502,Chordcat 0,control_change,1,,,,11,75,,,,,,B0 0B 4B,control_change channel=0 control=11 value=75 time=0
3144,2026-09-13T00:29:26.137+00:00,78.290347,0.014478,Chordcat 0,control_change,1,,,,11,71,,,,,,B0 0B 47,control_change channel=0 control=11 value=71 time=0
3145,2026-09-13T00:29:26.152+00:00,78.30571,0.015362,Chordcat 0,control_change,1,,,,11,68,,,,,,B0 0B 44,control_change channel=0 control=11 value=68 time=0
3146,2026-09-13T00:29:26.166+00:00,78.32022,0.014511,Chordcat 0,control_change,1,,,,11,66,,,,,,B0 0B 42,control_change channel=0 control=11 value=66 time=0
3147,2026-09-13T00:29:26.181+00:00,78.334845,0.014625,Chordcat 0,control_change,1,,,,11,64,,,,,,B0 0B 40,control_change channel=0 control=11 value=64 time=0
3148,2026-09-13T00:29:26.196+00:00,78.349865,0.01502,Chordcat 0,control_change,1,,,,11,63,,,,,,B0 0B 3F,control_change channel=0 control=11 value=63 time=0
3149,2026-09-13T00:29:26.224+00:00,78.378226,0.02836,Chordcat 0,control_change,1,,,,11,127,,,,,,B0 0B 7F,control_change channel=0 control=11 value=127 time=0
3150,2026-09-13T00:29:26.372+00:00,78.525833,0.147607,Chordcat 0,control_change,1,,,,11,121,,,,,,B0 0B 79,control_change channel=0 control=11 value=121 time=0
3151,2026-09-13T00:29:26.386+00:00,78.540062,0.014229,Chordcat 0,control_change,1,,,,11,112,,,,,,B0 0B 70,control_change channel=0 control=11 value=112 time=0
3152,2026-09-13T00:29:26.402+00:00,78.555195,0.015133,Chordcat 0,control_change,1,,,,11,104,,,,,,B0 0B 68,control_change channel=0 control=11 value=104 time=0
3153,2026-09-13T00:29:26.417+00:00,78.570539,0.015344,Chordcat 0,control_change,1,,,,11,96,,,,,,B0 0B 60,control_change channel=0 control=11 value=96 time=0
3154,2026-09-13T00:29:26.431+00:00,78.5847,0.014161,Chordcat 0,control_change,1,,,,11,90,,,,,,B0 0B 5A,control_change channel=0 control=11 value=90 time=0
3155,2026-09-13T00:29:26.446+00:00,78.599627,0.014927,Chordcat 0,control_change,1,,,,11,84,,,,,,B0 0B 54,control_change channel=0 control=11 value=84 time=0
3156,2026-09-13T00:29:26.461+00:00,78.614349,0.014723,Chordcat 0,control_change,1,,,,11,79,,,,,,B0 0B 4F,control_change channel=0 control=11 value=79 time=0
3157,2026-09-13T00:29:26.475+00:00,78.628666,0.014317,Chordcat 0,control_change,1,,,,11,75,,,,,,B0 0B 4B,control_change channel=0 control=11 value=75 time=0
3158,2026-09-13T00:29:26.490+00:00,78.644021,0.015355,Chordcat 0,control_change,1,,,,11,71,,,,,,B0 0B 47,control_change channel=0 control=11 value=71 time=0
3159,2026-09-13T00:29:26.504+00:00,78.658017,0.013995,Chordcat 0,control_change,1,,,,11,68,,,,,,B0 0B 44,control_change channel=0 control=11 value=68 time=0
3160,2026-09-13T00:29:26.518+00:00,78.672023,0.014006,Chordcat 0,control_change,1,,,,11,66,,,,,,B0 0B 42,control_change channel=0 control=11 value=66 time=0
3161,2026-09-13T00:29:26.533+00:00,78.687041,0.015018,Chordcat 0,control_change,1,,,,11,64,,,,,,B0 0B 40,control_change channel=0 control=11 value=64 time=0
3162,2026-09-13T00:29:26.550+00:00,78.703287,0.016246,Chordcat 0,control_change,1,,,,11,63,,,,,,B0 0B 3F,control_change channel=0 control=11 value=63 time=0
3163,2026-09-13T00:29:26.578+00:00,78.731168,0.027881,Chordcat 0,control_change,1,,,,11,127,,,,,,B0 0B 7F,control_change channel=0 control=11 value=127 time=0
3164,2026-09-13T00:29:26.725+00:00,78.878482,0.147314,Chordcat 0,control_change,1,,,,11,121,,,,,,B0 0B 79,control_change channel=0 control=11 value=121 time=0
3165,2026-09-13T00:29:26.740+00:00,78.893268,0.014786,Chordcat 0,control_change,1,,,,11,112,,,,,,B0 0B 70,control_change channel=0 control=11 value=112 time=0
3166,2026-09-13T00:29:26.755+00:00,78.908227,0.014959,Chordcat 0,control_change,1,,,,11,104,,,,,,B0 0B 68,control_change channel=0 control=11 value=104 time=0
3167,2026-09-13T00:29:26.770+00:00,78.923277,0.01505,Chordcat 0,control_change,1,,,,11,97,,,,,,B0 0B 61,control_change channel=0 control=11 value=97 time=0
3168,2026-09-13T00:29:26.784+00:00,78.937429,0.014152,Chordcat 0,control_change,1,,,,11,90,,,,,,B0 0B 5A,control_change channel=0 control=11 value=90 time=0
3169,2026-09-13T00:29:26.799+00:00,78.952122,0.014693,Chordcat 0,control_change,1,,,,11,84,,,,,,B0 0B 54,control_change channel=0 control=11 value=84 time=0
3170,2026-09-13T00:29:26.803+00:00,78.956179,0.004057,Chordcat 0,note_on,2,43,G2,100,,,,,,,,91 2B 64,note_on channel=1 note=43 velocity=100 time=0
3171,2026-09-13T00:29:26.803+00:00,78.956592,0.000413,Chordcat 0,note_on,2,59,B3,100,,,,,,,,91 3B 64,note_on channel=1 note=59 velocity=100 time=0
3172,2026-09-13T00:29:26.803+00:00,78.956923,0.000331,Chordcat 0,note_on,2,62,D4,100,,,,,,,,91 3E 64,note_on channel=1 note=62 velocity=100 time=0
3173,2026-09-13T00:29:26.804+00:00,78.957308,0.000385,Chordcat 0,note_on,2,66,F#4,100,,,,,,,,91 42 64,note_on channel=1 note=66 velocity=100 time=0
3174,2026-09-13T00:29:26.804+00:00,78.957661,0.000354,Chordcat 0,note_on,2,69,A4,100,,,,,,,,91 45 64,note_on channel=1 note=69 velocity=100 time=0
3175,2026-09-13T00:29:26.813+00:00,78.96708,0.009418,Chordcat 0,control_change,1,,,,11,79,,,,,,B0 0B 4F,control_change channel=0 control=11 value=79 time=0
3176,2026-09-13T00:29:26.828+00:00,78.981809,0.014729,Chordcat 0,control_change,1,,,,11,75,,,,,,B0 0B 4B,control_change channel=0 control=11 value=75 time=0
3177,2026-09-13T00:29:26.843+00:00,78.996894,0.015084,Chordcat 0,control_change,1,,,,11,71,,,,,,B0 0B 47,control_change channel=0 control=11 value=71 time=0
3178,2026-09-13T00:29:26.858+00:00,79.011178,0.014284,Chordcat 0,control_change,1,,,,11,68,,,,,,B0 0B 44,control_change channel=0 control=11 value=68 time=0
3179,2026-09-13T00:29:26.872+00:00,79.025674,0.014496,Chordcat 0,control_change,1,,,,11,66,,,,,,B0 0B 42,control_change channel=0 control=11 value=66 time=0
3180,2026-09-13T00:29:26.887+00:00,79.040335,0.01466,Chordcat 0,control_change,1,,,,11,64,,,,,,B0 0B 40,control_change channel=0 control=11 value=64 time=0
3181,2026-09-13T00:29:26.902+00:00,79.055662,0.015328,Chordcat 0,control_change,1,,,,11,63,,,,,,B0 0B 3F,control_change channel=0 control=11 value=63 time=0
3182,2026-09-13T00:29:26.931+00:00,79.084208,0.028545,Chordcat 0,control_change,1,,,,11,127,,,,,,B0 0B 7F,control_change channel=0 control=11 value=127 time=0
3183,2026-09-13T00:29:27.079+00:00,79.232822,0.148615,Chordcat 0,control_change,1,,,,11,120,,,,,,B0 0B 78,control_change channel=0 control=11 value=120 time=0
3184,2026-09-13T00:29:27.092+00:00,79.246095,0.013273,Chordcat 0,control_change,1,,,,11,112,,,,,,B0 0B 70,control_change channel=0 control=11 value=112 time=0
3185,2026-09-13T00:29:27.108+00:00,79.261292,0.015197,Chordcat 0,control_change,1,,,,11,104,,,,,,B0 0B 68,control_change channel=0 control=11 value=104 time=0
3186,2026-09-13T00:29:27.123+00:00,79.276919,0.015626,Chordcat 0,control_change,1,,,,11,97,,,,,,B0 0B 61,control_change channel=0 control=11 value=97 time=0
3187,2026-09-13T00:29:27.132+00:00,79.285288,0.008369,Chordcat 0,note_on,2,43,G2,0,,,,,,,,91 2B 00,note_on channel=1 note=43 velocity=0 time=0
3188,2026-09-13T00:29:27.132+00:00,79.28571,0.000422,Chordcat 0,note_on,2,59,B3,0,,,,,,,,91 3B 00,note_on channel=1 note=59 velocity=0 time=0
3189,2026-09-13T00:29:27.132+00:00,79.286081,0.000372,Chordcat 0,note_on,2,62,D4,0,,,,,,,,91 3E 00,note_on channel=1 note=62 velocity=0 time=0
3190,2026-09-13T00:29:27.132+00:00,79.28629,0.000209,Chordcat 0,note_on,2,66,F#4,0,,,,,,,,91 42 00,note_on channel=1 note=66 velocity=0 time=0
3191,2026-09-13T00:29:27.132+00:00,79.286505,0.000215,Chordcat 0,note_on,2,69,A4,0,,,,,,,,91 45 00,note_on channel=1 note=69 velocity=0 time=0
3192,2026-09-13T00:29:27.137+00:00,79.290123,0.003618,Chordcat 0,control_change,1,,,,11,90,,,,,,B0 0B 5A,control_change channel=0 control=11 value=90 time=0
3193,2026-09-13T00:29:27.152+00:00,79.305702,0.015579,Chordcat 0,control_change,1,,,,11,84,,,,,,B0 0B 54,control_change channel=0 control=11 value=84 time=0
3194,2026-09-13T00:29:27.166+00:00,79.319998,0.014296,Chordcat 0,control_change,1,,,,11,79,,,,,,B0 0B 4F,control_change channel=0 control=11 value=79 time=0
3195,2026-09-13T00:29:27.181+00:00,79.334332,0.014334,Chordcat 0,control_change,1,,,,11,75,,,,,,B0 0B 4B,control_change channel=0 control=11 value=75 time=0
3196,2026-09-13T00:29:27.195+00:00,79.349093,0.014761,Chordcat 0,control_change,1,,,,11,71,,,,,,B0 0B 47,control_change channel=0 control=11 value=71 time=0
3197,2026-09-13T00:29:27.211+00:00,79.36476,0.015668,Chordcat 0,control_change,1,,,,11,68,,,,,,B0 0B 44,control_change channel=0 control=11 value=68 time=0
3198,2026-09-13T00:29:27.226+00:00,79.379191,0.014431,Chordcat 0,control_change,1,,,,11,66,,,,,,B0 0B 42,control_change channel=0 control=11 value=66 time=0
3199,2026-09-13T00:29:27.240+00:00,79.393148,0.013957,Chordcat 0,control_change,1,,,,11,64,,,,,,B0 0B 40,control_change channel=0 control=11 value=64 time=0
3200,2026-09-13T00:29:27.254+00:00,79.407944,0.014796,Chordcat 0,control_change,1,,,,11,63,,,,,,B0 0B 3F,control_change channel=0 control=11 value=63 time=0
3201,2026-09-13T00:29:27.284+00:00,79.437878,0.029934,Chordcat 0,control_change,1,,,,11,127,,,,,,B0 0B 7F,control_change channel=0 control=11 value=127 time=0
3202,2026-09-13T00:29:27.431+00:00,79.584344,0.146466,Chordcat 0,control_change,1,,,,11,121,,,,,,B0 0B 79,control_change channel=0 control=11 value=121 time=0
3203,2026-09-13T00:29:27.446+00:00,79.599996,0.015652,Chordcat 0,control_change,1,,,,11,112,,,,,,B0 0B 70,control_change channel=0 control=11 value=112 time=0
3204,2026-09-13T00:29:27.461+00:00,79.614904,0.014909,Chordcat 0,control_change,1,,,,11,104,,,,,,B0 0B 68,control_change channel=0 control=11 value=104 time=0
3205,2026-09-13T00:29:27.476+00:00,79.629736,0.014832,Chordcat 0,control_change,1,,,,11,96,,,,,,B0 0B 60,control_change channel=0 control=11 value=96 time=0
3206,2026-09-13T00:29:27.490+00:00,79.643597,0.013861,Chordcat 0,control_change,1,,,,11,90,,,,,,B0 0B 5A,control_change channel=0 control=11 value=90 time=0
3207,2026-09-13T00:29:27.505+00:00,79.658823,0.015226,Chordcat 0,control_change,1,,,,11,84,,,,,,B0 0B 54,control_change channel=0 control=11 value=84 time=0
3208,2026-09-13T00:29:27.519+00:00,79.672905,0.014082,Chordcat 0,control_change,1,,,,11,79,,,,,,B0 0B 4F,control_change channel=0 control=11 value=79 time=0
3209,2026-09-13T00:29:27.534+00:00,79.687519,0.014614,Chordcat 0,control_change,1,,,,11,75,,,,,,B0 0B 4B,control_change channel=0 control=11 value=75 time=0
3210,2026-09-13T00:29:27.549+00:00,79.703033,0.015514,Chordcat 0,control_change,1,,,,11,71,,,,,,B0 0B 47,control_change channel=0 control=11 value=71 time=0
3211,2026-09-13T00:29:27.564+00:00,79.717781,0.014748,Chordcat 0,control_change,1,,,,11,68,,,,,,B0 0B 44,control_change channel=0 control=11 value=68 time=0
3212,2026-09-13T00:29:27.578+00:00,79.731999,0.014218,Chordcat 0,control_change,1,,,,11,65,,,,,,B0 0B 41,control_change channel=0 control=11 value=65 time=0
3213,2026-09-13T00:29:27.593+00:00,79.746494,0.014495,Chordcat 0,control_change,1,,,,11,64,,,,,,B0 0B 40,control_change channel=0 control=11 value=64 time=0
3214,2026-09-13T00:29:27.608+00:00,79.761865,0.015372,Chordcat 0,control_change,1,,,,11,63,,,,,,B0 0B 3F,control_change channel=0 control=11 value=63 time=0
3215,2026-09-13T00:29:27.637+00:00,79.790255,0.02839,Chordcat 0,control_change,1,,,,11,127,,,,,,B0 0B 7F,control_change channel=0 control=11 value=127 time=0
3216,2026-09-13T00:29:27.783+00:00,79.936968,0.146713,Chordcat 0,control_change,1,,,,11,121,,,,,,B0 0B 79,control_change channel=0 control=11 value=121 time=0
3217,2026-09-13T00:29:27.799+00:00,79.952971,0.016003,Chordcat 0,control_change,1,,,,11,112,,,,,,B0 0B 70,control_change channel=0 control=11 value=112 time=0
3218,2026-09-13T00:29:27.814+00:00,79.967796,0.014825,Chordcat 0,control_change,1,,,,11,104,,,,,,B0 0B 68,control_change channel=0 control=11 value=104 time=0
3219,2026-09-13T00:29:27.830+00:00,79.98354,0.015744,Chordcat 0,control_change,1,,,,11,96,,,,,,B0 0B 60,control_change channel=0 control=11 value=96 time=0
3220,2026-09-13T00:29:27.843+00:00,79.996221,0.01268,Chordcat 0,control_change,1,,,,11,90,,,,,,B0 0B 5A,control_change channel=0 control=11 value=90 time=0
3221,2026-09-13T00:29:27.858+00:00,80.011128,0.014907,Chordcat 0,control_change,1,,,,11,84,,,,,,B0 0B 54,control_change channel=0 control=11 value=84 time=0
3222,2026-09-13T00:29:27.873+00:00,80.026489,0.015361,Chordcat 0,control_change,1,,,,11,79,,,,,,B0 0B 4F,control_change channel=0 control=11 value=79 time=0
3223,2026-09-13T00:29:27.887+00:00,80.040813,0.014324,Chordcat 0,control_change,1,,,,11,75,,,,,,B0 0B 4B,control_change channel=0 control=11 value=75 time=0
3224,2026-09-13T00:29:27.902+00:00,80.055645,0.014832,Chordcat 0,control_change,1,,,,11,71,,,,,,B0 0B 47,control_change channel=0 control=11 value=71 time=0
3225,2026-09-13T00:29:27.917+00:00,80.070569,0.014924,Chordcat 0,control_change,1,,,,11,68,,,,,,B0 0B 44,control_change channel=0 control=11 value=68 time=0
3226,2026-09-13T00:29:27.930+00:00,80.084148,0.01358,Chordcat 0,control_change,1,,,,11,66,,,,,,B0 0B 42,control_change channel=0 control=11 value=66 time=0
3227,2026-09-13T00:29:27.946+00:00,80.099698,0.01555,Chordcat 0,control_change,1,,,,11,64,,,,,,B0 0B 40,control_change channel=0 control=11 value=64 time=0
3228,2026-09-13T00:29:27.960+00:00,80.114153,0.014455,Chordcat 0,control_change,1,,,,11,63,,,,,,B0 0B 3F,control_change channel=0 control=11 value=63 time=0
3229,2026-09-13T00:29:27.991+00:00,80.144631,0.030477,Chordcat 0,control_change,1,,,,11,127,,,,,,B0 0B 7F,control_change channel=0 control=11 value=127 time=0
3230,2026-09-13T00:29:28.138+00:00,80.291781,0.147151,Chordcat 0,control_change,1,,,,11,121,,,,,,B0 0B 79,control_change channel=0 control=11 value=121 time=0
3231,2026-09-13T00:29:28.151+00:00,80.305058,0.013277,Chordcat 0,control_change,1,,,,11,112,,,,,,B0 0B 70,control_change channel=0 control=11 value=112 time=0
3232,2026-09-13T00:29:28.167+00:00,80.320163,0.015105,Chordcat 0,control_change,1,,,,11,104,,,,,,B0 0B 68,control_change channel=0 control=11 value=104 time=0
3233,2026-09-13T00:29:28.182+00:00,80.335221,0.015058,Chordcat 0,control_change,1,,,,11,97,,,,,,B0 0B 61,control_change channel=0 control=11 value=97 time=0
3234,2026-09-13T00:29:28.196+00:00,80.349774,0.014553,Chordcat 0,control_change,1,,,,11,91,,,,,,B0 0B 5B,control_change channel=0 control=11 value=91 time=0
3235,2026-09-13T00:29:28.211+00:00,80.365096,0.015323,Chordcat 0,control_change,1,,,,11,85,,,,,,B0 0B 55,control_change channel=0 control=11 value=85 time=0
3236,2026-09-13T00:29:28.225+00:00,80.378954,0.013858,Chordcat 0,control_change,1,,,,11,79,,,,,,B0 0B 4F,control_change channel=0 control=11 value=79 time=0
3237,2026-09-13T00:29:28.241+00:00,80.394304,0.01535,Chordcat 0,control_change,1,,,,11,75,,,,,,B0 0B 4B,control_change channel=0 control=11 value=75 time=0
3238,2026-09-13T00:29:28.256+00:00,80.409151,0.014847,Chordcat 0,control_change,1,,,,11,71,,,,,,B0 0B 47,control_change channel=0 control=11 value=71 time=0
3239,2026-09-13T00:29:28.270+00:00,80.423787,0.014636,Chordcat 0,control_change,1,,,,11,68,,,,,,B0 0B 44,control_change channel=0 control=11 value=68 time=0
3240,2026-09-13T00:29:28.284+00:00,80.437926,0.01414,Chordcat 0,control_change,1,,,,11,66,,,,,,B0 0B 42,control_change channel=0 control=11 value=66 time=0
3241,2026-09-13T00:29:28.298+00:00,80.451961,0.014035,Chordcat 0,control_change,1,,,,11,64,,,,,,B0 0B 40,control_change channel=0 control=11 value=64 time=0
3242,2026-09-13T00:29:28.313+00:00,80.466965,0.015004,Chordcat 0,control_change,1,,,,11,63,,,,,,B0 0B 3F,control_change channel=0 control=11 value=63 time=0
3243,2026-09-13T00:29:28.345+00:00,80.498291,0.031326,Chordcat 0,control_change,1,,,,11,127,,,,,,B0 0B 7F,control_change channel=0 control=11 value=127 time=0
3244,2026-09-13T00:29:28.491+00:00,80.644539,0.146248,Chordcat 0,control_change,1,,,,11,121,,,,,,B0 0B 79,control_change channel=0 control=11 value=121 time=0
3245,2026-09-13T00:29:28.505+00:00,80.659084,0.014546,Chordcat 0,control_change,1,,,,11,112,,,,,,B0 0B 70,control_change channel=0 control=11 value=112 time=0
3246,2026-09-13T00:29:28.519+00:00,80.672885,0.013801,Chordcat 0,control_change,1,,,,11,104,,,,,,B0 0B 68,control_change channel=0 control=11 value=104 time=0
3247,2026-09-13T00:29:28.535+00:00,80.689086,0.016201,Chordcat 0,control_change,1,,,,11,97,,,,,,B0 0B 61,control_change channel=0 control=11 value=97 time=0
3248,2026-09-13T00:29:28.549+00:00,80.702515,0.013429,Chordcat 0,control_change,1,,,,11,91,,,,,,B0 0B 5B,control_change channel=0 control=11 value=91 time=0
3249,2026-09-13T00:29:28.564+00:00,80.717732,0.015217,Chordcat 0,control_change,1,,,,11,85,,,,,,B0 0B 55,control_change channel=0 control=11 value=85 time=0
3250,2026-09-13T00:29:28.578+00:00,80.731908,0.014176,Chordcat 0,control_change,1,,,,11,79,,,,,,B0 0B 4F,control_change channel=0 control=11 value=79 time=0
3251,2026-09-13T00:29:28.594+00:00,80.747612,0.015704,Chordcat 0,control_change,1,,,,11,75,,,,,,B0 0B 4B,control_change channel=0 control=11 value=75 time=0
3252,2026-09-13T00:29:28.607+00:00,80.761033,0.013422,Chordcat 0,control_change,1,,,,11,71,,,,,,B0 0B 47,control_change channel=0 control=11 value=71 time=0
3253,2026-09-13T00:29:28.623+00:00,80.776946,0.015913,Chordcat 0,control_change,1,,,,11,68,,,,,,B0 0B 44,control_change channel=0 control=11 value=68 time=0
3254,2026-09-13T00:29:28.637+00:00,80.790909,0.013963,Chordcat 0,control_change,1,,,,11,66,,,,,,B0 0B 42,control_change channel=0 control=11 value=66 time=0
3255,2026-09-13T00:29:28.652+00:00,80.805954,0.015044,Chordcat 0,control_change,1,,,,11,64,,,,,,B0 0B 40,control_change channel=0 control=11 value=64 time=0
3256,2026-09-13T00:29:28.667+00:00,80.82037,0.014417,Chordcat 0,control_change,1,,,,11,63,,,,,,B0 0B 3F,control_change channel=0 control=11 value=63 time=0
3257,2026-09-13T00:29:28.696+00:00,80.849688,0.029317,Chordcat 0,control_change,1,,,,11,127,,,,,,B0 0B 7F,control_change channel=0 control=11 value=127 time=0
3258,2026-09-13T00:29:28.844+00:00,80.997533,0.147846,Chordcat 0,control_change,1,,,,11,120,,,,,,B0 0B 78,control_change channel=0 control=11 value=120 time=0
3259,2026-09-13T00:29:28.858+00:00,81.011272,0.013739,Chordcat 0,control_change,1,,,,11,112,,,,,,B0 0B 70,control_change channel=0 control=11 value=112 time=0
3260,2026-09-13T00:29:28.873+00:00,81.02642,0.015148,Chordcat 0,control_change,1,,,,11,104,,,,,,B0 0B 68,control_change channel=0 control=11 value=104 time=0
3261,2026-09-13T00:29:28.888+00:00,81.041441,0.015021,Chordcat 0,control_change,1,,,,11,97,,,,,,B0 0B 61,control_change channel=0 control=11 value=97 time=0
3262,2026-09-13T00:29:28.903+00:00,81.057007,0.015566,Chordcat 0,control_change,1,,,,11,90,,,,,,B0 0B 5A,control_change channel=0 control=11 value=90 time=0
3263,2026-09-13T00:29:28.917+00:00,81.070368,0.013361,Chordcat 0,control_change,1,,,,11,84,,,,,,B0 0B 54,control_change channel=0 control=11 value=84 time=0
3264,2026-09-13T00:29:28.931+00:00,81.085057,0.014689,Chordcat 0,control_change,1,,,,11,79,,,,,,B0 0B 4F,control_change channel=0 control=11 value=79 time=0
3265,2026-09-13T00:29:28.946+00:00,81.099907,0.01485,Chordcat 0,control_change,1,,,,11,75,,,,,,B0 0B 4B,control_change channel=0 control=11 value=75 time=0
3266,2026-09-13T00:29:28.961+00:00,81.114322,0.014415,Chordcat 0,control_change,1,,,,11,71,,,,,,B0 0B 47,control_change channel=0 control=11 value=71 time=0
3267,2026-09-13T00:29:28.976+00:00,81.129699,0.015377,Chordcat 0,control_change,1,,,,11,68,,,,,,B0 0B 44,control_change channel=0 control=11 value=68 time=0
3268,2026-09-13T00:29:28.992+00:00,81.145204,0.015505,Chordcat 0,control_change,1,,,,11,66,,,,,,B0 0B 42,control_change channel=0 control=11 value=66 time=0
3269,2026-09-13T00:29:29.005+00:00,81.159124,0.01392,Chordcat 0,control_change,1,,,,11,64,,,,,,B0 0B 40,control_change channel=0 control=11 value=64 time=0
3270,2026-09-13T00:29:29.020+00:00,81.173327,0.014203,Chordcat 0,control_change,1,,,,11,63,,,,,,B0 0B 3F,control_change channel=0 control=11 value=63 time=0
3271,2026-09-13T00:29:29.050+00:00,81.20351,0.030183,Chordcat 0,control_change,1,,,,11,127,,,,,,B0 0B 7F,control_change channel=0 control=11 value=127 time=0
3272,2026-09-13T00:29:29.196+00:00,81.35005,0.14654,Chordcat 0,control_change,1,,,,11,121,,,,,,B0 0B 79,control_change channel=0 control=11 value=121 time=0
3273,2026-09-13T00:29:29.211+00:00,81.3647,0.014649,Chordcat 0,control_change,1,,,,11,112,,,,,,B0 0B 70,control_change channel=0 control=11 value=112 time=0
3274,2026-09-13T00:29:29.226+00:00,81.379869,0.01517,Chordcat 0,control_change,1,,,,11,104,,,,,,B0 0B 68,control_change channel=0 control=11 value=104 time=0
3275,2026-09-13T00:29:29.241+00:00,81.394457,0.014587,Chordcat 0,control_change,1,,,,11,97,,,,,,B0 0B 61,control_change channel=0 control=11 value=97 time=0
3276,2026-09-13T00:29:29.256+00:00,81.409838,0.015381,Chordcat 0,control_change,1,,,,11,90,,,,,,B0 0B 5A,control_change channel=0 control=11 value=90 time=0
3277,2026-09-13T00:29:29.269+00:00,81.423082,0.013243,Chordcat 0,control_change,1,,,,11,85,,,,,,B0 0B 55,control_change channel=0 control=11 value=85 time=0
3278,2026-09-13T00:29:29.284+00:00,81.437938,0.014857,Chordcat 0,control_change,1,,,,11,79,,,,,,B0 0B 4F,control_change channel=0 control=11 value=79 time=0
3279,2026-09-13T00:29:29.300+00:00,81.453673,0.015735,Chordcat 0,control_change,1,,,,11,75,,,,,,B0 0B 4B,control_change channel=0 control=11 value=75 time=0
3280,2026-09-13T00:29:29.314+00:00,81.467219,0.013546,Chordcat 0,control_change,1,,,,11,71,,,,,,B0 0B 47,control_change channel=0 control=11 value=71 time=0
3281,2026-09-13T00:29:29.329+00:00,81.482932,0.015713,Chordcat 0,control_change,1,,,,11,68,,,,,,B0 0B 44,control_change channel=0 control=11 value=68 time=0
3282,2026-09-13T00:29:29.344+00:00,81.497184,0.014252,Chordcat 0,control_change,1,,,,11,66,,,,,,B0 0B 42,control_change channel=0 control=11 value=66 time=0
3283,2026-09-13T00:29:29.358+00:00,81.511672,0.014489,Chordcat 0,control_change,1,,,,11,64,,,,,,B0 0B 40,control_change channel=0 control=11 value=64 time=0
3284,2026-09-13T00:29:29.373+00:00,81.526182,0.014509,Chordcat 0,control_change,1,,,,11,63,,,,,,B0 0B 3F,control_change channel=0 control=11 value=63 time=0
3285,2026-09-13T00:29:29.403+00:00,81.556739,0.030558,Chordcat 0,control_change,1,,,,11,127,,,,,,B0 0B 7F,control_change channel=0 control=11 value=127 time=0
3286,2026-09-13T00:29:29.550+00:00,81.703168,0.146428,Chordcat 0,control_change,1,,,,11,121,,,,,,B0 0B 79,control_change channel=0 control=11 value=121 time=0
3287,2026-09-13T00:29:29.564+00:00,81.717798,0.01463,Chordcat 0,control_change,1,,,,11,112,,,,,,B0 0B 70,control_change channel=0 control=11 value=112 time=0
3288,2026-09-13T00:29:29.578+00:00,81.731856,0.014058,Chordcat 0,control_change,1,,,,11,104,,,,,,B0 0B 68,control_change channel=0 control=11 value=104 time=0
3289,2026-09-13T00:29:29.594+00:00,81.747225,0.015369,Chordcat 0,control_change,1,,,,11,97,,,,,,B0 0B 61,control_change channel=0 control=11 value=97 time=0
3290,2026-09-13T00:29:29.608+00:00,81.761111,0.013886,Chordcat 0,control_change,1,,,,11,91,,,,,,B0 0B 5B,control_change channel=0 control=11 value=91 time=0
3291,2026-09-13T00:29:29.623+00:00,81.776294,0.015183,Chordcat 0,control_change,1,,,,11,85,,,,,,B0 0B 55,control_change channel=0 control=11 value=85 time=0
3292,2026-09-13T00:29:29.639+00:00,81.794873,0.018579,Chordcat 0,control_change,1,,,,11,79,,,,,,B0 0B 4F,control_change channel=0 control=11 value=79 time=0
3293,2026-09-13T00:29:29.652+00:00,81.805854,0.010981,Chordcat 0,control_change,1,,,,11,75,,,,,,B0 0B 4B,control_change channel=0 control=11 value=75 time=0
3294,2026-09-13T00:29:29.667+00:00,81.820328,0.014473,Chordcat 0,control_change,1,,,,11,71,,,,,,B0 0B 47,control_change channel=0 control=11 value=71 time=0
3295,2026-09-13T00:29:29.682+00:00,81.835487,0.015159,Chordcat 0,control_change,1,,,,11,68,,,,,,B0 0B 44,control_change channel=0 control=11 value=68 time=0
3296,2026-09-13T00:29:29.696+00:00,81.849931,0.014444,Chordcat 0,control_change,1,,,,11,66,,,,,,B0 0B 42,control_change channel=0 control=11 value=66 time=0
3297,2026-09-13T00:29:29.711+00:00,81.864395,0.014464,Chordcat 0,control_change,1,,,,11,64,,,,,,B0 0B 40,control_change channel=0 control=11 value=64 time=0
3298,2026-09-13T00:29:29.726+00:00,81.879904,0.015509,Chordcat 0,control_change,1,,,,11,63,,,,,,B0 0B 3F,control_change channel=0 control=11 value=63 time=0
3299,2026-09-13T00:29:29.755+00:00,81.908807,0.028903,Chordcat 0,control_change,1,,,,11,127,,,,,,B0 0B 7F,control_change channel=0 control=11 value=127 time=0
3300,2026-09-13T00:29:29.902+00:00,82.056069,0.147262,Chordcat 0,control_change,1,,,,11,121,,,,,,B0 0B 79,control_change channel=0 control=11 value=121 time=0
3301,2026-09-13T00:29:29.917+00:00,82.071077,0.015008,Chordcat 0,control_change,1,,,,11,112,,,,,,B0 0B 70,control_change channel=0 control=11 value=112 time=0
3302,2026-09-13T00:29:29.932+00:00,82.085608,0.014531,Chordcat 0,control_change,1,,,,11,104,,,,,,B0 0B 68,control_change channel=0 control=11 value=104 time=0
3303,2026-09-13T00:29:29.946+00:00,82.099908,0.0143,Chordcat 0,control_change,1,,,,11,97,,,,,,B0 0B 61,control_change channel=0 control=11 value=97 time=0
3304,2026-09-13T00:29:29.961+00:00,82.11501,0.015102,Chordcat 0,control_change,1,,,,11,90,,,,,,B0 0B 5A,control_change channel=0 control=11 value=90 time=0
3305,2026-09-13T00:29:29.975+00:00,82.129063,0.014054,Chordcat 0,control_change,1,,,,11,85,,,,,,B0 0B 55,control_change channel=0 control=11 value=85 time=0
3306,2026-09-13T00:29:29.991+00:00,82.144875,0.015812,Chordcat 0,control_change,1,,,,11,80,,,,,,B0 0B 50,control_change channel=0 control=11 value=80 time=0
3307,2026-09-13T00:29:30.006+00:00,82.159149,0.014274,Chordcat 0,control_change,1,,,,11,75,,,,,,B0 0B 4B,control_change channel=0 control=11 value=75 time=0
3308,2026-09-13T00:29:30.021+00:00,82.174194,0.015045,Chordcat 0,control_change,1,,,,11,71,,,,,,B0 0B 47,control_change channel=0 control=11 value=71 time=0
3309,2026-09-13T00:29:30.035+00:00,82.188228,0.014034,Chordcat 0,control_change,1,,,,11,68,,,,,,B0 0B 44,control_change channel=0 control=11 value=68 time=0
3310,2026-09-13T00:29:30.049+00:00,82.203016,0.014788,Chordcat 0,control_change,1,,,,11,66,,,,,,B0 0B 42,control_change channel=0 control=11 value=66 time=0
3311,2026-09-13T00:29:30.065+00:00,82.218652,0.015636,Chordcat 0,control_change,1,,,,11,64,,,,,,B0 0B 40,control_change channel=0 control=11 value=64 time=0
3312,2026-09-13T00:29:30.079+00:00,82.232931,0.014279,Chordcat 0,control_change,1,,,,11,63,,,,,,B0 0B 3F,control_change channel=0 control=11 value=63 time=0
3313,2026-09-13T00:29:30.108+00:00,82.261986,0.029055,Chordcat 0,control_change,1,,,,11,127,,,,,,B0 0B 7F,control_change channel=0 control=11 value=127 time=0
3314,2026-09-13T00:29:30.256+00:00,82.409144,0.147158,Chordcat 0,control_change,1,,,,11,121,,,,,,B0 0B 79,control_change channel=0 control=11 value=121 time=0
3315,2026-09-13T00:29:30.271+00:00,82.424354,0.01521,Chordcat 0,control_change,1,,,,11,112,,,,,,B0 0B 70,control_change channel=0 control=11 value=112 time=0
3316,2026-09-13T00:29:30.285+00:00,82.438919,0.014566,Chordcat 0,control_change,1,,,,11,104,,,,,,B0 0B 68,control_change channel=0 control=11 value=104 time=0
3317,2026-09-13T00:29:30.300+00:00,82.454144,0.015224,Chordcat 0,control_change,1,,,,11,97,,,,,,B0 0B 61,control_change channel=0 control=11 value=97 time=0
3318,2026-09-13T00:29:30.315+00:00,82.468582,0.014438,Chordcat 0,control_change,1,,,,11,90,,,,,,B0 0B 5A,control_change channel=0 control=11 value=90 time=0
3319,2026-09-13T00:29:30.329+00:00,82.482813,0.01423,Chordcat 0,control_change,1,,,,11,85,,,,,,B0 0B 55,control_change channel=0 control=11 value=85 time=0
3320,2026-09-13T00:29:30.344+00:00,82.497781,0.014968,Chordcat 0,control_change,1,,,,11,79,,,,,,B0 0B 4F,control_change channel=0 control=11 value=79 time=0
3321,2026-09-13T00:29:30.359+00:00,82.512164,0.014383,Chordcat 0,control_change,1,,,,11,75,,,,,,B0 0B 4B,control_change channel=0 control=11 value=75 time=0
3322,2026-09-13T00:29:30.373+00:00,82.526848,0.014684,Chordcat 0,control_change,1,,,,11,71,,,,,,B0 0B 47,control_change channel=0 control=11 value=71 time=0
3323,2026-09-13T00:29:30.388+00:00,82.541718,0.01487,Chordcat 0,control_change,1,,,,11,68,,,,,,B0 0B 44,control_change channel=0 control=11 value=68 time=0
3324,2026-09-13T00:29:30.403+00:00,82.556277,0.01456,Chordcat 0,control_change,1,,,,11,66,,,,,,B0 0B 42,control_change channel=0 control=11 value=66 time=0
3325,2026-09-13T00:29:30.417+00:00,82.570903,0.014626,Chordcat 0,control_change,1,,,,11,64,,,,,,B0 0B 40,control_change channel=0 control=11 value=64 time=0
3326,2026-09-13T00:29:30.432+00:00,82.585766,0.014863,Chordcat 0,control_change,1,,,,11,63,,,,,,B0 0B 3F,control_change channel=0 control=11 value=63 time=0
3327,2026-09-13T00:29:30.462+00:00,82.615341,0.029576,Chordcat 0,control_change,1,,,,11,127,,,,,,B0 0B 7F,control_change channel=0 control=11 value=127 time=0
3328,2026-09-13T00:29:30.608+00:00,82.761881,0.146539,Chordcat 0,control_change,1,,,,11,121,,,,,,B0 0B 79,control_change channel=0 control=11 value=121 time=0
3329,2026-09-13T00:29:30.623+00:00,82.776474,0.014593,Chordcat 0,control_change,1,,,,11,112,,,,,,B0 0B 70,control_change channel=0 control=11 value=112 time=0
3330,2026-09-13T00:29:30.637+00:00,82.790995,0.014521,Chordcat 0,control_change,1,,,,11,104,,,,,,B0 0B 68,control_change channel=0 control=11 value=104 time=0
3331,2026-09-13T00:29:30.653+00:00,82.806827,0.015832,Chordcat 0,control_change,1,,,,11,97,,,,,,B0 0B 61,control_change channel=0 control=11 value=97 time=0
3332,2026-09-13T00:29:30.667+00:00,82.821045,0.014218,Chordcat 0,control_change,1,,,,11,90,,,,,,B0 0B 5A,control_change channel=0 control=11 value=90 time=0
3333,2026-09-13T00:29:30.681+00:00,82.834829,0.013784,Chordcat 0,control_change,1,,,,11,85,,,,,,B0 0B 55,control_change channel=0 control=11 value=85 time=0
3334,2026-09-13T00:29:30.696+00:00,82.85004,0.015211,Chordcat 0,control_change,1,,,,11,79,,,,,,B0 0B 4F,control_change channel=0 control=11 value=79 time=0
3335,2026-09-13T00:29:30.711+00:00,82.865101,0.015061,Chordcat 0,control_change,1,,,,11,75,,,,,,B0 0B 4B,control_change channel=0 control=11 value=75 time=0
3336,2026-09-13T00:29:30.725+00:00,82.878923,0.013822,Chordcat 0,control_change,1,,,,11,71,,,,,,B0 0B 47,control_change channel=0 control=11 value=71 time=0
3337,2026-09-13T00:29:30.741+00:00,82.894543,0.01562,Chordcat 0,control_change,1,,,,11,68,,,,,,B0 0B 44,control_change channel=0 control=11 value=68 time=0
3338,2026-09-13T00:29:30.755+00:00,82.909021,0.014478,Chordcat 0,control_change,1,,,,11,66,,,,,,B0 0B 42,control_change channel=0 control=11 value=66 time=0
3339,2026-09-13T00:29:30.770+00:00,82.923759,0.014738,Chordcat 0,control_change,1,,,,11,64,,,,,,B0 0B 40,control_change channel=0 control=11 value=64 time=0
3340,2026-09-13T00:29:30.784+00:00,82.937884,0.014125,Chordcat 0,control_change,1,,,,11,63,,,,,,B0 0B 3F,control_change channel=0 control=11 value=63 time=0
3341,2026-09-13T00:29:30.814+00:00,82.968,0.030116,Chordcat 0,control_change,1,,,,11,127,,,,,,B0 0B 7F,control_change channel=0 control=11 value=127 time=0
3342,2026-09-13T00:29:30.962+00:00,83.115808,0.147808,Chordcat 0,control_change,1,,,,11,121,,,,,,B0 0B 79,control_change channel=0 control=11 value=121 time=0
3343,2026-09-13T00:29:30.977+00:00,83.13041,0.014602,Chordcat 0,control_change,1,,,,11,112,,,,,,B0 0B 70,control_change channel=0 control=11 value=112 time=0
3344,2026-09-13T00:29:30.990+00:00,83.144025,0.013616,Chordcat 0,control_change,1,,,,11,104,,,,,,B0 0B 68,control_change channel=0 control=11 value=104 time=0
3345,2026-09-13T00:29:31.005+00:00,83.158993,0.014967,Chordcat 0,control_change,1,,,,11,97,,,,,,B0 0B 61,control_change channel=0 control=11 value=97 time=0
3346,2026-09-13T00:29:31.020+00:00,83.173998,0.015006,Chordcat 0,control_change,1,,,,11,90,,,,,,B0 0B 5A,control_change channel=0 control=11 value=90 time=0
3347,2026-09-13T00:29:31.035+00:00,83.188248,0.01425,Chordcat 0,control_change,1,,,,11,85,,,,,,B0 0B 55,control_change channel=0 control=11 value=85 time=0
3348,2026-09-13T00:29:31.050+00:00,83.203182,0.014933,Chordcat 0,control_change,1,,,,11,79,,,,,,B0 0B 4F,control_change channel=0 control=11 value=79 time=0
3349,2026-09-13T00:29:31.065+00:00,83.218836,0.015654,Chordcat 0,control_change,1,,,,11,75,,,,,,B0 0B 4B,control_change channel=0 control=11 value=75 time=0
3350,2026-09-13T00:29:31.079+00:00,83.232968,0.014132,Chordcat 0,control_change,1,,,,11,71,,,,,,B0 0B 47,control_change channel=0 control=11 value=71 time=0
3351,2026-09-13T00:29:31.093+00:00,83.24679,0.013822,Chordcat 0,control_change,1,,,,11,68,,,,,,B0 0B 44,control_change channel=0 control=11 value=68 time=0
3352,2026-09-13T00:29:31.109+00:00,83.262667,0.015877,Chordcat 0,control_change,1,,,,11,66,,,,,,B0 0B 42,control_change channel=0 control=11 value=66 time=0
3353,2026-09-13T00:29:31.123+00:00,83.276895,0.014228,Chordcat 0,control_change,1,,,,11,64,,,,,,B0 0B 40,control_change channel=0 control=11 value=64 time=0
3354,2026-09-13T00:29:31.138+00:00,83.291325,0.01443,Chordcat 0,control_change,1,,,,11,63,,,,,,B0 0B 3F,control_change channel=0 control=11 value=63 time=0
3355,2026-09-13T00:29:31.168+00:00,83.321577,0.030252,Chordcat 0,control_change,1,,,,11,127,,,,,,B0 0B 7F,control_change channel=0 control=11 value=127 time=0
3356,2026-09-13T00:29:31.315+00:00,83.468527,0.14695,Chordcat 0,control_change,1,,,,11,121,,,,,,B0 0B 79,control_change channel=0 control=11 value=121 time=0
3357,2026-09-13T00:29:31.329+00:00,83.483112,0.014585,Chordcat 0,control_change,1,,,,11,112,,,,,,B0 0B 70,control_change channel=0 control=11 value=112 time=0
3358,2026-09-13T00:29:31.343+00:00,83.496917,0.013805,Chordcat 0,control_change,1,,,,11,104,,,,,,B0 0B 68,control_change channel=0 control=11 value=104 time=0
3359,2026-09-13T00:29:31.358+00:00,83.511891,0.014974,Chordcat 0,control_change,1,,,,11,97,,,,,,B0 0B 61,control_change channel=0 control=11 value=97 time=0
3360,2026-09-13T00:29:31.374+00:00,83.527671,0.01578,Chordcat 0,control_change,1,,,,11,90,,,,,,B0 0B 5A,control_change channel=0 control=11 value=90 time=0
3361,2026-09-13T00:29:31.387+00:00,83.540852,0.013181,Chordcat 0,control_change,1,,,,11,85,,,,,,B0 0B 55,control_change channel=0 control=11 value=85 time=0
3362,2026-09-13T00:29:31.403+00:00,83.556535,0.015683,Chordcat 0,control_change,1,,,,11,79,,,,,,B0 0B 4F,control_change channel=0 control=11 value=79 time=0
3363,2026-09-13T00:29:31.418+00:00,83.571322,0.014787,Chordcat 0,control_change,1,,,,11,75,,,,,,B0 0B 4B,control_change channel=0 control=11 value=75 time=0
3364,2026-09-13T00:29:31.432+00:00,83.585283,0.013961,Chordcat 0,control_change,1,,,,11,71,,,,,,B0 0B 47,control_change channel=0 control=11 value=71 time=0
3365,2026-09-13T00:29:31.447+00:00,83.600244,0.01496,Chordcat 0,control_change,1,,,,11,68,,,,,,B0 0B 44,control_change channel=0 control=11 value=68 time=0
3366,2026-09-13T00:29:31.462+00:00,83.615492,0.015248,Chordcat 0,control_change,1,,,,11,66,,,,,,B0 0B 42,control_change channel=0 control=11 value=66 time=0
3367,2026-09-13T00:29:31.476+00:00,83.62999,0.014498,Chordcat 0,control_change,1,,,,11,64,,,,,,B0 0B 40,control_change channel=0 control=11 value=64 time=0
3368,2026-09-13T00:29:31.491+00:00,83.644681,0.014691,Chordcat 0,control_change,1,,,,11,63,,,,,,B0 0B 3F,control_change channel=0 control=11 value=63 time=0
3369,2026-09-13T00:29:31.520+00:00,83.674092,0.029411,Chordcat 0,control_change,1,,,,11,127,,,,,,B0 0B 7F,control_change channel=0 control=11 value=127 time=0
3370,2026-09-13T00:29:31.667+00:00,83.821075,0.146983,Chordcat 0,control_change,1,,,,11,121,,,,,,B0 0B 79,control_change channel=0 control=11 value=121 time=0
3371,2026-09-13T00:29:31.682+00:00,83.835859,0.014784,Chordcat 0,control_change,1,,,,11,112,,,,,,B0 0B 70,control_change channel=0 control=11 value=112 time=0
3372,2026-09-13T00:29:31.697+00:00,83.850372,0.014512,Chordcat 0,control_change,1,,,,11,104,,,,,,B0 0B 68,control_change channel=0 control=11 value=104 time=0
3373,2026-09-13T00:29:31.711+00:00,83.864841,0.014469,Chordcat 0,control_change,1,,,,11,97,,,,,,B0 0B 61,control_change channel=0 control=11 value=97 time=0
3374,2026-09-13T00:29:31.727+00:00,83.88079,0.015949,Chordcat 0,control_change,1,,,,11,90,,,,,,B0 0B 5A,control_change channel=0 control=11 value=90 time=0
3375,2026-09-13T00:29:31.742+00:00,83.895497,0.014707,Chordcat 0,control_change,1,,,,11,84,,,,,,B0 0B 54,control_change channel=0 control=11 value=84 time=0
3376,2026-09-13T00:29:31.756+00:00,83.909753,0.014256,Chordcat 0,control_change,1,,,,11,80,,,,,,B0 0B 50,control_change channel=0 control=11 value=80 time=0
3377,2026-09-13T00:29:31.771+00:00,83.924883,0.01513,Chordcat 0,control_change,1,,,,11,75,,,,,,B0 0B 4B,control_change channel=0 control=11 value=75 time=0
3378,2026-09-13T00:29:31.786+00:00,83.939236,0.014353,Chordcat 0,control_change,1,,,,11,71,,,,,,B0 0B 47,control_change channel=0 control=11 value=71 time=0
3379,2026-09-13T00:29:31.799+00:00,83.952916,0.01368,Chordcat 0,control_change,1,,,,11,68,,,,,,B0 0B 44,control_change channel=0 control=11 value=68 time=0
3380,2026-09-13T00:29:31.815+00:00,83.968358,0.015441,Chordcat 0,control_change,1,,,,11,66,,,,,,B0 0B 42,control_change channel=0 control=11 value=66 time=0
3381,2026-09-13T00:29:31.829+00:00,83.98291,0.014553,Chordcat 0,control_change,1,,,,11,64,,,,,,B0 0B 40,control_change channel=0 control=11 value=64 time=0
3382,2026-09-13T00:29:31.845+00:00,83.999058,0.016147,Chordcat 0,control_change,1,,,,11,63,,,,,,B0 0B 3F,control_change channel=0 control=11 value=63 time=0
3383,2026-09-13T00:29:31.874+00:00,84.027688,0.02863,Chordcat 0,control_change,1,,,,11,127,,,,,,B0 0B 7F,control_change channel=0 control=11 value=127 time=0
3384,2026-09-13T00:29:32.020+00:00,84.17401,0.146322,Chordcat 0,control_change,1,,,,11,121,,,,,,B0 0B 79,control_change channel=0 control=11 value=121 time=0
3385,2026-09-13T00:29:32.036+00:00,84.189543,0.015534,Chordcat 0,control_change,1,,,,11,112,,,,,,B0 0B 70,control_change channel=0 control=11 value=112 time=0
3386,2026-09-13T00:29:32.050+00:00,84.203206,0.013663,Chordcat 0,control_change,1,,,,11,104,,,,,,B0 0B 68,control_change channel=0 control=11 value=104 time=0
3387,2026-09-13T00:29:32.065+00:00,84.218638,0.015431,Chordcat 0,control_change,1,,,,11,97,,,,,,B0 0B 61,control_change channel=0 control=11 value=97 time=0
3388,2026-09-13T00:29:32.080+00:00,84.233175,0.014537,Chordcat 0,control_change,1,,,,11,90,,,,,,B0 0B 5A,control_change channel=0 control=11 value=90 time=0
3389,2026-09-13T00:29:32.094+00:00,84.24799,0.014815,Chordcat 0,control_change,1,,,,11,84,,,,,,B0 0B 54,control_change channel=0 control=11 value=84 time=0
3390,2026-09-13T00:29:32.108+00:00,84.261934,0.013944,Chordcat 0,control_change,1,,,,11,79,,,,,,B0 0B 4F,control_change channel=0 control=11 value=79 time=0
3391,2026-09-13T00:29:32.124+00:00,84.277689,0.015755,Chordcat 0,control_change,1,,,,11,75,,,,,,B0 0B 4B,control_change channel=0 control=11 value=75 time=0
3392,2026-09-13T00:29:32.138+00:00,84.291949,0.01426,Chordcat 0,control_change,1,,,,11,71,,,,,,B0 0B 47,control_change channel=0 control=11 value=71 time=0
3393,2026-09-13T00:29:32.153+00:00,84.306127,0.014178,Chordcat 0,control_change,1,,,,11,68,,,,,,B0 0B 44,control_change channel=0 control=11 value=68 time=0
3394,2026-09-13T00:29:32.167+00:00,84.3208,0.014672,Chordcat 0,control_change,1,,,,11,66,,,,,,B0 0B 42,control_change channel=0 control=11 value=66 time=0
3395,2026-09-13T00:29:32.182+00:00,84.336045,0.015245,Chordcat 0,control_change,1,,,,11,64,,,,,,B0 0B 40,control_change channel=0 control=11 value=64 time=0
3396,2026-09-13T00:29:32.197+00:00,84.350467,0.014422,Chordcat 0,control_change,1,,,,11,63,,,,,,B0 0B 3F,control_change channel=0 control=11 value=63 time=0
3397,2026-09-13T00:29:32.227+00:00,84.38071,0.030243,Chordcat 0,control_change,1,,,,11,127,,,,,,B0 0B 7F,control_change channel=0 control=11 value=127 time=0
3398,2026-09-13T00:29:32.374+00:00,84.527583,0.146873,Chordcat 0,control_change,1,,,,11,121,,,,,,B0 0B 79,control_change channel=0 control=11 value=121 time=0
3399,2026-09-13T00:29:32.389+00:00,84.542796,0.015213,Chordcat 0,control_change,1,,,,11,112,,,,,,B0 0B 70,control_change channel=0 control=11 value=112 time=0
3400,2026-09-13T00:29:32.403+00:00,84.556319,0.013522,Chordcat 0,control_change,1,,,,11,104,,,,,,B0 0B 68,control_change channel=0 control=11 value=104 time=0
3401,2026-09-13T00:29:32.418+00:00,84.571093,0.014775,Chordcat 0,control_change,1,,,,11,97,,,,,,B0 0B 61,control_change channel=0 control=11 value=97 time=0
3402,2026-09-13T00:29:32.433+00:00,84.58637,0.015276,Chordcat 0,control_change,1,,,,11,90,,,,,,B0 0B 5A,control_change channel=0 control=11 value=90 time=0
3403,2026-09-13T00:29:32.447+00:00,84.600718,0.014349,Chordcat 0,control_change,1,,,,11,85,,,,,,B0 0B 55,control_change channel=0 control=11 value=85 time=0
3404,2026-09-13T00:29:32.462+00:00,84.615655,0.014936,Chordcat 0,control_change,1,,,,11,79,,,,,,B0 0B 4F,control_change channel=0 control=11 value=79 time=0
3405,2026-09-13T00:29:32.476+00:00,84.630145,0.01449,Chordcat 0,control_change,1,,,,11,75,,,,,,B0 0B 4B,control_change channel=0 control=11 value=75 time=0
3406,2026-09-13T00:29:32.491+00:00,84.644937,0.014792,Chordcat 0,control_change,1,,,,11,71,,,,,,B0 0B 47,control_change channel=0 control=11 value=71 time=0
3407,2026-09-13T00:29:32.505+00:00,84.658916,0.013979,Chordcat 0,control_change,1,,,,11,68,,,,,,B0 0B 44,control_change channel=0 control=11 value=68 time=0
3408,2026-09-13T00:29:32.520+00:00,84.673784,0.014869,Chordcat 0,control_change,1,,,,11,66,,,,,,B0 0B 42,control_change channel=0 control=11 value=66 time=0
3409,2026-09-13T00:29:32.536+00:00,84.68946,0.015676,Chordcat 0,control_change,1,,,,11,64,,,,,,B0 0B 40,control_change channel=0 control=11 value=64 time=0
3410,2026-09-13T00:29:32.549+00:00,84.702862,0.013402,Chordcat 0,control_change,1,,,,11,63,,,,,,B0 0B 3F,control_change channel=0 control=11 value=63 time=0
3411,2026-09-13T00:29:32.580+00:00,84.733421,0.030559,Chordcat 0,control_change,1,,,,11,127,,,,,,B0 0B 7F,control_change channel=0 control=11 value=127 time=0
3412,2026-09-13T00:29:32.727+00:00,84.880821,0.1474,Chordcat 0,control_change,1,,,,11,121,,,,,,B0 0B 79,control_change channel=0 control=11 value=121 time=0
3413,2026-09-13T00:29:32.741+00:00,84.894823,0.014002,Chordcat 0,control_change,1,,,,11,112,,,,,,B0 0B 70,control_change channel=0 control=11 value=112 time=0
3414,2026-09-13T00:29:32.756+00:00,84.910023,0.0152,Chordcat 0,control_change,1,,,,11,104,,,,,,B0 0B 68,control_change channel=0 control=11 value=104 time=0
3415,2026-09-13T00:29:32.770+00:00,84.923982,0.013959,Chordcat 0,control_change,1,,,,11,97,,,,,,B0 0B 61,control_change channel=0 control=11 value=97 time=0
3416,2026-09-13T00:29:32.786+00:00,84.939124,0.015142,Chordcat 0,control_change,1,,,,11,90,,,,,,B0 0B 5A,control_change channel=0 control=11 value=90 time=0
3417,2026-09-13T00:29:32.801+00:00,84.954085,0.01496,Chordcat 0,control_change,1,,,,11,84,,,,,,B0 0B 54,control_change channel=0 control=11 value=84 time=0
3418,2026-09-13T00:29:32.815+00:00,84.968654,0.014569,Chordcat 0,control_change,1,,,,11,80,,,,,,B0 0B 50,control_change channel=0 control=11 value=80 time=0
3419,2026-09-13T00:29:32.830+00:00,84.983807,0.015153,Chordcat 0,control_change,1,,,,11,75,,,,,,B0 0B 4B,control_change channel=0 control=11 value=75 time=0
3420,2026-09-13T00:29:32.845+00:00,84.998503,0.014696,Chordcat 0,control_change,1,,,,11,71,,,,,,B0 0B 47,control_change channel=0 control=11 value=71 time=0
3421,2026-09-13T00:29:32.859+00:00,85.012328,0.013825,Chordcat 0,control_change,1,,,,11,68,,,,,,B0 0B 44,control_change channel=0 control=11 value=68 time=0
3422,2026-09-13T00:29:32.874+00:00,85.027771,0.015443,Chordcat 0,control_change,1,,,,11,66,,,,,,B0 0B 42,control_change channel=0 control=11 value=66 time=0
3423,2026-09-13T00:29:32.878+00:00,85.031375,0.003605,Chordcat 0,note_on,2,39,D#2,100,,,,,,,,91 27 64,note_on channel=1 note=39 velocity=100 time=0
3424,2026-09-13T00:29:32.878+00:00,85.031853,0.000477,Chordcat 0,note_on,2,55,G3,100,,,,,,,,91 37 64,note_on channel=1 note=55 velocity=100 time=0
3425,2026-09-13T00:29:32.878+00:00,85.03216,0.000307,Chordcat 0,note_on,2,58,A#3,100,,,,,,,,91 3A 64,note_on channel=1 note=58 velocity=100 time=0
3426,2026-09-13T00:29:32.878+00:00,85.032495,0.000335,Chordcat 0,note_on,2,62,D4,100,,,,,,,,91 3E 64,note_on channel=1 note=62 velocity=100 time=0
3427,2026-09-13T00:29:32.879+00:00,85.032857,0.000363,Chordcat 0,note_on,2,65,F4,100,,,,,,,,91 41 64,note_on channel=1 note=65 velocity=100 time=0
3428,2026-09-13T00:29:32.888+00:00,85.04187,0.009013,Chordcat 0,control_change,1,,,,11,64,,,,,,B0 0B 40,control_change channel=0 control=11 value=64 time=0
3429,2026-09-13T00:29:32.904+00:00,85.057123,0.015253,Chordcat 0,control_change,1,,,,11,63,,,,,,B0 0B 3F,control_change channel=0 control=11 value=63 time=0
3430,2026-09-13T00:29:32.932+00:00,85.086061,0.028938,Chordcat 0,control_change,1,,,,11,127,,,,,,B0 0B 7F,control_change channel=0 control=11 value=127 time=0
3431,2026-09-13T00:29:33.080+00:00,85.233707,0.147646,Chordcat 0,control_change,1,,,,11,121,,,,,,B0 0B 79,control_change channel=0 control=11 value=121 time=0
3432,2026-09-13T00:29:33.096+00:00,85.249175,0.015468,Chordcat 0,control_change,1,,,,11,112,,,,,,B0 0B 70,control_change channel=0 control=11 value=112 time=0
3433,2026-09-13T00:29:33.109+00:00,85.262465,0.01329,Chordcat 0,control_change,1,,,,11,104,,,,,,B0 0B 68,control_change channel=0 control=11 value=104 time=0
3434,2026-09-13T00:29:33.123+00:00,85.276893,0.014427,Chordcat 0,control_change,1,,,,11,97,,,,,,B0 0B 61,control_change channel=0 control=11 value=97 time=0
3435,2026-09-13T00:29:33.139+00:00,85.292214,0.015322,Chordcat 0,control_change,1,,,,11,90,,,,,,B0 0B 5A,control_change channel=0 control=11 value=90 time=0
3436,2026-09-13T00:29:33.154+00:00,85.307585,0.01537,Chordcat 0,control_change,1,,,,11,84,,,,,,B0 0B 54,control_change channel=0 control=11 value=84 time=0
3437,2026-09-13T00:29:33.168+00:00,85.321158,0.013573,Chordcat 0,control_change,1,,,,11,79,,,,,,B0 0B 4F,control_change channel=0 control=11 value=79 time=0
3438,2026-09-13T00:29:33.182+00:00,85.335855,0.014697,Chordcat 0,control_change,1,,,,11,75,,,,,,B0 0B 4B,control_change channel=0 control=11 value=75 time=0
3439,2026-09-13T00:29:33.197+00:00,85.350798,0.014943,Chordcat 0,control_change,1,,,,11,71,,,,,,B0 0B 47,control_change channel=0 control=11 value=71 time=0
3440,2026-09-13T00:29:33.209+00:00,85.362169,0.011371,Chordcat 0,note_on,2,39,D#2,0,,,,,,,,91 27 00,note_on channel=1 note=39 velocity=0 time=0
3441,2026-09-13T00:29:33.209+00:00,85.362548,0.000379,Chordcat 0,note_on,2,55,G3,0,,,,,,,,91 37 00,note_on channel=1 note=55 velocity=0 time=0
3442,2026-09-13T00:29:33.209+00:00,85.362801,0.000253,Chordcat 0,note_on,2,58,A#3,0,,,,,,,,91 3A 00,note_on channel=1 note=58 velocity=0 time=0
3443,2026-09-13T00:29:33.210+00:00,85.363171,0.00037,Chordcat 0,note_on,2,62,D4,0,,,,,,,,91 3E 00,note_on channel=1 note=62 velocity=0 time=0
3444,2026-09-13T00:29:33.210+00:00,85.363458,0.000287,Chordcat 0,note_on,2,65,F4,0,,,,,,,,91 41 00,note_on channel=1 note=65 velocity=0 time=0
3445,2026-09-13T00:29:33.211+00:00,85.364852,0.001394,Chordcat 0,control_change,1,,,,11,68,,,,,,B0 0B 44,control_change channel=0 control=11 value=68 time=0
3446,2026-09-13T00:29:33.227+00:00,85.380633,0.015781,Chordcat 0,control_change,1,,,,11,66,,,,,,B0 0B 42,control_change channel=0 control=11 value=66 time=0
3447,2026-09-13T00:29:33.242+00:00,85.395212,0.014579,Chordcat 0,control_change,1,,,,11,64,,,,,,B0 0B 40,control_change channel=0 control=11 value=64 time=0
3448,2026-09-13T00:29:33.257+00:00,85.410667,0.015455,Chordcat 0,control_change,1,,,,11,63,,,,,,B0 0B 3F,control_change channel=0 control=11 value=63 time=0
3449,2026-09-13T00:29:33.286+00:00,85.439333,0.028666,Chordcat 0,control_change,1,,,,11,127,,,,,,B0 0B 7F,control_change channel=0 control=11 value=127 time=0
3450,2026-09-13T00:29:33.433+00:00,85.586468,0.147135,Chordcat 0,control_change,1,,,,11,121,,,,,,B0 0B 79,control_change channel=0 control=11 value=121 time=0
3451,2026-09-13T00:29:33.448+00:00,85.601531,0.015063,Chordcat 0,control_change,1,,,,11,112,,,,,,B0 0B 70,control_change channel=0 control=11 value=112 time=0
3452,2026-09-13T00:29:33.462+00:00,85.6157,0.01417,Chordcat 0,control_change,1,,,,11,104,,,,,,B0 0B 68,control_change channel=0 control=11 value=104 time=0
3453,2026-09-13T00:29:33.477+00:00,85.631048,0.015348,Chordcat 0,control_change,1,,,,11,97,,,,,,B0 0B 61,control_change channel=0 control=11 value=97 time=0
3454,2026-09-13T00:29:33.492+00:00,85.645499,0.014451,Chordcat 0,control_change,1,,,,11,90,,,,,,B0 0B 5A,control_change channel=0 control=11 value=90 time=0
3455,2026-09-13T00:29:33.506+00:00,85.659735,0.014236,Chordcat 0,control_change,1,,,,11,84,,,,,,B0 0B 54,control_change channel=0 control=11 value=84 time=0
3456,2026-09-13T00:29:33.520+00:00,85.673984,0.014249,Chordcat 0,control_change,1,,,,11,79,,,,,,B0 0B 4F,control_change channel=0 control=11 value=79 time=0
3457,2026-09-13T00:29:33.536+00:00,85.689393,0.01541,Chordcat 0,control_change,1,,,,11,75,,,,,,B0 0B 4B,control_change channel=0 control=11 value=75 time=0
3458,2026-09-13T00:29:33.550+00:00,85.703854,0.014461,Chordcat 0,control_change,1,,,,11,71,,,,,,B0 0B 47,control_change channel=0 control=11 value=71 time=0
3459,2026-09-13T00:29:33.564+00:00,85.718068,0.014214,Chordcat 0,control_change,1,,,,11,68,,,,,,B0 0B 44,control_change channel=0 control=11 value=68 time=0
3460,2026-09-13T00:29:33.579+00:00,85.733004,0.014935,Chordcat 0,control_change,1,,,,11,66,,,,,,B0 0B 42,control_change channel=0 control=11 value=66 time=0
3461,2026-09-13T00:29:33.594+00:00,85.747827,0.014824,Chordcat 0,control_change,1,,,,11,64,,,,,,B0 0B 40,control_change channel=0 control=11 value=64 time=0
3462,2026-09-13T00:29:33.610+00:00,85.76346,0.015633,Chordcat 0,control_change,1,,,,11,63,,,,,,B0 0B 3F,control_change channel=0 control=11 value=63 time=0
3463,2026-09-13T00:29:33.639+00:00,85.792711,0.029251,Chordcat 0,control_change,1,,,,11,127,,,,,,B0 0B 7F,control_change channel=0 control=11 value=127 time=0
3464,2026-09-13T00:29:33.786+00:00,85.939462,0.146751,Chordcat 0,control_change,1,,,,11,121,,,,,,B0 0B 79,control_change channel=0 control=11 value=121 time=0
3465,2026-09-13T00:29:33.800+00:00,85.954102,0.01464,Chordcat 0,control_change,1,,,,11,112,,,,,,B0 0B 70,control_change channel=0 control=11 value=112 time=0
3466,2026-09-13T00:29:33.816+00:00,85.969755,0.015653,Chordcat 0,control_change,1,,,,11,104,,,,,,B0 0B 68,control_change channel=0 control=11 value=104 time=0
3467,2026-09-13T00:29:33.829+00:00,85.982966,0.013211,Chordcat 0,control_change,1,,,,11,97,,,,,,B0 0B 61,control_change channel=0 control=11 value=97 time=0
3468,2026-09-13T00:29:33.844+00:00,85.997877,0.014911,Chordcat 0,control_change,1,,,,11,90,,,,,,B0 0B 5A,control_change channel=0 control=11 value=90 time=0
3469,2026-09-13T00:29:33.859+00:00,86.012814,0.014937,Chordcat 0,control_change,1,,,,11,84,,,,,,B0 0B 54,control_change channel=0 control=11 value=84 time=0
3470,2026-09-13T00:29:33.873+00:00,86.026865,0.014051,Chordcat 0,control_change,1,,,,11,79,,,,,,B0 0B 4F,control_change channel=0 control=11 value=79 time=0
3471,2026-09-13T00:29:33.889+00:00,86.04297,0.016105,Chordcat 0,control_change,1,,,,11,75,,,,,,B0 0B 4B,control_change channel=0 control=11 value=75 time=0
3472,2026-09-13T00:29:33.903+00:00,86.056775,0.013805,Chordcat 0,control_change,1,,,,11,71,,,,,,B0 0B 47,control_change channel=0 control=11 value=71 time=0
3473,2026-09-13T00:29:33.918+00:00,86.071934,0.015159,Chordcat 0,control_change,1,,,,11,68,,,,,,B0 0B 44,control_change channel=0 control=11 value=68 time=0
3474,2026-09-13T00:29:33.932+00:00,86.08593,0.013996,Chordcat 0,control_change,1,,,,11,66,,,,,,B0 0B 42,control_change channel=0 control=11 value=66 time=0
3475,2026-09-13T00:29:33.948+00:00,86.101574,0.015644,Chordcat 0,control_change,1,,,,11,64,,,,,,B0 0B 40,control_change channel=0 control=11 value=64 time=0
3476,2026-09-13T00:29:33.963+00:00,86.117076,0.015502,Chordcat 0,control_change,1,,,,11,63,,,,,,B0 0B 3F,control_change channel=0 control=11 value=63 time=0
3477,2026-09-13T00:29:33.991+00:00,86.144979,0.027903,Chordcat 0,control_change,1,,,,11,127,,,,,,B0 0B 7F,control_change channel=0 control=11 value=127 time=0
3478,2026-09-13T00:29:34.018+00:00,86.171175,0.026196,Chordcat 0,note_on,2,41,F2,100,,,,,,,,91 29 64,note_on channel=1 note=41 velocity=100 time=0
3479,2026-09-13T00:29:34.018+00:00,86.171618,0.000443,Chordcat 0,note_on,2,57,A3,100,,,,,,,,91 39 64,note_on channel=1 note=57 velocity=100 time=0
3480,2026-09-13T00:29:34.018+00:00,86.171894,0.000277,Chordcat 0,note_on,2,60,C4,100,,,,,,,,91 3C 64,note_on channel=1 note=60 velocity=100 time=0
3481,2026-09-13T00:29:34.018+00:00,86.172207,0.000313,Chordcat 0,note_on,2,64,E4,100,,,,,,,,91 40 64,note_on channel=1 note=64 velocity=100 time=0
3482,2026-09-13T00:29:34.018+00:00,86.172417,0.00021,Chordcat 0,note_on,2,67,G4,100,,,,,,,,91 43 64,note_on channel=1 note=67 velocity=100 time=0
3483,2026-09-13T00:29:34.139+00:00,86.292969,0.120552,Chordcat 0,control_change,1,,,,11,121,,,,,,B0 0B 79,control_change channel=0 control=11 value=121 time=0
3484,2026-09-13T00:29:34.154+00:00,86.30776,0.014791,Chordcat 0,control_change,1,,,,11,112,,,,,,B0 0B 70,control_change channel=0 control=11 value=112 time=0
3485,2026-09-13T00:29:34.168+00:00,86.321903,0.014142,Chordcat 0,control_change,1,,,,11,104,,,,,,B0 0B 68,control_change channel=0 control=11 value=104 time=0
3486,2026-09-13T00:29:34.183+00:00,86.336405,0.014503,Chordcat 0,control_change,1,,,,11,97,,,,,,B0 0B 61,control_change channel=0 control=11 value=97 time=0
3487,2026-09-13T00:29:34.198+00:00,86.351326,0.014921,Chordcat 0,control_change,1,,,,11,90,,,,,,B0 0B 5A,control_change channel=0 control=11 value=90 time=0
3488,2026-09-13T00:29:34.212+00:00,86.365816,0.01449,Chordcat 0,control_change,1,,,,11,84,,,,,,B0 0B 54,control_change channel=0 control=11 value=84 time=0
3489,2026-09-13T00:29:34.226+00:00,86.379707,0.013891,Chordcat 0,control_change,1,,,,11,79,,,,,,B0 0B 4F,control_change channel=0 control=11 value=79 time=0
3490,2026-09-13T00:29:34.242+00:00,86.39538,0.015673,Chordcat 0,control_change,1,,,,11,75,,,,,,B0 0B 4B,control_change channel=0 control=11 value=75 time=0
3491,2026-09-13T00:29:34.257+00:00,86.410456,0.015077,Chordcat 0,control_change,1,,,,11,71,,,,,,B0 0B 47,control_change channel=0 control=11 value=71 time=0
3492,2026-09-13T00:29:34.270+00:00,86.42396,0.013503,Chordcat 0,control_change,1,,,,11,68,,,,,,B0 0B 44,control_change channel=0 control=11 value=68 time=0
3493,2026-09-13T00:29:34.285+00:00,86.438773,0.014813,Chordcat 0,control_change,1,,,,11,66,,,,,,B0 0B 42,control_change channel=0 control=11 value=66 time=0
3494,2026-09-13T00:29:34.300+00:00,86.454098,0.015325,Chordcat 0,control_change,1,,,,11,64,,,,,,B0 0B 40,control_change channel=0 control=11 value=64 time=0
3495,2026-09-13T00:29:34.315+00:00,86.469094,0.014996,Chordcat 0,control_change,1,,,,11,63,,,,,,B0 0B 3F,control_change channel=0 control=11 value=63 time=0
3496,2026-09-13T00:29:34.337+00:00,86.490708,0.021614,Chordcat 0,note_on,2,41,F2,0,,,,,,,,91 29 00,note_on channel=1 note=41 velocity=0 time=0
3497,2026-09-13T00:29:34.337+00:00,86.491097,0.000389,Chordcat 0,note_on,2,57,A3,0,,,,,,,,91 39 00,note_on channel=1 note=57 velocity=0 time=0
3498,2026-09-13T00:29:34.337+00:00,86.491468,0.000371,Chordcat 0,note_on,2,60,C4,0,,,,,,,,91 3C 00,note_on channel=1 note=60 velocity=0 time=0
3499,2026-09-13T00:29:34.337+00:00,86.491761,0.000293,Chordcat 0,note_on,2,64,E4,0,,,,,,,,91 40 00,note_on channel=1 note=64 velocity=0 time=0
3500,2026-09-13T00:29:34.337+00:00,86.49209,0.000329,Chordcat 0,note_on,2,67,G4,0,,,,,,,,91 43 00,note_on channel=1 note=67 velocity=0 time=0
3501,2026-09-13T00:29:34.345+00:00,86.498176,0.006086,Chordcat 0,control_change,1,,,,11,127,,,,,,B0 0B 7F,control_change channel=0 control=11 value=127 time=0
3502,2026-09-13T00:29:34.491+00:00,86.644771,0.146594,Chordcat 0,control_change,1,,,,11,121,,,,,,B0 0B 79,control_change channel=0 control=11 value=121 time=0
3503,2026-09-13T00:29:34.506+00:00,86.65975,0.01498,Chordcat 0,control_change,1,,,,11,112,,,,,,B0 0B 70,control_change channel=0 control=11 value=112 time=0
3504,2026-09-13T00:29:34.522+00:00,86.675367,0.015616,Chordcat 0,control_change,1,,,,11,104,,,,,,B0 0B 68,control_change channel=0 control=11 value=104 time=0
3505,2026-09-13T00:29:34.535+00:00,86.689054,0.013687,Chordcat 0,control_change,1,,,,11,97,,,,,,B0 0B 61,control_change channel=0 control=11 value=97 time=0
3506,2026-09-13T00:29:34.550+00:00,86.703768,0.014714,Chordcat 0,control_change,1,,,,11,90,,,,,,B0 0B 5A,control_change channel=0 control=11 value=90 time=0
3507,2026-09-13T00:29:34.568+00:00,86.721862,0.018095,Chordcat 0,control_change,1,,,,11,84,,,,,,B0 0B 54,control_change channel=0 control=11 value=84 time=0
3508,2026-09-13T00:29:34.581+00:00,86.734218,0.012356,Chordcat 0,control_change,1,,,,11,79,,,,,,B0 0B 4F,control_change channel=0 control=11 value=79 time=0
3509,2026-09-13T00:29:34.595+00:00,86.748531,0.014313,Chordcat 0,control_change,1,,,,11,75,,,,,,B0 0B 4B,control_change channel=0 control=11 value=75 time=0
3510,2026-09-13T00:29:34.610+00:00,86.763305,0.014774,Chordcat 0,control_change,1,,,,11,71,,,,,,B0 0B 47,control_change channel=0 control=11 value=71 time=0
3511,2026-09-13T00:29:34.624+00:00,86.777869,0.014564,Chordcat 0,control_change,1,,,,11,68,,,,,,B0 0B 44,control_change channel=0 control=11 value=68 time=0
3512,2026-09-13T00:29:34.639+00:00,86.792865,0.014996,Chordcat 0,control_change,1,,,,11,66,,,,,,B0 0B 42,control_change channel=0 control=11 value=66 time=0
3513,2026-09-13T00:29:34.654+00:00,86.807374,0.014509,Chordcat 0,control_change,1,,,,11,64,,,,,,B0 0B 40,control_change channel=0 control=11 value=64 time=0
3514,2026-09-13T00:29:34.668+00:00,86.822056,0.014682,Chordcat 0,control_change,1,,,,11,63,,,,,,B0 0B 3F,control_change channel=0 control=11 value=63 time=0
3515,2026-09-13T00:29:34.697+00:00,86.850793,0.028737,Chordcat 0,control_change,1,,,,11,127,,,,,,B0 0B 7F,control_change channel=0 control=11 value=127 time=0
3516,2026-09-13T00:29:34.845+00:00,86.998648,0.147855,Chordcat 0,control_change,1,,,,11,121,,,,,,B0 0B 79,control_change channel=0 control=11 value=121 time=0
3517,2026-09-13T00:29:34.860+00:00,87.013927,0.015279,Chordcat 0,control_change,1,,,,11,112,,,,,,B0 0B 70,control_change channel=0 control=11 value=112 time=0
3518,2026-09-13T00:29:34.875+00:00,87.028358,0.014431,Chordcat 0,control_change,1,,,,11,104,,,,,,B0 0B 68,control_change channel=0 control=11 value=104 time=0
3519,2026-09-13T00:29:34.889+00:00,87.042169,0.013811,Chordcat 0,control_change,1,,,,11,97,,,,,,B0 0B 61,control_change channel=0 control=11 value=97 time=0
3520,2026-09-13T00:29:34.904+00:00,87.057375,0.015206,Chordcat 0,control_change,1,,,,11,90,,,,,,B0 0B 5A,control_change channel=0 control=11 value=90 time=0
3521,2026-09-13T00:29:34.919+00:00,87.072522,0.015146,Chordcat 0,control_change,1,,,,11,84,,,,,,B0 0B 54,control_change channel=0 control=11 value=84 time=0
3522,2026-09-13T00:29:34.933+00:00,87.086169,0.013648,Chordcat 0,control_change,1,,,,11,79,,,,,,B0 0B 4F,control_change channel=0 control=11 value=79 time=0
3523,2026-09-13T00:29:34.948+00:00,87.101767,0.015598,Chordcat 0,control_change,1,,,,11,75,,,,,,B0 0B 4B,control_change channel=0 control=11 value=75 time=0
3524,2026-09-13T00:29:34.963+00:00,87.116799,0.015032,Chordcat 0,control_change,1,,,,11,71,,,,,,B0 0B 47,control_change channel=0 control=11 value=71 time=0
3525,2026-09-13T00:29:34.977+00:00,87.131043,0.014244,Chordcat 0,control_change,1,,,,11,68,,,,,,B0 0B 44,control_change channel=0 control=11 value=68 time=0
3526,2026-09-13T00:29:34.992+00:00,87.145501,0.014458,Chordcat 0,control_change,1,,,,11,66,,,,,,B0 0B 42,control_change channel=0 control=11 value=66 time=0
3527,2026-09-13T00:29:35.006+00:00,87.159738,0.014238,Chordcat 0,control_change,1,,,,11,64,,,,,,B0 0B 40,control_change channel=0 control=11 value=64 time=0
3528,2026-09-13T00:29:35.022+00:00,87.175449,0.01571,Chordcat 0,control_change,1,,,,11,63,,,,,,B0 0B 3F,control_change channel=0 control=11 value=63 time=0
3529,2026-09-13T00:29:35.051+00:00,87.204284,0.028835,Chordcat 0,control_change,1,,,,11,127,,,,,,B0 0B 7F,control_change channel=0 control=11 value=127 time=0
3530,2026-09-13T00:29:35.059+00:00,87.21304,0.008757,Chordcat 0,note_on,2,42,F#2,100,,,,,,,,91 2A 64,note_on channel=1 note=42 velocity=100 time=0
3531,2026-09-13T00:29:35.060+00:00,87.213401,0.00036,Chordcat 0,note_on,2,58,A#3,100,,,,,,,,91 3A 64,note_on channel=1 note=58 velocity=100 time=0
3532,2026-09-13T00:29:35.060+00:00,87.213691,0.00029,Chordcat 0,note_on,2,61,C#4,100,,,,,,,,91 3D 64,note_on channel=1 note=61 velocity=100 time=0
3533,2026-09-13T00:29:35.060+00:00,87.213893,0.000202,Chordcat 0,note_on,2,65,F4,100,,,,,,,,91 41 64,note_on channel=1 note=65 velocity=100 time=0
3534,2026-09-13T00:29:35.060+00:00,87.214114,0.000222,Chordcat 0,note_on,2,68,G#4,100,,,,,,,,91 44 64,note_on channel=1 note=68 velocity=100 time=0
3535,2026-09-13T00:29:35.198+00:00,87.351694,0.13758,Chordcat 0,control_change,1,,,,11,121,,,,,,B0 0B 79,control_change channel=0 control=11 value=121 time=0
3536,2026-09-13T00:29:35.213+00:00,87.366512,0.014818,Chordcat 0,control_change,1,,,,11,112,,,,,,B0 0B 70,control_change channel=0 control=11 value=112 time=0
3537,2026-09-13T00:29:35.228+00:00,87.381389,0.014877,Chordcat 0,control_change,1,,,,11,104,,,,,,B0 0B 68,control_change channel=0 control=11 value=104 time=0
3538,2026-09-13T00:29:35.242+00:00,87.395719,0.014329,Chordcat 0,control_change,1,,,,11,97,,,,,,B0 0B 61,control_change channel=0 control=11 value=97 time=0
3539,2026-09-13T00:29:35.257+00:00,87.410756,0.015038,Chordcat 0,control_change,1,,,,11,90,,,,,,B0 0B 5A,control_change channel=0 control=11 value=90 time=0
3540,2026-09-13T00:29:35.271+00:00,87.424971,0.014215,Chordcat 0,control_change,1,,,,11,84,,,,,,B0 0B 54,control_change channel=0 control=11 value=84 time=0
3541,2026-09-13T00:29:35.285+00:00,87.439033,0.014062,Chordcat 0,control_change,1,,,,11,79,,,,,,B0 0B 4F,control_change channel=0 control=11 value=79 time=0
3542,2026-09-13T00:29:35.300+00:00,87.453715,0.014682,Chordcat 0,control_change,1,,,,11,75,,,,,,B0 0B 4B,control_change channel=0 control=11 value=75 time=0
3543,2026-09-13T00:29:35.316+00:00,87.469708,0.015992,Chordcat 0,control_change,1,,,,11,71,,,,,,B0 0B 47,control_change channel=0 control=11 value=71 time=0
3544,2026-09-13T00:29:35.331+00:00,87.484406,0.014698,Chordcat 0,control_change,1,,,,11,68,,,,,,B0 0B 44,control_change channel=0 control=11 value=68 time=0
3545,2026-09-13T00:29:35.344+00:00,87.497759,0.013353,Chordcat 0,control_change,1,,,,11,66,,,,,,B0 0B 42,control_change channel=0 control=11 value=66 time=0
3546,2026-09-13T00:29:35.350+00:00,87.50399,0.006231,Chordcat 0,note_on,2,42,F#2,0,,,,,,,,91 2A 00,note_on channel=1 note=42 velocity=0 time=0
3547,2026-09-13T00:29:35.350+00:00,87.504419,0.000429,Chordcat 0,note_on,2,58,A#3,0,,,,,,,,91 3A 00,note_on channel=1 note=58 velocity=0 time=0
3548,2026-09-13T00:29:35.351+00:00,87.505095,0.000675,Chordcat 0,note_on,2,61,C#4,0,,,,,,,,91 3D 00,note_on channel=1 note=61 velocity=0 time=0
3549,2026-09-13T00:29:35.351+00:00,87.505452,0.000358,Chordcat 0,note_on,2,65,F4,0,,,,,,,,91 41 00,note_on channel=1 note=65 velocity=0 time=0
3550,2026-09-13T00:29:35.351+00:00,87.505768,0.000315,Chordcat 0,note_on,2,68,G#4,0,,,,,,,,91 44 00,note_on channel=1 note=68 velocity=0 time=0
3551,2026-09-13T00:29:35.359+00:00,87.512997,0.007229,Chordcat 0,control_change,1,,,,11,64,,,,,,B0 0B 40,control_change channel=0 control=11 value=64 time=0
3552,2026-09-13T00:29:35.374+00:00,87.52781,0.014813,Chordcat 0,control_change,1,,,,11,63,,,,,,B0 0B 3F,control_change channel=0 control=11 value=63 time=0
3553,2026-09-13T00:29:35.404+00:00,87.557369,0.029558,Chordcat 0,control_change,1,,,,11,127,,,,,,B0 0B 7F,control_change channel=0 control=11 value=127 time=0
3554,2026-09-13T00:29:35.551+00:00,87.704883,0.147514,Chordcat 0,control_change,1,,,,11,121,,,,,,B0 0B 79,control_change channel=0 control=11 value=121 time=0
3555,2026-09-13T00:29:35.565+00:00,87.718849,0.013966,Chordcat 0,control_change,1,,,,11,112,,,,,,B0 0B 70,control_change channel=0 control=11 value=112 time=0
3556,2026-09-13T00:29:35.581+00:00,87.734557,0.015708,Chordcat 0,control_change,1,,,,11,104,,,,,,B0 0B 68,control_change channel=0 control=11 value=104 time=0
3557,2026-09-13T00:29:35.595+00:00,87.748816,0.014259,Chordcat 0,control_change,1,,,,11,97,,,,,,B0 0B 61,control_change channel=0 control=11 value=97 time=0
3558,2026-09-13T00:29:35.609+00:00,87.762714,0.013898,Chordcat 0,control_change,1,,,,11,90,,,,,,B0 0B 5A,control_change channel=0 control=11 value=90 time=0
3559,2026-09-13T00:29:35.624+00:00,87.778095,0.015381,Chordcat 0,control_change,1,,,,11,84,,,,,,B0 0B 54,control_change channel=0 control=11 value=84 time=0
3560,2026-09-13T00:29:35.640+00:00,87.793115,0.015019,Chordcat 0,control_change,1,,,,11,79,,,,,,B0 0B 4F,control_change channel=0 control=11 value=79 time=0
3561,2026-09-13T00:29:35.653+00:00,87.80671,0.013595,Chordcat 0,control_change,1,,,,11,75,,,,,,B0 0B 4B,control_change channel=0 control=11 value=75 time=0
3562,2026-09-13T00:29:35.668+00:00,87.822033,0.015324,Chordcat 0,control_change,1,,,,11,71,,,,,,B0 0B 47,control_change channel=0 control=11 value=71 time=0
3563,2026-09-13T00:29:35.683+00:00,87.836708,0.014674,Chordcat 0,control_change,1,,,,11,68,,,,,,B0 0B 44,control_change channel=0 control=11 value=68 time=0
3564,2026-09-13T00:29:35.698+00:00,87.851559,0.014851,Chordcat 0,control_change,1,,,,11,66,,,,,,B0 0B 42,control_change channel=0 control=11 value=66 time=0
3565,2026-09-13T00:29:35.713+00:00,87.86609,0.014532,Chordcat 0,control_change,1,,,,11,64,,,,,,B0 0B 40,control_change channel=0 control=11 value=64 time=0
3566,2026-09-13T00:29:35.727+00:00,87.880685,0.014594,Chordcat 0,control_change,1,,,,11,63,,,,,,B0 0B 3F,control_change channel=0 control=11 value=63 time=0
3567,2026-09-13T00:29:35.756+00:00,87.909774,0.029089,Chordcat 0,control_change,1,,,,11,127,,,,,,B0 0B 7F,control_change channel=0 control=11 value=127 time=0
3568,2026-09-13T00:29:35.904+00:00,88.057721,0.147947,Chordcat 0,control_change,1,,,,11,121,,,,,,B0 0B 79,control_change channel=0 control=11 value=121 time=0
3569,2026-09-13T00:29:35.920+00:00,88.073261,0.01554,Chordcat 0,control_change,1,,,,11,112,,,,,,B0 0B 70,control_change channel=0 control=11 value=112 time=0
3570,2026-09-13T00:29:35.933+00:00,88.086908,0.013647,Chordcat 0,control_change,1,,,,11,104,,,,,,B0 0B 68,control_change channel=0 control=11 value=104 time=0
3571,2026-09-13T00:29:35.947+00:00,88.101138,0.01423,Chordcat 0,control_change,1,,,,11,97,,,,,,B0 0B 61,control_change channel=0 control=11 value=97 time=0
3572,2026-09-13T00:29:35.963+00:00,88.116626,0.015489,Chordcat 0,control_change,1,,,,11,90,,,,,,B0 0B 5A,control_change channel=0 control=11 value=90 time=0
3573,2026-09-13T00:29:35.977+00:00,88.130926,0.0143,Chordcat 0,control_change,1,,,,11,84,,,,,,B0 0B 54,control_change channel=0 control=11 value=84 time=0
3574,2026-09-13T00:29:35.992+00:00,88.145857,0.014932,Chordcat 0,control_change,1,,,,11,79,,,,,,B0 0B 4F,control_change channel=0 control=11 value=79 time=0
3575,2026-09-13T00:29:36.007+00:00,88.160404,0.014547,Chordcat 0,control_change,1,,,,11,75,,,,,,B0 0B 4B,control_change channel=0 control=11 value=75 time=0
3576,2026-09-13T00:29:36.022+00:00,88.175702,0.015298,Chordcat 0,control_change,1,,,,11,71,,,,,,B0 0B 47,control_change channel=0 control=11 value=71 time=0
3577,2026-09-13T00:29:36.037+00:00,88.190475,0.014773,Chordcat 0,control_change,1,,,,11,68,,,,,,B0 0B 44,control_change channel=0 control=11 value=68 time=0
3578,2026-09-13T00:29:36.051+00:00,88.204618,0.014143,Chordcat 0,control_change,1,,,,11,66,,,,,,B0 0B 42,control_change channel=0 control=11 value=66 time=0
3579,2026-09-13T00:29:36.066+00:00,88.219191,0.014573,Chordcat 0,control_change,1,,,,11,64,,,,,,B0 0B 40,control_change channel=0 control=11 value=64 time=0
3580,2026-09-13T00:29:36.075+00:00,88.228885,0.009694,Chordcat 0,note_on,2,43,G2,100,,,,,,,,91 2B 64,note_on channel=1 note=43 velocity=100 time=0
3581,2026-09-13T00:29:36.075+00:00,88.229357,0.000472,Chordcat 0,note_on,2,59,B3,100,,,,,,,,91 3B 64,note_on channel=1 note=59 velocity=100 time=0
3582,2026-09-13T00:29:36.075+00:00,88.230154,0.000798,Chordcat 0,note_on,2,62,D4,100,,,,,,,,91 3E 64,note_on channel=1 note=62 velocity=100 time=0
3583,2026-09-13T00:29:36.075+00:00,88.230645,0.000491,Chordcat 0,note_on,2,66,F#4,100,,,,,,,,91 42 64,note_on channel=1 note=66 velocity=100 time=0
3584,2026-09-13T00:29:36.075+00:00,88.231107,0.000463,Chordcat 0,note_on,2,69,A4,100,,,,,,,,91 45 64,note_on channel=1 note=69 velocity=100 time=0
3585,2026-09-13T00:29:36.080+00:00,88.233971,0.002863,Chordcat 0,control_change,1,,,,11,63,,,,,,B0 0B 3F,control_change channel=0 control=11 value=63 time=0
3586,2026-09-13T00:29:36.110+00:00,88.263109,0.029138,Chordcat 0,control_change,1,,,,11,127,,,,,,B0 0B 7F,control_change channel=0 control=11 value=127 time=0
3587,2026-09-13T00:29:36.256+00:00,88.409727,0.146618,Chordcat 0,control_change,1,,,,11,121,,,,,,B0 0B 79,control_change channel=0 control=11 value=121 time=0
3588,2026-09-13T00:29:36.271+00:00,88.42495,0.015223,Chordcat 0,control_change,1,,,,11,112,,,,,,B0 0B 70,control_change channel=0 control=11 value=112 time=0
3589,2026-09-13T00:29:36.287+00:00,88.440159,0.015209,Chordcat 0,control_change,1,,,,11,104,,,,,,B0 0B 68,control_change channel=0 control=11 value=104 time=0
3590,2026-09-13T00:29:36.301+00:00,88.454458,0.014299,Chordcat 0,control_change,1,,,,11,97,,,,,,B0 0B 61,control_change channel=0 control=11 value=97 time=0
3591,2026-09-13T00:29:36.316+00:00,88.469391,0.014933,Chordcat 0,control_change,1,,,,11,90,,,,,,B0 0B 5A,control_change channel=0 control=11 value=90 time=0
3592,2026-09-13T00:29:36.330+00:00,88.484086,0.014695,Chordcat 0,control_change,1,,,,11,84,,,,,,B0 0B 54,control_change channel=0 control=11 value=84 time=0
3593,2026-09-13T00:29:36.345+00:00,88.49876,0.014674,Chordcat 0,control_change,1,,,,11,79,,,,,,B0 0B 4F,control_change channel=0 control=11 value=79 time=0
3594,2026-09-13T00:29:36.360+00:00,88.514032,0.015272,Chordcat 0,control_change,1,,,,11,75,,,,,,B0 0B 4B,control_change channel=0 control=11 value=75 time=0
3595,2026-09-13T00:29:36.375+00:00,88.529042,0.015011,Chordcat 0,control_change,1,,,,11,71,,,,,,B0 0B 47,control_change channel=0 control=11 value=71 time=0
3596,2026-09-13T00:29:36.390+00:00,88.543749,0.014707,Chordcat 0,control_change,1,,,,11,68,,,,,,B0 0B 44,control_change channel=0 control=11 value=68 time=0
3597,2026-09-13T00:29:36.390+00:00,88.544095,0.000347,Chordcat 0,note_on,2,43,G2,0,,,,,,,,91 2B 00,note_on channel=1 note=43 velocity=0 time=0
3598,2026-09-13T00:29:36.390+00:00,88.544422,0.000326,Chordcat 0,note_on,2,59,B3,0,,,,,,,,91 3B 00,note_on channel=1 note=59 velocity=0 time=0
3599,2026-09-13T00:29:36.390+00:00,88.54464,0.000218,Chordcat 0,note_on,2,62,D4,0,,,,,,,,91 3E 00,note_on channel=1 note=62 velocity=0 time=0
3600,2026-09-13T00:29:36.390+00:00,88.544841,0.000201,Chordcat 0,note_on,2,66,F#4,0,,,,,,,,91 42 00,note_on channel=1 note=66 velocity=0 time=0
3601,2026-09-13T00:29:36.390+00:00,88.545145,0.000304,Chordcat 0,note_on,2,69,A4,0,,,,,,,,91 45 00,note_on channel=1 note=69 velocity=0 time=0
3602,2026-09-13T00:29:36.404+00:00,88.558129,0.012984,Chordcat 0,control_change,1,,,,11,66,,,,,,B0 0B 42,control_change channel=0 control=11 value=66 time=0
3603,2026-09-13T00:29:36.418+00:00,88.571977,0.013848,Chordcat 0,control_change,1,,,,11,64,,,,,,B0 0B 40,control_change channel=0 control=11 value=64 time=0
3604,2026-09-13T00:29:36.433+00:00,88.586981,0.015004,Chordcat 0,control_change,1,,,,11,63,,,,,,B0 0B 3F,control_change channel=0 control=11 value=63 time=0
3605,2026-09-13T00:29:36.463+00:00,88.616862,0.029881,Chordcat 0,control_change,1,,,,11,127,,,,,,B0 0B 7F,control_change channel=0 control=11 value=127 time=0
3606,2026-09-13T00:29:36.611+00:00,88.764151,0.147289,Chordcat 0,control_change,1,,,,11,121,,,,,,B0 0B 79,control_change channel=0 control=11 value=121 time=0
3607,2026-09-13T00:29:36.624+00:00,88.777908,0.013757,Chordcat 0,control_change,1,,,,11,112,,,,,,B0 0B 70,control_change channel=0 control=11 value=112 time=0
3608,2026-09-13T00:29:36.639+00:00,88.792866,0.014958,Chordcat 0,control_change,1,,,,11,104,,,,,,B0 0B 68,control_change channel=0 control=11 value=104 time=0
3609,2026-09-13T00:29:36.655+00:00,88.808502,0.015636,Chordcat 0,control_change,1,,,,11,96,,,,,,B0 0B 60,control_change channel=0 control=11 value=96 time=0
3610,2026-09-13T00:29:36.669+00:00,88.822962,0.01446,Chordcat 0,control_change,1,,,,11,90,,,,,,B0 0B 5A,control_change channel=0 control=11 value=90 time=0
3611,2026-09-13T00:29:36.684+00:00,88.837643,0.014681,Chordcat 0,control_change,1,,,,11,84,,,,,,B0 0B 54,control_change channel=0 control=11 value=84 time=0
3612,2026-09-13T00:29:36.699+00:00,88.852898,0.015255,Chordcat 0,control_change,1,,,,11,79,,,,,,B0 0B 4F,control_change channel=0 control=11 value=79 time=0
3613,2026-09-13T00:29:36.712+00:00,88.865741,0.012843,Chordcat 0,control_change,1,,,,11,75,,,,,,B0 0B 4B,control_change channel=0 control=11 value=75 time=0
3614,2026-09-13T00:29:36.727+00:00,88.880647,0.014906,Chordcat 0,control_change,1,,,,11,71,,,,,,B0 0B 47,control_change channel=0 control=11 value=71 time=0
3615,2026-09-13T00:29:36.743+00:00,88.896498,0.015851,Chordcat 0,control_change,1,,,,11,68,,,,,,B0 0B 44,control_change channel=0 control=11 value=68 time=0
3616,2026-09-13T00:29:36.758+00:00,88.911184,0.014686,Chordcat 0,control_change,1,,,,11,65,,,,,,B0 0B 41,control_change channel=0 control=11 value=65 time=0
3617,2026-09-13T00:29:36.772+00:00,88.925117,0.013933,Chordcat 0,control_change,1,,,,11,64,,,,,,B0 0B 40,control_change channel=0 control=11 value=64 time=0
3618,2026-09-13T00:29:36.786+00:00,88.93978,0.014663,Chordcat 0,control_change,1,,,,11,63,,,,,,B0 0B 3F,control_change channel=0 control=11 value=63 time=0
3619,2026-09-13T00:29:36.815+00:00,88.968761,0.028981,Chordcat 0,control_change,1,,,,11,127,,,,,,B0 0B 7F,control_change channel=0 control=11 value=127 time=0
3620,2026-09-13T00:29:36.963+00:00,89.116629,0.147868,Chordcat 0,control_change,1,,,,11,121,,,,,,B0 0B 79,control_change channel=0 control=11 value=121 time=0
3621,2026-09-13T00:29:36.979+00:00,89.132157,0.015528,Chordcat 0,control_change,1,,,,11,112,,,,,,B0 0B 70,control_change channel=0 control=11 value=112 time=0
3622,2026-09-13T00:29:36.993+00:00,89.146783,0.014625,Chordcat 0,control_change,1,,,,11,104,,,,,,B0 0B 68,control_change channel=0 control=11 value=104 time=0
3623,2026-09-13T00:29:37.007+00:00,89.160986,0.014204,Chordcat 0,control_change,1,,,,11,96,,,,,,B0 0B 60,control_change channel=0 control=11 value=96 time=0
3624,2026-09-13T00:29:37.021+00:00,89.174806,0.01382,Chordcat 0,control_change,1,,,,11,90,,,,,,B0 0B 5A,control_change channel=0 control=11 value=90 time=0
3625,2026-09-13T00:29:37.036+00:00,89.190081,0.015274,Chordcat 0,control_change,1,,,,11,84,,,,,,B0 0B 54,control_change channel=0 control=11 value=84 time=0
3626,2026-09-13T00:29:37.051+00:00,89.204832,0.014752,Chordcat 0,control_change,1,,,,11,79,,,,,,B0 0B 4F,control_change channel=0 control=11 value=79 time=0
3627,2026-09-13T00:29:37.065+00:00,89.218689,0.013856,Chordcat 0,control_change,1,,,,11,75,,,,,,B0 0B 4B,control_change channel=0 control=11 value=75 time=0
3628,2026-09-13T00:29:37.080+00:00,89.23401,0.015322,Chordcat 0,control_change,1,,,,11,71,,,,,,B0 0B 47,control_change channel=0 control=11 value=71 time=0
3629,2026-09-13T00:29:37.095+00:00,89.248864,0.014854,Chordcat 0,control_change,1,,,,11,68,,,,,,B0 0B 44,control_change channel=0 control=11 value=68 time=0
3630,2026-09-13T00:29:37.109+00:00,89.262901,0.014037,Chordcat 0,control_change,1,,,,11,66,,,,,,B0 0B 42,control_change channel=0 control=11 value=66 time=0
3631,2026-09-13T00:29:37.125+00:00,89.278143,0.015242,Chordcat 0,control_change,1,,,,11,64,,,,,,B0 0B 40,control_change channel=0 control=11 value=64 time=0
3632,2026-09-13T00:29:37.139+00:00,89.293068,0.014925,Chordcat 0,control_change,1,,,,11,63,,,,,,B0 0B 3F,control_change channel=0 control=11 value=63 time=0
3633,2026-09-13T00:29:37.170+00:00,89.323125,0.030056,Chordcat 0,control_change,1,,,,11,127,,,,,,B0 0B 7F,control_change channel=0 control=11 value=127 time=0
3634,2026-09-13T00:29:37.316+00:00,89.469163,0.146038,Chordcat 0,control_change,1,,,,11,121,,,,,,B0 0B 79,control_change channel=0 control=11 value=121 time=0
3635,2026-09-13T00:29:37.330+00:00,89.483657,0.014495,Chordcat 0,control_change,1,,,,11,112,,,,,,B0 0B 70,control_change channel=0 control=11 value=112 time=0
3636,2026-09-13T00:29:37.332+00:00,89.485072,0.001414,Chordcat 0,note_on,2,44,G#2,100,,,,,,,,91 2C 64,note_on channel=1 note=44 velocity=100 time=0
3637,2026-09-13T00:29:37.332+00:00,89.485538,0.000466,Chordcat 0,note_on,2,54,F#3,100,,,,,,,,91 36 64,note_on channel=1 note=54 velocity=100 time=0
3638,2026-09-13T00:29:37.332+00:00,89.485883,0.000344,Chordcat 0,note_on,2,58,A#3,100,,,,,,,,91 3A 64,note_on channel=1 note=58 velocity=100 time=0
3639,2026-09-13T00:29:37.332+00:00,89.486246,0.000364,Chordcat 0,note_on,2,61,C#4,100,,,,,,,,91 3D 64,note_on channel=1 note=61 velocity=100 time=0
3640,2026-09-13T00:29:37.332+00:00,89.486536,0.00029,Chordcat 0,note_on,2,66,F#4,100,,,,,,,,91 42 64,note_on channel=1 note=66 velocity=100 time=0
3641,2026-09-13T00:29:37.345+00:00,89.499131,0.012595,Chordcat 0,control_change,1,,,,11,104,,,,,,B0 0B 68,control_change channel=0 control=11 value=104 time=0
3642,2026-09-13T00:29:37.361+00:00,89.514119,0.014988,Chordcat 0,control_change,1,,,,11,97,,,,,,B0 0B 61,control_change channel=0 control=11 value=97 time=0
3643,2026-09-13T00:29:37.374+00:00,89.527898,0.013779,Chordcat 0,control_change,1,,,,11,90,,,,,,B0 0B 5A,control_change channel=0 control=11 value=90 time=0
3644,2026-09-13T00:29:37.389+00:00,89.542887,0.014989,Chordcat 0,control_change,1,,,,11,84,,,,,,B0 0B 54,control_change channel=0 control=11 value=84 time=0
3645,2026-09-13T00:29:37.404+00:00,89.558046,0.015159,Chordcat 0,control_change,1,,,,11,79,,,,,,B0 0B 4F,control_change channel=0 control=11 value=79 time=0
3646,2026-09-13T00:29:37.420+00:00,89.573457,0.015411,Chordcat 0,control_change,1,,,,11,75,,,,,,B0 0B 4B,control_change channel=0 control=11 value=75 time=0
3647,2026-09-13T00:29:37.433+00:00,89.586875,0.013418,Chordcat 0,control_change,1,,,,11,71,,,,,,B0 0B 47,control_change channel=0 control=11 value=71 time=0
3648,2026-09-13T00:29:37.448+00:00,89.601788,0.014913,Chordcat 0,control_change,1,,,,11,68,,,,,,B0 0B 44,control_change channel=0 control=11 value=68 time=0
3649,2026-09-13T00:29:37.464+00:00,89.617267,0.015479,Chordcat 0,control_change,1,,,,11,66,,,,,,B0 0B 42,control_change channel=0 control=11 value=66 time=0
3650,2026-09-13T00:29:37.483+00:00,89.637057,0.019789,Chordcat 0,control_change,1,,,,11,64,,,,,,B0 0B 40,control_change channel=0 control=11 value=64 time=0
3651,2026-09-13T00:29:37.492+00:00,89.646126,0.00907,Chordcat 0,control_change,1,,,,11,63,,,,,,B0 0B 3F,control_change channel=0 control=11 value=63 time=0
3652,2026-09-13T00:29:37.535+00:00,89.689327,0.0432,Chordcat 0,control_change,1,,,,11,127,,,,,,B0 0B 7F,control_change channel=0 control=11 value=127 time=0
3653,2026-09-13T00:29:37.662+00:00,89.815675,0.126348,Chordcat 0,note_on,2,44,G#2,0,,,,,,,,91 2C 00,note_on channel=1 note=44 velocity=0 time=0
3654,2026-09-13T00:29:37.662+00:00,89.816431,0.000756,Chordcat 0,note_on,2,54,F#3,0,,,,,,,,91 36 00,note_on channel=1 note=54 velocity=0 time=0
3655,2026-09-13T00:29:37.663+00:00,89.816789,0.000358,Chordcat 0,note_on,2,58,A#3,0,,,,,,,,91 3A 00,note_on channel=1 note=58 velocity=0 time=0
3656,2026-09-13T00:29:37.663+00:00,89.817095,0.000306,Chordcat 0,note_on,2,61,C#4,0,,,,,,,,91 3D 00,note_on channel=1 note=61 velocity=0 time=0
3657,2026-09-13T00:29:37.663+00:00,89.817286,0.000192,Chordcat 0,note_on,2,66,F#4,0,,,,,,,,91 42 00,note_on channel=1 note=66 velocity=0 time=0
3658,2026-09-13T00:29:37.669+00:00,89.823064,0.005778,Chordcat 0,control_change,1,,,,11,120,,,,,,B0 0B 78,control_change channel=0 control=11 value=120 time=0
3659,2026-09-13T00:29:37.683+00:00,89.836908,0.013844,Chordcat 0,control_change,1,,,,11,112,,,,,,B0 0B 70,control_change channel=0 control=11 value=112 time=0
3660,2026-09-13T00:29:37.699+00:00,89.852584,0.015675,Chordcat 0,control_change,1,,,,11,104,,,,,,B0 0B 68,control_change channel=0 control=11 value=104 time=0
3661,2026-09-13T00:29:37.714+00:00,89.86736,0.014776,Chordcat 0,control_change,1,,,,11,96,,,,,,B0 0B 60,control_change channel=0 control=11 value=96 time=0
3662,2026-09-13T00:29:37.728+00:00,89.881181,0.013821,Chordcat 0,control_change,1,,,,11,90,,,,,,B0 0B 5A,control_change channel=0 control=11 value=90 time=0
3663,2026-09-13T00:29:37.743+00:00,89.89657,0.015388,Chordcat 0,control_change,1,,,,11,84,,,,,,B0 0B 54,control_change channel=0 control=11 value=84 time=0
3664,2026-09-13T00:29:37.758+00:00,89.911204,0.014635,Chordcat 0,control_change,1,,,,11,79,,,,,,B0 0B 4F,control_change channel=0 control=11 value=79 time=0
3665,2026-09-13T00:29:37.772+00:00,89.925361,0.014157,Chordcat 0,control_change,1,,,,11,75,,,,,,B0 0B 4B,control_change channel=0 control=11 value=75 time=0
3666,2026-09-13T00:29:37.787+00:00,89.940664,0.015303,Chordcat 0,control_change,1,,,,11,71,,,,,,B0 0B 47,control_change channel=0 control=11 value=71 time=0
3667,2026-09-13T00:29:37.801+00:00,89.954801,0.014137,Chordcat 0,control_change,1,,,,11,68,,,,,,B0 0B 44,control_change channel=0 control=11 value=68 time=0
3668,2026-09-13T00:29:37.817+00:00,89.970487,0.015686,Chordcat 0,control_change,1,,,,11,65,,,,,,B0 0B 41,control_change channel=0 control=11 value=65 time=0
3669,2026-09-13T00:29:37.831+00:00,89.984257,0.013771,Chordcat 0,control_change,1,,,,11,64,,,,,,B0 0B 40,control_change channel=0 control=11 value=64 time=0
3670,2026-09-13T00:29:37.845+00:00,89.998636,0.014378,Chordcat 0,control_change,1,,,,11,63,,,,,,B0 0B 3F,control_change channel=0 control=11 value=63 time=0
3671,2026-09-13T00:29:37.875+00:00,90.028577,0.029941,Chordcat 0,control_change,1,,,,11,127,,,,,,B0 0B 7F,control_change channel=0 control=11 value=127 time=0
3672,2026-09-13T00:29:38.022+00:00,90.175252,0.146674,Chordcat 0,control_change,1,,,,11,121,,,,,,B0 0B 79,control_change channel=0 control=11 value=121 time=0
3673,2026-09-13T00:29:38.037+00:00,90.190241,0.01499,Chordcat 0,control_change,1,,,,11,112,,,,,,B0 0B 70,control_change channel=0 control=11 value=112 time=0
3674,2026-09-13T00:29:38.051+00:00,90.204753,0.014512,Chordcat 0,control_change,1,,,,11,104,,,,,,B0 0B 68,control_change channel=0 control=11 value=104 time=0
3675,2026-09-13T00:29:38.067+00:00,90.220138,0.015385,Chordcat 0,control_change,1,,,,11,96,,,,,,B0 0B 60,control_change channel=0 control=11 value=96 time=0
3676,2026-09-13T00:29:38.080+00:00,90.233979,0.013841,Chordcat 0,control_change,1,,,,11,90,,,,,,B0 0B 5A,control_change channel=0 control=11 value=90 time=0
3677,2026-09-13T00:29:38.095+00:00,90.248655,0.014677,Chordcat 0,control_change,1,,,,11,84,,,,,,B0 0B 54,control_change channel=0 control=11 value=84 time=0
3678,2026-09-13T00:29:38.110+00:00,90.264043,0.015388,Chordcat 0,control_change,1,,,,11,79,,,,,,B0 0B 4F,control_change channel=0 control=11 value=79 time=0
3679,2026-09-13T00:29:38.124+00:00,90.277798,0.013755,Chordcat 0,control_change,1,,,,11,75,,,,,,B0 0B 4B,control_change channel=0 control=11 value=75 time=0
3680,2026-09-13T00:29:38.140+00:00,90.293801,0.016003,Chordcat 0,control_change,1,,,,11,71,,,,,,B0 0B 47,control_change channel=0 control=11 value=71 time=0
3681,2026-09-13T00:29:38.154+00:00,90.30776,0.013958,Chordcat 0,control_change,1,,,,11,68,,,,,,B0 0B 44,control_change channel=0 control=11 value=68 time=0
3682,2026-09-13T00:29:38.170+00:00,90.323505,0.015746,Chordcat 0,control_change,1,,,,11,65,,,,,,B0 0B 41,control_change channel=0 control=11 value=65 time=0
3683,2026-09-13T00:29:38.184+00:00,90.337745,0.01424,Chordcat 0,control_change,1,,,,11,64,,,,,,B0 0B 40,control_change channel=0 control=11 value=64 time=0
3684,2026-09-13T00:29:38.198+00:00,90.351602,0.013857,Chordcat 0,control_change,1,,,,11,63,,,,,,B0 0B 3F,control_change channel=0 control=11 value=63 time=0
3685,2026-09-13T00:29:38.228+00:00,90.38174,0.030138,Chordcat 0,control_change,1,,,,11,127,,,,,,B0 0B 7F,control_change channel=0 control=11 value=127 time=0
3686,2026-09-13T00:29:38.376+00:00,90.529578,0.147838,Chordcat 0,control_change,1,,,,11,120,,,,,,B0 0B 78,control_change channel=0 control=11 value=120 time=0
3687,2026-09-13T00:29:38.390+00:00,90.543393,0.013815,Chordcat 0,control_change,1,,,,11,112,,,,,,B0 0B 70,control_change channel=0 control=11 value=112 time=0
3688,2026-09-13T00:29:38.404+00:00,90.557642,0.01425,Chordcat 0,control_change,1,,,,11,104,,,,,,B0 0B 68,control_change channel=0 control=11 value=104 time=0
3689,2026-09-13T00:29:38.419+00:00,90.572836,0.015194,Chordcat 0,control_change,1,,,,11,97,,,,,,B0 0B 61,control_change channel=0 control=11 value=97 time=0
3690,2026-09-13T00:29:38.434+00:00,90.587845,0.015009,Chordcat 0,control_change,1,,,,11,90,,,,,,B0 0B 5A,control_change channel=0 control=11 value=90 time=0
3691,2026-09-13T00:29:38.448+00:00,90.601652,0.013806,Chordcat 0,control_change,1,,,,11,84,,,,,,B0 0B 54,control_change channel=0 control=11 value=84 time=0
3692,2026-09-13T00:29:38.464+00:00,90.617229,0.015577,Chordcat 0,control_change,1,,,,11,79,,,,,,B0 0B 4F,control_change channel=0 control=11 value=79 time=0
3693,2026-09-13T00:29:38.478+00:00,90.631636,0.014407,Chordcat 0,control_change,1,,,,11,75,,,,,,B0 0B 4B,control_change channel=0 control=11 value=75 time=0
3694,2026-09-13T00:29:38.492+00:00,90.645802,0.014166,Chordcat 0,control_change,1,,,,11,71,,,,,,B0 0B 47,control_change channel=0 control=11 value=71 time=0
3695,2026-09-13T00:29:38.508+00:00,90.661256,0.015454,Chordcat 0,control_change,1,,,,11,68,,,,,,B0 0B 44,control_change channel=0 control=11 value=68 time=0
3696,2026-09-13T00:29:38.522+00:00,90.676019,0.014763,Chordcat 0,control_change,1,,,,11,66,,,,,,B0 0B 42,control_change channel=0 control=11 value=66 time=0
3697,2026-09-13T00:29:38.537+00:00,90.690413,0.014394,Chordcat 0,control_change,1,,,,11,64,,,,,,B0 0B 40,control_change channel=0 control=11 value=64 time=0
3698,2026-09-13T00:29:38.552+00:00,90.70551,0.015097,Chordcat 0,control_change,1,,,,11,63,,,,,,B0 0B 3F,control_change channel=0 control=11 value=63 time=0
3699,2026-09-13T00:29:38.582+00:00,90.735745,0.030235,Chordcat 0,control_change,1,,,,11,127,,,,,,B0 0B 7F,control_change channel=0 control=11 value=127 time=0
3700,2026-09-13T00:29:38.728+00:00,90.88164,0.145895,Chordcat 0,control_change,1,,,,11,121,,,,,,B0 0B 79,control_change channel=0 control=11 value=121 time=0
3701,2026-09-13T00:29:38.743+00:00,90.896412,0.014772,Chordcat 0,control_change,1,,,,11,112,,,,,,B0 0B 70,control_change channel=0 control=11 value=112 time=0
3702,2026-09-13T00:29:38.758+00:00,90.911173,0.014761,Chordcat 0,control_change,1,,,,11,104,,,,,,B0 0B 68,control_change channel=0 control=11 value=104 time=0
3703,2026-09-13T00:29:38.772+00:00,90.925723,0.01455,Chordcat 0,control_change,1,,,,11,97,,,,,,B0 0B 61,control_change channel=0 control=11 value=97 time=0
3704,2026-09-13T00:29:38.786+00:00,90.939755,0.014032,Chordcat 0,control_change,1,,,,11,91,,,,,,B0 0B 5B,control_change channel=0 control=11 value=91 time=0
3705,2026-09-13T00:29:38.801+00:00,90.954835,0.015081,Chordcat 0,control_change,1,,,,11,85,,,,,,B0 0B 55,control_change channel=0 control=11 value=85 time=0
3706,2026-09-13T00:29:38.817+00:00,90.970334,0.015499,Chordcat 0,control_change,1,,,,11,79,,,,,,B0 0B 4F,control_change channel=0 control=11 value=79 time=0
3707,2026-09-13T00:29:38.832+00:00,90.985171,0.014837,Chordcat 0,control_change,1,,,,11,75,,,,,,B0 0B 4B,control_change channel=0 control=11 value=75 time=0
3708,2026-09-13T00:29:38.845+00:00,90.998956,0.013785,Chordcat 0,control_change,1,,,,11,71,,,,,,B0 0B 47,control_change channel=0 control=11 value=71 time=0
3709,2026-09-13T00:29:38.860+00:00,91.013766,0.01481,Chordcat 0,control_change,1,,,,11,68,,,,,,B0 0B 44,control_change channel=0 control=11 value=68 time=0
3710,2026-09-13T00:29:38.876+00:00,91.02936,0.015594,Chordcat 0,control_change,1,,,,11,66,,,,,,B0 0B 42,control_change channel=0 control=11 value=66 time=0
3711,2026-09-13T00:29:38.889+00:00,91.043064,0.013704,Chordcat 0,control_change,1,,,,11,64,,,,,,B0 0B 40,control_change channel=0 control=11 value=64 time=0
3712,2026-09-13T00:29:38.904+00:00,91.058092,0.015028,Chordcat 0,control_change,1,,,,11,63,,,,,,B0 0B 3F,control_change channel=0 control=11 value=63 time=0
3713,2026-09-13T00:29:38.933+00:00,91.086861,0.028769,Chordcat 0,control_change,1,,,,11,127,,,,,,B0 0B 7F,control_change channel=0 control=11 value=127 time=0
3714,2026-09-13T00:29:39.081+00:00,91.234985,0.148124,Chordcat 0,control_change,1,,,,11,120,,,,,,B0 0B 78,control_change channel=0 control=11 value=120 time=0
3715,2026-09-13T00:29:39.096+00:00,91.249209,0.014224,Chordcat 0,control_change,1,,,,11,112,,,,,,B0 0B 70,control_change channel=0 control=11 value=112 time=0
3716,2026-09-13T00:29:39.110+00:00,91.263767,0.014558,Chordcat 0,control_change,1,,,,11,104,,,,,,B0 0B 68,control_change channel=0 control=11 value=104 time=0
3717,2026-09-13T00:29:39.125+00:00,91.279113,0.015346,Chordcat 0,control_change,1,,,,11,96,,,,,,B0 0B 60,control_change channel=0 control=11 value=96 time=0
3718,2026-09-13T00:29:39.139+00:00,91.293075,0.013962,Chordcat 0,control_change,1,,,,11,90,,,,,,B0 0B 5A,control_change channel=0 control=11 value=90 time=0
3719,2026-09-13T00:29:39.155+00:00,91.308161,0.015086,Chordcat 0,control_change,1,,,,11,84,,,,,,B0 0B 54,control_change channel=0 control=11 value=84 time=0
3720,2026-09-13T00:29:39.158+00:00,91.311874,0.003713,Chordcat 0,note_on,2,44,G#2,100,,,,,,,,91 2C 64,note_on channel=1 note=44 velocity=100 time=0
3721,2026-09-13T00:29:39.158+00:00,91.31259,0.000716,Chordcat 0,note_on,2,54,F#3,100,,,,,,,,91 36 64,note_on channel=1 note=54 velocity=100 time=0
3722,2026-09-13T00:29:39.159+00:00,91.312903,0.000313,Chordcat 0,note_on,2,59,B3,100,,,,,,,,91 3B 64,note_on channel=1 note=59 velocity=100 time=0
3723,2026-09-13T00:29:39.159+00:00,91.313168,0.000265,Chordcat 0,note_on,2,61,C#4,100,,,,,,,,91 3D 64,note_on channel=1 note=61 velocity=100 time=0
3724,2026-09-13T00:29:39.160+00:00,91.313494,0.000326,Chordcat 0,note_on,2,66,F#4,100,,,,,,,,91 42 64,note_on channel=1 note=66 velocity=100 time=0
3725,2026-09-13T00:29:39.169+00:00,91.323067,0.009573,Chordcat 0,control_change,1,,,,11,79,,,,,,B0 0B 4F,control_change channel=0 control=11 value=79 time=0
3726,2026-09-13T00:29:39.183+00:00,91.336931,0.013864,Chordcat 0,control_change,1,,,,11,75,,,,,,B0 0B 4B,control_change channel=0 control=11 value=75 time=0
3727,2026-09-13T00:29:39.198+00:00,91.35192,0.014989,Chordcat 0,control_change,1,,,,11,71,,,,,,B0 0B 47,control_change channel=0 control=11 value=71 time=0
3728,2026-09-13T00:29:39.214+00:00,91.367466,0.015545,Chordcat 0,control_change,1,,,,11,68,,,,,,B0 0B 44,control_change channel=0 control=11 value=68 time=0
3729,2026-09-13T00:29:39.228+00:00,91.381591,0.014125,Chordcat 0,control_change,1,,,,11,66,,,,,,B0 0B 42,control_change channel=0 control=11 value=66 time=0
3730,2026-09-13T00:29:39.243+00:00,91.396887,0.015296,Chordcat 0,control_change,1,,,,11,64,,,,,,B0 0B 40,control_change channel=0 control=11 value=64 time=0
3731,2026-09-13T00:29:39.258+00:00,91.411253,0.014366,Chordcat 0,control_change,1,,,,11,63,,,,,,B0 0B 3F,control_change channel=0 control=11 value=63 time=0
3732,2026-09-13T00:29:39.287+00:00,91.440688,0.029435,Chordcat 0,control_change,1,,,,11,127,,,,,,B0 0B 7F,control_change channel=0 control=11 value=127 time=0
3733,2026-09-13T00:29:39.414+00:00,91.567148,0.12646,Chordcat 0,note_on,2,44,G#2,0,,,,,,,,91 2C 00,note_on channel=1 note=44 velocity=0 time=0
3734,2026-09-13T00:29:39.414+00:00,91.567628,0.000481,Chordcat 0,note_on,2,54,F#3,0,,,,,,,,91 36 00,note_on channel=1 note=54 velocity=0 time=0
3735,2026-09-13T00:29:39.414+00:00,91.568031,0.000403,Chordcat 0,note_on,2,59,B3,0,,,,,,,,91 3B 00,note_on channel=1 note=59 velocity=0 time=0
3736,2026-09-13T00:29:39.415+00:00,91.568251,0.00022,Chordcat 0,note_on,2,61,C#4,0,,,,,,,,91 3D 00,note_on channel=1 note=61 velocity=0 time=0
3737,2026-09-13T00:29:39.415+00:00,91.568453,0.000202,Chordcat 0,note_on,2,66,F#4,0,,,,,,,,91 42 00,note_on channel=1 note=66 velocity=0 time=0
3738,2026-09-13T00:29:39.435+00:00,91.588348,0.019895,Chordcat 0,control_change,1,,,,11,121,,,,,,B0 0B 79,control_change channel=0 control=11 value=121 time=0
3739,2026-09-13T00:29:39.448+00:00,91.601801,0.013454,Chordcat 0,control_change,1,,,,11,112,,,,,,B0 0B 70,control_change channel=0 control=11 value=112 time=0
3740,2026-09-13T00:29:39.463+00:00,91.617112,0.01531,Chordcat 0,control_change,1,,,,11,104,,,,,,B0 0B 68,control_change channel=0 control=11 value=104 time=0
3741,2026-09-13T00:29:39.479+00:00,91.632849,0.015737,Chordcat 0,control_change,1,,,,11,97,,,,,,B0 0B 61,control_change channel=0 control=11 value=97 time=0
3742,2026-09-13T00:29:39.493+00:00,91.646936,0.014087,Chordcat 0,control_change,1,,,,11,90,,,,,,B0 0B 5A,control_change channel=0 control=11 value=90 time=0
3743,2026-09-13T00:29:39.507+00:00,91.660753,0.013818,Chordcat 0,control_change,1,,,,11,85,,,,,,B0 0B 55,control_change channel=0 control=11 value=85 time=0
3744,2026-09-13T00:29:39.523+00:00,91.67636,0.015607,Chordcat 0,control_change,1,,,,11,79,,,,,,B0 0B 4F,control_change channel=0 control=11 value=79 time=0
3745,2026-09-13T00:29:39.537+00:00,91.690736,0.014376,Chordcat 0,control_change,1,,,,11,75,,,,,,B0 0B 4B,control_change channel=0 control=11 value=75 time=0
3746,2026-09-13T00:29:39.551+00:00,91.705088,0.014353,Chordcat 0,control_change,1,,,,11,71,,,,,,B0 0B 47,control_change channel=0 control=11 value=71 time=0
3747,2026-09-13T00:29:39.566+00:00,91.719936,0.014847,Chordcat 0,control_change,1,,,,11,68,,,,,,B0 0B 44,control_change channel=0 control=11 value=68 time=0
3748,2026-09-13T00:29:39.582+00:00,91.736158,0.016222,Chordcat 0,control_change,1,,,,11,66,,,,,,B0 0B 42,control_change channel=0 control=11 value=66 time=0
3749,2026-09-13T00:29:39.596+00:00,91.749894,0.013737,Chordcat 0,control_change,1,,,,11,64,,,,,,B0 0B 40,control_change channel=0 control=11 value=64 time=0
3750,2026-09-13T00:29:39.611+00:00,91.764359,0.014465,Chordcat 0,control_change,1,,,,11,63,,,,,,B0 0B 3F,control_change channel=0 control=11 value=63 time=0
3751,2026-09-13T00:29:39.641+00:00,91.794114,0.029756,Chordcat 0,control_change,1,,,,11,127,,,,,,B0 0B 7F,control_change channel=0 control=11 value=127 time=0
3752,2026-09-13T00:29:39.788+00:00,91.941368,0.147254,Chordcat 0,control_change,1,,,,11,121,,,,,,B0 0B 79,control_change channel=0 control=11 value=121 time=0
3753,2026-09-13T00:29:39.801+00:00,91.95481,0.013441,Chordcat 0,control_change,1,,,,11,112,,,,,,B0 0B 70,control_change channel=0 control=11 value=112 time=0
3754,2026-09-13T00:29:39.816+00:00,91.969899,0.015089,Chordcat 0,control_change,1,,,,11,104,,,,,,B0 0B 68,control_change channel=0 control=11 value=104 time=0
3755,2026-09-13T00:29:39.831+00:00,91.984745,0.014847,Chordcat 0,control_change,1,,,,11,97,,,,,,B0 0B 61,control_change channel=0 control=11 value=97 time=0
3756,2026-09-13T00:29:39.847+00:00,92.000149,0.015404,Chordcat 0,control_change,1,,,,11,90,,,,,,B0 0B 5A,control_change channel=0 control=11 value=90 time=0
3757,2026-09-13T00:29:39.861+00:00,92.014385,0.014235,Chordcat 0,control_change,1,,,,11,85,,,,,,B0 0B 55,control_change channel=0 control=11 value=85 time=0
3758,2026-09-13T00:29:39.875+00:00,92.028989,0.014604,Chordcat 0,control_change,1,,,,11,79,,,,,,B0 0B 4F,control_change channel=0 control=11 value=79 time=0
3759,2026-09-13T00:29:39.887+00:00,92.041135,0.012146,Chordcat 0,note_on,2,44,G#2,100,,,,,,,,91 2C 64,note_on channel=1 note=44 velocity=100 time=0
3760,2026-09-13T00:29:39.887+00:00,92.041513,0.000378,Chordcat 0,note_on,2,60,C4,100,,,,,,,,91 3C 64,note_on channel=1 note=60 velocity=100 time=0
3761,2026-09-13T00:29:39.887+00:00,92.041962,0.00045,Chordcat 0,note_on,2,63,D#4,100,,,,,,,,91 3F 64,note_on channel=1 note=63 velocity=100 time=0
3762,2026-09-13T00:29:39.887+00:00,92.042331,0.000369,Chordcat 0,note_on,2,67,G4,100,,,,,,,,91 43 64,note_on channel=1 note=67 velocity=100 time=0
3763,2026-09-13T00:29:39.887+00:00,92.0427,0.000369,Chordcat 0,note_on,2,70,A#4,100,,,,,,,,91 46 64,note_on channel=1 note=70 velocity=100 time=0
3764,2026-09-13T00:29:39.891+00:00,92.044696,0.001996,Chordcat 0,control_change,1,,,,11,75,,,,,,B0 0B 4B,control_change channel=0 control=11 value=75 time=0
3765,2026-09-13T00:29:39.904+00:00,92.057695,0.012999,Chordcat 0,control_change,1,,,,11,71,,,,,,B0 0B 47,control_change channel=0 control=11 value=71 time=0
3766,2026-09-13T00:29:39.919+00:00,92.072878,0.015183,Chordcat 0,control_change,1,,,,11,68,,,,,,B0 0B 44,control_change channel=0 control=11 value=68 time=0
3767,2026-09-13T00:29:39.935+00:00,92.088449,0.015571,Chordcat 0,control_change,1,,,,11,66,,,,,,B0 0B 42,control_change channel=0 control=11 value=66 time=0
3768,2026-09-13T00:29:39.949+00:00,92.102164,0.013715,Chordcat 0,control_change,1,,,,11,64,,,,,,B0 0B 40,control_change channel=0 control=11 value=64 time=0
3769,2026-09-13T00:29:39.963+00:00,92.116729,0.014565,Chordcat 0,control_change,1,,,,11,63,,,,,,B0 0B 3F,control_change channel=0 control=11 value=63 time=0
3770,2026-09-13T00:29:39.994+00:00,92.147519,0.03079,Chordcat 0,control_change,1,,,,11,127,,,,,,B0 0B 7F,control_change channel=0 control=11 value=127 time=0
3771,2026-09-13T00:29:40.141+00:00,92.294493,0.146974,Chordcat 0,control_change,1,,,,11,121,,,,,,B0 0B 79,control_change channel=0 control=11 value=121 time=0
3772,2026-09-13T00:29:40.156+00:00,92.309136,0.014643,Chordcat 0,control_change,1,,,,11,112,,,,,,B0 0B 70,control_change channel=0 control=11 value=112 time=0
3773,2026-09-13T00:29:40.170+00:00,92.323345,0.014209,Chordcat 0,control_change,1,,,,11,104,,,,,,B0 0B 68,control_change channel=0 control=11 value=104 time=0
3774,2026-09-13T00:29:40.184+00:00,92.337548,0.014203,Chordcat 0,control_change,1,,,,11,97,,,,,,B0 0B 61,control_change channel=0 control=11 value=97 time=0
3775,2026-09-13T00:29:40.199+00:00,92.352975,0.015427,Chordcat 0,control_change,1,,,,11,90,,,,,,B0 0B 5A,control_change channel=0 control=11 value=90 time=0
3776,2026-09-13T00:29:40.213+00:00,92.366635,0.01366,Chordcat 0,control_change,1,,,,11,85,,,,,,B0 0B 55,control_change channel=0 control=11 value=85 time=0
3777,2026-09-13T00:29:40.229+00:00,92.382801,0.016166,Chordcat 0,control_change,1,,,,11,80,,,,,,B0 0B 50,control_change channel=0 control=11 value=80 time=0
3778,2026-09-13T00:29:40.243+00:00,92.396689,0.013887,Chordcat 0,control_change,1,,,,11,75,,,,,,B0 0B 4B,control_change channel=0 control=11 value=75 time=0
3779,2026-09-13T00:29:40.259+00:00,92.412829,0.01614,Chordcat 0,control_change,1,,,,11,71,,,,,,B0 0B 47,control_change channel=0 control=11 value=71 time=0
3780,2026-09-13T00:29:40.272+00:00,92.425662,0.012833,Chordcat 0,control_change,1,,,,11,68,,,,,,B0 0B 44,control_change channel=0 control=11 value=68 time=0
3781,2026-09-13T00:29:40.288+00:00,92.441488,0.015825,Chordcat 0,control_change,1,,,,11,66,,,,,,B0 0B 42,control_change channel=0 control=11 value=66 time=0
3782,2026-09-13T00:29:40.289+00:00,92.443011,0.001523,Chordcat 0,note_on,2,44,G#2,0,,,,,,,,91 2C 00,note_on channel=1 note=44 velocity=0 time=0
3783,2026-09-13T00:29:40.289+00:00,92.443309,0.000298,Chordcat 0,note_on,2,60,C4,0,,,,,,,,91 3C 00,note_on channel=1 note=60 velocity=0 time=0
3784,2026-09-13T00:29:40.289+00:00,92.443602,0.000293,Chordcat 0,note_on,2,63,D#4,0,,,,,,,,91 3F 00,note_on channel=1 note=63 velocity=0 time=0
3785,2026-09-13T00:29:40.289+00:00,92.443939,0.000338,Chordcat 0,note_on,2,67,G4,0,,,,,,,,91 43 00,note_on channel=1 note=67 velocity=0 time=0
3786,2026-09-13T00:29:40.289+00:00,92.444217,0.000277,Chordcat 0,note_on,2,70,A#4,0,,,,,,,,91 46 00,note_on channel=1 note=70 velocity=0 time=0
3787,2026-09-13T00:29:40.302+00:00,92.456099,0.011882,Chordcat 0,control_change,1,,,,11,64,,,,,,B0 0B 40,control_change channel=0 control=11 value=64 time=0
3788,2026-09-13T00:29:40.317+00:00,92.470133,0.014034,Chordcat 0,control_change,1,,,,11,63,,,,,,B0 0B 3F,control_change channel=0 control=11 value=63 time=0
3789,2026-09-13T00:29:40.346+00:00,92.500165,0.030032,Chordcat 0,control_change,1,,,,11,127,,,,,,B0 0B 7F,control_change channel=0 control=11 value=127 time=0
3790,2026-09-13T00:29:40.493+00:00,92.647114,0.14695,Chordcat 0,control_change,1,,,,11,121,,,,,,B0 0B 79,control_change channel=0 control=11 value=121 time=0
3791,2026-09-13T00:29:40.509+00:00,92.662232,0.015118,Chordcat 0,control_change,1,,,,11,112,,,,,,B0 0B 70,control_change channel=0 control=11 value=112 time=0
3792,2026-09-13T00:29:40.523+00:00,92.676507,0.014275,Chordcat 0,control_change,1,,,,11,104,,,,,,B0 0B 68,control_change channel=0 control=11 value=104 time=0
3793,2026-09-13T00:29:40.538+00:00,92.691209,0.014702,Chordcat 0,control_change,1,,,,11,97,,,,,,B0 0B 61,control_change channel=0 control=11 value=97 time=0
3794,2026-09-13T00:29:40.552+00:00,92.705978,0.014769,Chordcat 0,control_change,1,,,,11,90,,,,,,B0 0B 5A,control_change channel=0 control=11 value=90 time=0
3795,2026-09-13T00:29:40.567+00:00,92.720333,0.014355,Chordcat 0,control_change,1,,,,11,85,,,,,,B0 0B 55,control_change channel=0 control=11 value=85 time=0
3796,2026-09-13T00:29:40.581+00:00,92.734994,0.014662,Chordcat 0,control_change,1,,,,11,79,,,,,,B0 0B 4F,control_change channel=0 control=11 value=79 time=0
3797,2026-09-13T00:29:40.597+00:00,92.750418,0.015424,Chordcat 0,control_change,1,,,,11,75,,,,,,B0 0B 4B,control_change channel=0 control=11 value=75 time=0
3798,2026-09-13T00:29:40.610+00:00,92.7637,0.013282,Chordcat 0,control_change,1,,,,11,71,,,,,,B0 0B 47,control_change channel=0 control=11 value=71 time=0
3799,2026-09-13T00:29:40.626+00:00,92.779273,0.015573,Chordcat 0,control_change,1,,,,11,68,,,,,,B0 0B 44,control_change channel=0 control=11 value=68 time=0
3800,2026-09-13T00:29:40.641+00:00,92.794744,0.015471,Chordcat 0,control_change,1,,,,11,66,,,,,,B0 0B 42,control_change channel=0 control=11 value=66 time=0
3801,2026-09-13T00:29:40.656+00:00,92.809182,0.014438,Chordcat 0,control_change,1,,,,11,64,,,,,,B0 0B 40,control_change channel=0 control=11 value=64 time=0
3802,2026-09-13T00:29:40.669+00:00,92.822843,0.013661,Chordcat 0,control_change,1,,,,11,63,,,,,,B0 0B 3F,control_change channel=0 control=11 value=63 time=0
3803,2026-09-13T00:29:40.685+00:00,92.83891,0.016067,Chordcat 0,note_on,2,45,A2,100,,,,,,,,91 2D 64,note_on channel=1 note=45 velocity=100 time=0
3804,2026-09-13T00:29:40.685+00:00,92.83939,0.00048,Chordcat 0,note_on,2,55,G3,100,,,,,,,,91 37 64,note_on channel=1 note=55 velocity=100 time=0
3805,2026-09-13T00:29:40.685+00:00,92.839802,0.000412,Chordcat 0,note_on,2,59,B3,100,,,,,,,,91 3B 64,note_on channel=1 note=59 velocity=100 time=0
3806,2026-09-13T00:29:40.685+00:00,92.840119,0.000317,Chordcat 0,note_on,2,61,C#4,100,,,,,,,,91 3D 64,note_on channel=1 note=61 velocity=100 time=0
3807,2026-09-13T00:29:40.685+00:00,92.840373,0.000254,Chordcat 0,note_on,2,66,F#4,100,,,,,,,,91 42 64,note_on channel=1 note=66 velocity=100 time=0
3808,2026-09-13T00:29:40.699+00:00,92.852528,0.012155,Chordcat 0,control_change,1,,,,11,127,,,,,,B0 0B 7F,control_change channel=0 control=11 value=127 time=0
3809,2026-09-13T00:29:40.846+00:00,92.99999,0.147462,Chordcat 0,control_change,1,,,,11,121,,,,,,B0 0B 79,control_change channel=0 control=11 value=121 time=0
3810,2026-09-13T00:29:40.861+00:00,93.01435,0.01436,Chordcat 0,control_change,1,,,,11,112,,,,,,B0 0B 70,control_change channel=0 control=11 value=112 time=0
3811,2026-09-13T00:29:40.875+00:00,93.028917,0.014567,Chordcat 0,control_change,1,,,,11,104,,,,,,B0 0B 68,control_change channel=0 control=11 value=104 time=0
3812,2026-09-13T00:29:40.891+00:00,93.044507,0.015589,Chordcat 0,control_change,1,,,,11,97,,,,,,B0 0B 61,control_change channel=0 control=11 value=97 time=0
3813,2026-09-13T00:29:40.905+00:00,93.058644,0.014138,Chordcat 0,control_change,1,,,,11,90,,,,,,B0 0B 5A,control_change channel=0 control=11 value=90 time=0
3814,2026-09-13T00:29:40.919+00:00,93.072759,0.014115,Chordcat 0,control_change,1,,,,11,85,,,,,,B0 0B 55,control_change channel=0 control=11 value=85 time=0
3815,2026-09-13T00:29:40.935+00:00,93.088462,0.015703,Chordcat 0,control_change,1,,,,11,79,,,,,,B0 0B 4F,control_change channel=0 control=11 value=79 time=0
3816,2026-09-13T00:29:40.950+00:00,93.103801,0.015339,Chordcat 0,control_change,1,,,,11,75,,,,,,B0 0B 4B,control_change channel=0 control=11 value=75 time=0
3817,2026-09-13T00:29:40.964+00:00,93.117672,0.01387,Chordcat 0,control_change,1,,,,11,71,,,,,,B0 0B 47,control_change channel=0 control=11 value=71 time=0
3818,2026-09-13T00:29:40.979+00:00,93.132335,0.014664,Chordcat 0,control_change,1,,,,11,68,,,,,,B0 0B 44,control_change channel=0 control=11 value=68 time=0
3819,2026-09-13T00:29:40.994+00:00,93.147445,0.01511,Chordcat 0,control_change,1,,,,11,66,,,,,,B0 0B 42,control_change channel=0 control=11 value=66 time=0
3820,2026-09-13T00:29:41.009+00:00,93.16214,0.014695,Chordcat 0,control_change,1,,,,11,64,,,,,,B0 0B 40,control_change channel=0 control=11 value=64 time=0
3821,2026-09-13T00:29:41.022+00:00,93.176197,0.014057,Chordcat 0,control_change,1,,,,11,63,,,,,,B0 0B 3F,control_change channel=0 control=11 value=63 time=0
3822,2026-09-13T00:29:41.052+00:00,93.205945,0.029749,Chordcat 0,control_change,1,,,,11,127,,,,,,B0 0B 7F,control_change channel=0 control=11 value=127 time=0
3823,2026-09-13T00:29:41.060+00:00,93.213158,0.007213,Chordcat 0,note_on,2,45,A2,0,,,,,,,,91 2D 00,note_on channel=1 note=45 velocity=0 time=0
3824,2026-09-13T00:29:41.060+00:00,93.213611,0.000453,Chordcat 0,note_on,2,55,G3,0,,,,,,,,91 37 00,note_on channel=1 note=55 velocity=0 time=0
3825,2026-09-13T00:29:41.060+00:00,93.214011,0.0004,Chordcat 0,note_on,2,59,B3,0,,,,,,,,91 3B 00,note_on channel=1 note=59 velocity=0 time=0
3826,2026-09-13T00:29:41.061+00:00,93.214327,0.000316,Chordcat 0,note_on,2,61,C#4,0,,,,,,,,91 3D 00,note_on channel=1 note=61 velocity=0 time=0
3827,2026-09-13T00:29:41.061+00:00,93.214622,0.000294,Chordcat 0,note_on,2,66,F#4,0,,,,,,,,91 42 00,note_on channel=1 note=66 velocity=0 time=0
3828,2026-09-13T00:29:41.199+00:00,93.352795,0.138173,Chordcat 0,control_change,1,,,,11,121,,,,,,B0 0B 79,control_change channel=0 control=11 value=121 time=0
3829,2026-09-13T00:29:41.214+00:00,93.367983,0.015188,Chordcat 0,control_change,1,,,,11,112,,,,,,B0 0B 70,control_change channel=0 control=11 value=112 time=0
3830,2026-09-13T00:29:41.228+00:00,93.381607,0.013624,Chordcat 0,control_change,1,,,,11,104,,,,,,B0 0B 68,control_change channel=0 control=11 value=104 time=0
3831,2026-09-13T00:29:41.244+00:00,93.397294,0.015687,Chordcat 0,control_change,1,,,,11,97,,,,,,B0 0B 61,control_change channel=0 control=11 value=97 time=0
3832,2026-09-13T00:29:41.258+00:00,93.411695,0.014402,Chordcat 0,control_change,1,,,,11,90,,,,,,B0 0B 5A,control_change channel=0 control=11 value=90 time=0
3833,2026-09-13T00:29:41.272+00:00,93.425654,0.013959,Chordcat 0,control_change,1,,,,11,85,,,,,,B0 0B 55,control_change channel=0 control=11 value=85 time=0
3834,2026-09-13T00:29:41.287+00:00,93.440711,0.015057,Chordcat 0,control_change,1,,,,11,80,,,,,,B0 0B 50,control_change channel=0 control=11 value=80 time=0
3835,2026-09-13T00:29:41.303+00:00,93.456482,0.015771,Chordcat 0,control_change,1,,,,11,75,,,,,,B0 0B 4B,control_change channel=0 control=11 value=75 time=0
3836,2026-09-13T00:29:41.317+00:00,93.470744,0.014262,Chordcat 0,control_change,1,,,,11,71,,,,,,B0 0B 47,control_change channel=0 control=11 value=71 time=0
3837,2026-09-13T00:29:41.332+00:00,93.485709,0.014965,Chordcat 0,control_change,1,,,,11,68,,,,,,B0 0B 44,control_change channel=0 control=11 value=68 time=0
3838,2026-09-13T00:29:41.346+00:00,93.500183,0.014474,Chordcat 0,control_change,1,,,,11,66,,,,,,B0 0B 42,control_change channel=0 control=11 value=66 time=0
3839,2026-09-13T00:29:41.362+00:00,93.515525,0.015342,Chordcat 0,control_change,1,,,,11,64,,,,,,B0 0B 40,control_change channel=0 control=11 value=64 time=0
3840,2026-09-13T00:29:41.375+00:00,93.528788,0.013263,Chordcat 0,control_change,1,,,,11,63,,,,,,B0 0B 3F,control_change channel=0 control=11 value=63 time=0
3841,2026-09-13T00:29:41.405+00:00,93.559051,0.030263,Chordcat 0,control_change,1,,,,11,127,,,,,,B0 0B 7F,control_change channel=0 control=11 value=127 time=0
3842,2026-09-13T00:29:41.553+00:00,93.706194,0.147143,Chordcat 0,control_change,1,,,,11,121,,,,,,B0 0B 79,control_change channel=0 control=11 value=121 time=0
3843,2026-09-13T00:29:41.560+00:00,93.713583,0.007389,Chordcat 0,note_on,2,45,A2,100,,,,,,,,91 2D 64,note_on channel=1 note=45 velocity=100 time=0
3844,2026-09-13T00:29:41.560+00:00,93.71393,0.000346,Chordcat 0,note_on,2,55,G3,100,,,,,,,,91 37 64,note_on channel=1 note=55 velocity=100 time=0
3845,2026-09-13T00:29:41.560+00:00,93.714223,0.000294,Chordcat 0,note_on,2,59,B3,100,,,,,,,,91 3B 64,note_on channel=1 note=59 velocity=100 time=0
3846,2026-09-13T00:29:41.561+00:00,93.714548,0.000325,Chordcat 0,note_on,2,62,D4,100,,,,,,,,91 3E 64,note_on channel=1 note=62 velocity=100 time=0
3847,2026-09-13T00:29:41.561+00:00,93.714873,0.000325,Chordcat 0,note_on,2,66,F#4,100,,,,,,,,91 42 64,note_on channel=1 note=66 velocity=100 time=0
3848,2026-09-13T00:29:41.567+00:00,93.720693,0.00582,Chordcat 0,control_change,1,,,,11,112,,,,,,B0 0B 70,control_change channel=0 control=11 value=112 time=0
3849,2026-09-13T00:29:41.582+00:00,93.735299,0.014606,Chordcat 0,control_change,1,,,,11,104,,,,,,B0 0B 68,control_change channel=0 control=11 value=104 time=0
3850,2026-09-13T00:29:41.597+00:00,93.750839,0.01554,Chordcat 0,control_change,1,,,,11,97,,,,,,B0 0B 61,control_change channel=0 control=11 value=97 time=0
3851,2026-09-13T00:29:41.611+00:00,93.764563,0.013725,Chordcat 0,control_change,1,,,,11,90,,,,,,B0 0B 5A,control_change channel=0 control=11 value=90 time=0
3852,2026-09-13T00:29:41.625+00:00,93.778848,0.014284,Chordcat 0,control_change,1,,,,11,85,,,,,,B0 0B 55,control_change channel=0 control=11 value=85 time=0
3853,2026-09-13T00:29:41.640+00:00,93.793938,0.01509,Chordcat 0,control_change,1,,,,11,79,,,,,,B0 0B 4F,control_change channel=0 control=11 value=79 time=0
3854,2026-09-13T00:29:41.655+00:00,93.808973,0.015035,Chordcat 0,control_change,1,,,,11,75,,,,,,B0 0B 4B,control_change channel=0 control=11 value=75 time=0
3855,2026-09-13T00:29:41.671+00:00,93.824216,0.015243,Chordcat 0,control_change,1,,,,11,71,,,,,,B0 0B 47,control_change channel=0 control=11 value=71 time=0
3856,2026-09-13T00:29:41.685+00:00,93.838255,0.014039,Chordcat 0,control_change,1,,,,11,68,,,,,,B0 0B 44,control_change channel=0 control=11 value=68 time=0
3857,2026-09-13T00:29:41.700+00:00,93.853924,0.015669,Chordcat 0,control_change,1,,,,11,66,,,,,,B0 0B 42,control_change channel=0 control=11 value=66 time=0
3858,2026-09-13T00:29:41.714+00:00,93.868098,0.014175,Chordcat 0,control_change,1,,,,11,64,,,,,,B0 0B 40,control_change channel=0 control=11 value=64 time=0
3859,2026-09-13T00:29:41.728+00:00,93.881695,0.013597,Chordcat 0,control_change,1,,,,11,63,,,,,,B0 0B 3F,control_change channel=0 control=11 value=63 time=0
3860,2026-09-13T00:29:41.759+00:00,93.912807,0.031111,Chordcat 0,control_change,1,,,,11,127,,,,,,B0 0B 7F,control_change channel=0 control=11 value=127 time=0
3861,2026-09-13T00:29:41.906+00:00,94.059301,0.146495,Chordcat 0,control_change,1,,,,11,121,,,,,,B0 0B 79,control_change channel=0 control=11 value=121 time=0
3862,2026-09-13T00:29:41.920+00:00,94.073919,0.014617,Chordcat 0,control_change,1,,,,11,112,,,,,,B0 0B 70,control_change channel=0 control=11 value=112 time=0
3863,2026-09-13T00:29:41.934+00:00,94.088076,0.014158,Chordcat 0,control_change,1,,,,11,104,,,,,,B0 0B 68,control_change channel=0 control=11 value=104 time=0
3864,2026-09-13T00:29:41.949+00:00,94.103025,0.014949,Chordcat 0,control_change,1,,,,11,97,,,,,,B0 0B 61,control_change channel=0 control=11 value=97 time=0
3865,2026-09-13T00:29:41.953+00:00,94.106709,0.003684,Chordcat 0,note_on,2,45,A2,0,,,,,,,,91 2D 00,note_on channel=1 note=45 velocity=0 time=0
3866,2026-09-13T00:29:41.953+00:00,94.107251,0.000542,Chordcat 0,note_on,2,55,G3,0,,,,,,,,91 37 00,note_on channel=1 note=55 velocity=0 time=0
3867,2026-09-13T00:29:41.954+00:00,94.107594,0.000343,Chordcat 0,note_on,2,59,B3,0,,,,,,,,91 3B 00,note_on channel=1 note=59 velocity=0 time=0
3868,2026-09-13T00:29:41.954+00:00,94.107918,0.000324,Chordcat 0,note_on,2,62,D4,0,,,,,,,,91 3E 00,note_on channel=1 note=62 velocity=0 time=0
3869,2026-09-13T00:29:41.955+00:00,94.108278,0.00036,Chordcat 0,note_on,2,66,F#4,0,,,,,,,,91 42 00,note_on channel=1 note=66 velocity=0 time=0
3870,2026-09-13T00:29:41.964+00:00,94.117833,0.009554,Chordcat 0,control_change,1,,,,11,90,,,,,,B0 0B 5A,control_change channel=0 control=11 value=90 time=0
3871,2026-09-13T00:29:41.979+00:00,94.132341,0.014509,Chordcat 0,control_change,1,,,,11,85,,,,,,B0 0B 55,control_change channel=0 control=11 value=85 time=0
3872,2026-09-13T00:29:41.993+00:00,94.146692,0.01435,Chordcat 0,control_change,1,,,,11,79,,,,,,B0 0B 4F,control_change channel=0 control=11 value=79 time=0
3873,2026-09-13T00:29:42.008+00:00,94.161641,0.014949,Chordcat 0,control_change,1,,,,11,75,,,,,,B0 0B 4B,control_change channel=0 control=11 value=75 time=0
3874,2026-09-13T00:29:42.024+00:00,94.17736,0.015719,Chordcat 0,control_change,1,,,,11,71,,,,,,B0 0B 47,control_change channel=0 control=11 value=71 time=0
3875,2026-09-13T00:29:42.037+00:00,94.190678,0.013318,Chordcat 0,control_change,1,,,,11,68,,,,,,B0 0B 44,control_change channel=0 control=11 value=68 time=0
3876,2026-09-13T00:29:42.052+00:00,94.205978,0.0153,Chordcat 0,control_change,1,,,,11,66,,,,,,B0 0B 42,control_change channel=0 control=11 value=66 time=0
3877,2026-09-13T00:29:42.067+00:00,94.220898,0.01492,Chordcat 0,control_change,1,,,,11,64,,,,,,B0 0B 40,control_change channel=0 control=11 value=64 time=0
3878,2026-09-13T00:29:42.082+00:00,94.235791,0.014893,Chordcat 0,control_change,1,,,,11,63,,,,,,B0 0B 3F,control_change channel=0 control=11 value=63 time=0
3879,2026-09-13T00:29:42.111+00:00,94.264618,0.028826,Chordcat 0,control_change,1,,,,11,127,,,,,,B0 0B 7F,control_change channel=0 control=11 value=127 time=0
3880,2026-09-13T00:29:42.258+00:00,94.411717,0.1471,Chordcat 0,control_change,1,,,,11,121,,,,,,B0 0B 79,control_change channel=0 control=11 value=121 time=0
3881,2026-09-13T00:29:42.274+00:00,94.428008,0.01629,Chordcat 0,control_change,1,,,,11,112,,,,,,B0 0B 70,control_change channel=0 control=11 value=112 time=0
3882,2026-09-13T00:29:42.287+00:00,94.440693,0.012685,Chordcat 0,control_change,1,,,,11,104,,,,,,B0 0B 68,control_change channel=0 control=11 value=104 time=0
3883,2026-09-13T00:29:42.302+00:00,94.455781,0.015088,Chordcat 0,control_change,1,,,,11,97,,,,,,B0 0B 61,control_change channel=0 control=11 value=97 time=0
3884,2026-09-13T00:29:42.318+00:00,94.471427,0.015645,Chordcat 0,control_change,1,,,,11,90,,,,,,B0 0B 5A,control_change channel=0 control=11 value=90 time=0
3885,2026-09-13T00:29:42.332+00:00,94.485523,0.014096,Chordcat 0,control_change,1,,,,11,84,,,,,,B0 0B 54,control_change channel=0 control=11 value=84 time=0
3886,2026-09-13T00:29:42.346+00:00,94.49971,0.014187,Chordcat 0,control_change,1,,,,11,79,,,,,,B0 0B 4F,control_change channel=0 control=11 value=79 time=0
3887,2026-09-13T00:29:42.356+00:00,94.509265,0.009556,Chordcat 0,note_on,2,45,A2,100,,,,,,,,91 2D 64,note_on channel=1 note=45 velocity=100 time=0
3888,2026-09-13T00:29:42.356+00:00,94.509665,0.000399,Chordcat 0,note_on,2,59,B3,100,,,,,,,,91 3B 64,note_on channel=1 note=59 velocity=100 time=0
3889,2026-09-13T00:29:42.356+00:00,94.51002,0.000355,Chordcat 0,note_on,2,61,C#4,100,,,,,,,,91 3D 64,note_on channel=1 note=61 velocity=100 time=0
3890,2026-09-13T00:29:42.356+00:00,94.510325,0.000305,Chordcat 0,note_on,2,64,E4,100,,,,,,,,91 40 64,note_on channel=1 note=64 velocity=100 time=0
3891,2026-09-13T00:29:42.357+00:00,94.51058,0.000254,Chordcat 0,note_on,2,68,G#4,100,,,,,,,,91 44 64,note_on channel=1 note=68 velocity=100 time=0
3892,2026-09-13T00:29:42.361+00:00,94.514795,0.004216,Chordcat 0,control_change,1,,,,11,75,,,,,,B0 0B 4B,control_change channel=0 control=11 value=75 time=0
3893,2026-09-13T00:29:42.376+00:00,94.529781,0.014986,Chordcat 0,control_change,1,,,,11,71,,,,,,B0 0B 47,control_change channel=0 control=11 value=71 time=0
3894,2026-09-13T00:29:42.391+00:00,94.544221,0.014439,Chordcat 0,control_change,1,,,,11,68,,,,,,B0 0B 44,control_change channel=0 control=11 value=68 time=0
3895,2026-09-13T00:29:42.405+00:00,94.55856,0.014339,Chordcat 0,control_change,1,,,,11,66,,,,,,B0 0B 42,control_change channel=0 control=11 value=66 time=0
3896,2026-09-13T00:29:42.421+00:00,94.574338,0.015778,Chordcat 0,control_change,1,,,,11,64,,,,,,B0 0B 40,control_change channel=0 control=11 value=64 time=0
3897,2026-09-13T00:29:42.434+00:00,94.588043,0.013705,Chordcat 0,control_change,1,,,,11,63,,,,,,B0 0B 3F,control_change channel=0 control=11 value=63 time=0
3898,2026-09-13T00:29:42.464+00:00,94.618103,0.03006,Chordcat 0,control_change,1,,,,11,127,,,,,,B0 0B 7F,control_change channel=0 control=11 value=127 time=0
3899,2026-09-13T00:29:42.611+00:00,94.765078,0.146975,Chordcat 0,control_change,1,,,,11,121,,,,,,B0 0B 79,control_change channel=0 control=11 value=121 time=0
3900,2026-09-13T00:29:42.627+00:00,94.780481,0.015402,Chordcat 0,control_change,1,,,,11,112,,,,,,B0 0B 70,control_change channel=0 control=11 value=112 time=0
3901,2026-09-13T00:29:42.641+00:00,94.79465,0.014169,Chordcat 0,control_change,1,,,,11,104,,,,,,B0 0B 68,control_change channel=0 control=11 value=104 time=0
3902,2026-09-13T00:29:42.656+00:00,94.809481,0.014831,Chordcat 0,control_change,1,,,,11,97,,,,,,B0 0B 61,control_change channel=0 control=11 value=97 time=0
3903,2026-09-13T00:29:42.671+00:00,94.824619,0.015138,Chordcat 0,control_change,1,,,,11,90,,,,,,B0 0B 5A,control_change channel=0 control=11 value=90 time=0
3904,2026-09-13T00:29:42.684+00:00,94.837619,0.013,Chordcat 0,control_change,1,,,,11,85,,,,,,B0 0B 55,control_change channel=0 control=11 value=85 time=0
3905,2026-09-13T00:29:42.699+00:00,94.853022,0.015403,Chordcat 0,control_change,1,,,,11,79,,,,,,B0 0B 4F,control_change channel=0 control=11 value=79 time=0
3906,2026-09-13T00:29:42.714+00:00,94.867554,0.014532,Chordcat 0,control_change,1,,,,11,75,,,,,,B0 0B 4B,control_change channel=0 control=11 value=75 time=0
3907,2026-09-13T00:29:42.730+00:00,94.883863,0.016309,Chordcat 0,control_change,1,,,,11,71,,,,,,B0 0B 47,control_change channel=0 control=11 value=71 time=0
3908,2026-09-13T00:29:42.744+00:00,94.8974,0.013537,Chordcat 0,control_change,1,,,,11,68,,,,,,B0 0B 44,control_change channel=0 control=11 value=68 time=0
3909,2026-09-13T00:29:42.759+00:00,94.91286,0.01546,Chordcat 0,control_change,1,,,,11,66,,,,,,B0 0B 42,control_change channel=0 control=11 value=66 time=0
3910,2026-09-13T00:29:42.774+00:00,94.927187,0.014328,Chordcat 0,control_change,1,,,,11,64,,,,,,B0 0B 40,control_change channel=0 control=11 value=64 time=0
3911,2026-09-13T00:29:42.787+00:00,94.94054,0.013353,Chordcat 0,control_change,1,,,,11,63,,,,,,B0 0B 3F,control_change channel=0 control=11 value=63 time=0
3912,2026-09-13T00:29:42.788+00:00,94.94186,0.00132,Chordcat 0,note_on,2,45,A2,0,,,,,,,,91 2D 00,note_on channel=1 note=45 velocity=0 time=0
3913,2026-09-13T00:29:42.788+00:00,94.942212,0.000352,Chordcat 0,note_on,2,59,B3,0,,,,,,,,91 3B 00,note_on channel=1 note=59 velocity=0 time=0
3914,2026-09-13T00:29:42.788+00:00,94.94241,0.000198,Chordcat 0,note_on,2,61,C#4,0,,,,,,,,91 3D 00,note_on channel=1 note=61 velocity=0 time=0
3915,2026-09-13T00:29:42.788+00:00,94.942588,0.000177,Chordcat 0,note_on,2,64,E4,0,,,,,,,,91 40 00,note_on channel=1 note=64 velocity=0 time=0
3916,2026-09-13T00:29:42.788+00:00,94.942755,0.000167,Chordcat 0,note_on,2,68,G#4,0,,,,,,,,91 44 00,note_on channel=1 note=68 velocity=0 time=0
3917,2026-09-13T00:29:42.817+00:00,94.971134,0.028379,Chordcat 0,control_change,1,,,,11,127,,,,,,B0 0B 7F,control_change channel=0 control=11 value=127 time=0
3918,2026-09-13T00:29:42.964+00:00,95.11764,0.146507,Chordcat 0,control_change,1,,,,11,121,,,,,,B0 0B 79,control_change channel=0 control=11 value=121 time=0
3919,2026-09-13T00:29:42.980+00:00,95.133438,0.015797,Chordcat 0,control_change,1,,,,11,112,,,,,,B0 0B 70,control_change channel=0 control=11 value=112 time=0
3920,2026-09-13T00:29:42.995+00:00,95.148284,0.014846,Chordcat 0,control_change,1,,,,11,104,,,,,,B0 0B 68,control_change channel=0 control=11 value=104 time=0
3921,2026-09-13T00:29:43.009+00:00,95.162213,0.01393,Chordcat 0,control_change,1,,,,11,97,,,,,,B0 0B 61,control_change channel=0 control=11 value=97 time=0
3922,2026-09-13T00:29:43.023+00:00,95.176999,0.014785,Chordcat 0,control_change,1,,,,11,90,,,,,,B0 0B 5A,control_change channel=0 control=11 value=90 time=0
3923,2026-09-13T00:29:43.039+00:00,95.192422,0.015424,Chordcat 0,control_change,1,,,,11,84,,,,,,B0 0B 54,control_change channel=0 control=11 value=84 time=0
3924,2026-09-13T00:29:43.052+00:00,95.205595,0.013173,Chordcat 0,control_change,1,,,,11,80,,,,,,B0 0B 50,control_change channel=0 control=11 value=80 time=0
3925,2026-09-13T00:29:43.067+00:00,95.220759,0.015164,Chordcat 0,control_change,1,,,,11,75,,,,,,B0 0B 4B,control_change channel=0 control=11 value=75 time=0
3926,2026-09-13T00:29:43.082+00:00,95.235558,0.014799,Chordcat 0,control_change,1,,,,11,71,,,,,,B0 0B 47,control_change channel=0 control=11 value=71 time=0
3927,2026-09-13T00:29:43.097+00:00,95.250323,0.014765,Chordcat 0,control_change,1,,,,11,68,,,,,,B0 0B 44,control_change channel=0 control=11 value=68 time=0
3928,2026-09-13T00:29:43.112+00:00,95.2655,0.015177,Chordcat 0,control_change,1,,,,11,66,,,,,,B0 0B 42,control_change channel=0 control=11 value=66 time=0
3929,2026-09-13T00:29:43.126+00:00,95.279571,0.014072,Chordcat 0,control_change,1,,,,11,64,,,,,,B0 0B 40,control_change channel=0 control=11 value=64 time=0
3930,2026-09-13T00:29:43.141+00:00,95.294817,0.015246,Chordcat 0,control_change,1,,,,11,63,,,,,,B0 0B 3F,control_change channel=0 control=11 value=63 time=0
3931,2026-09-13T00:29:43.170+00:00,95.323506,0.028689,Chordcat 0,control_change,1,,,,11,127,,,,,,B0 0B 7F,control_change channel=0 control=11 value=127 time=0
3932,2026-09-13T00:29:43.170+00:00,95.32392,0.000414,Chordcat 0,note_on,2,45,A2,100,,,,,,,,91 2D 64,note_on channel=1 note=45 velocity=100 time=0
3933,2026-09-13T00:29:43.170+00:00,95.324233,0.000313,Chordcat 0,note_on,2,61,C#4,100,,,,,,,,91 3D 64,note_on channel=1 note=61 velocity=100 time=0
3934,2026-09-13T00:29:43.170+00:00,95.324726,0.000492,Chordcat 0,note_on,2,64,E4,100,,,,,,,,91 40 64,note_on channel=1 note=64 velocity=100 time=0
3935,2026-09-13T00:29:43.170+00:00,95.325104,0.000379,Chordcat 0,note_on,2,68,G#4,100,,,,,,,,91 44 64,note_on channel=1 note=68 velocity=100 time=0
3936,2026-09-13T00:29:43.170+00:00,95.325405,0.0003,Chordcat 0,note_on,2,71,B4,100,,,,,,,,91 47 64,note_on channel=1 note=71 velocity=100 time=0
3937,2026-09-13T00:29:43.318+00:00,95.471168,0.145763,Chordcat 0,control_change,1,,,,11,121,,,,,,B0 0B 79,control_change channel=0 control=11 value=121 time=0
3938,2026-09-13T00:29:43.332+00:00,95.485826,0.014659,Chordcat 0,control_change,1,,,,11,112,,,,,,B0 0B 70,control_change channel=0 control=11 value=112 time=0
3939,2026-09-13T00:29:43.346+00:00,95.500072,0.014245,Chordcat 0,control_change,1,,,,11,104,,,,,,B0 0B 68,control_change channel=0 control=11 value=104 time=0
3940,2026-09-13T00:29:43.361+00:00,95.51462,0.014548,Chordcat 0,control_change,1,,,,11,97,,,,,,B0 0B 61,control_change channel=0 control=11 value=97 time=0
3941,2026-09-13T00:29:43.376+00:00,95.529975,0.015354,Chordcat 0,control_change,1,,,,11,90,,,,,,B0 0B 5A,control_change channel=0 control=11 value=90 time=0
3942,2026-09-13T00:29:43.391+00:00,95.544602,0.014628,Chordcat 0,control_change,1,,,,11,84,,,,,,B0 0B 54,control_change channel=0 control=11 value=84 time=0
3943,2026-09-13T00:29:43.406+00:00,95.560045,0.015443,Chordcat 0,control_change,1,,,,11,79,,,,,,B0 0B 4F,control_change channel=0 control=11 value=79 time=0
3944,2026-09-13T00:29:43.421+00:00,95.574451,0.014406,Chordcat 0,control_change,1,,,,11,75,,,,,,B0 0B 4B,control_change channel=0 control=11 value=75 time=0
3945,2026-09-13T00:29:43.436+00:00,95.589628,0.015176,Chordcat 0,control_change,1,,,,11,71,,,,,,B0 0B 47,control_change channel=0 control=11 value=71 time=0
3946,2026-09-13T00:29:43.450+00:00,95.603697,0.01407,Chordcat 0,control_change,1,,,,11,68,,,,,,B0 0B 44,control_change channel=0 control=11 value=68 time=0
3947,2026-09-13T00:29:43.464+00:00,95.618042,0.014345,Chordcat 0,control_change,1,,,,11,66,,,,,,B0 0B 42,control_change channel=0 control=11 value=66 time=0
3948,2026-09-13T00:29:43.480+00:00,95.633777,0.015735,Chordcat 0,control_change,1,,,,11,64,,,,,,B0 0B 40,control_change channel=0 control=11 value=64 time=0
3949,2026-09-13T00:29:43.494+00:00,95.648,0.014223,Chordcat 0,control_change,1,,,,11,63,,,,,,B0 0B 3F,control_change channel=0 control=11 value=63 time=0
3950,2026-09-13T00:29:43.523+00:00,95.676693,0.028692,Chordcat 0,control_change,1,,,,11,127,,,,,,B0 0B 7F,control_change channel=0 control=11 value=127 time=0
3951,2026-09-13T00:29:43.578+00:00,95.731441,0.054749,Chordcat 0,note_on,2,45,A2,0,,,,,,,,91 2D 00,note_on channel=1 note=45 velocity=0 time=0
3952,2026-09-13T00:29:43.578+00:00,95.731825,0.000384,Chordcat 0,note_on,2,61,C#4,0,,,,,,,,91 3D 00,note_on channel=1 note=61 velocity=0 time=0
3953,2026-09-13T00:29:43.578+00:00,95.732151,0.000326,Chordcat 0,note_on,2,64,E4,0,,,,,,,,91 40 00,note_on channel=1 note=64 velocity=0 time=0
3954,2026-09-13T00:29:43.578+00:00,95.732366,0.000214,Chordcat 0,note_on,2,68,G#4,0,,,,,,,,91 44 00,note_on channel=1 note=68 velocity=0 time=0
3955,2026-09-13T00:29:43.578+00:00,95.732721,0.000355,Chordcat 0,note_on,2,71,B4,0,,,,,,,,91 47 00,note_on channel=1 note=71 velocity=0 time=0
3956,2026-09-13T00:29:43.671+00:00,95.824304,0.091584,Chordcat 0,control_change,1,,,,11,121,,,,,,B0 0B 79,control_change channel=0 control=11 value=121 time=0
3957,2026-09-13T00:29:43.685+00:00,95.838781,0.014477,Chordcat 0,control_change,1,,,,11,112,,,,,,B0 0B 70,control_change channel=0 control=11 value=112 time=0
3958,2026-09-13T00:29:43.700+00:00,95.853494,0.014713,Chordcat 0,control_change,1,,,,11,104,,,,,,B0 0B 68,control_change channel=0 control=11 value=104 time=0
3959,2026-09-13T00:29:43.714+00:00,95.867903,0.014409,Chordcat 0,control_change,1,,,,11,97,,,,,,B0 0B 61,control_change channel=0 control=11 value=97 time=0
3960,2026-09-13T00:29:43.730+00:00,95.883356,0.015454,Chordcat 0,control_change,1,,,,11,90,,,,,,B0 0B 5A,control_change channel=0 control=11 value=90 time=0
3961,2026-09-13T00:29:43.744+00:00,95.898008,0.014652,Chordcat 0,control_change,1,,,,11,84,,,,,,B0 0B 54,control_change channel=0 control=11 value=84 time=0
3962,2026-09-13T00:29:43.760+00:00,95.913184,0.015175,Chordcat 0,control_change,1,,,,11,79,,,,,,B0 0B 4F,control_change channel=0 control=11 value=79 time=0
3963,2026-09-13T00:29:43.774+00:00,95.92713,0.013947,Chordcat 0,control_change,1,,,,11,75,,,,,,B0 0B 4B,control_change channel=0 control=11 value=75 time=0
3964,2026-09-13T00:29:43.788+00:00,95.941638,0.014508,Chordcat 0,control_change,1,,,,11,71,,,,,,B0 0B 47,control_change channel=0 control=11 value=71 time=0
3965,2026-09-13T00:29:43.802+00:00,95.955606,0.013968,Chordcat 0,control_change,1,,,,11,68,,,,,,B0 0B 44,control_change channel=0 control=11 value=68 time=0
3966,2026-09-13T00:29:43.817+00:00,95.970641,0.015035,Chordcat 0,control_change,1,,,,11,66,,,,,,B0 0B 42,control_change channel=0 control=11 value=66 time=0
3967,2026-09-13T00:29:43.832+00:00,95.986007,0.015366,Chordcat 0,control_change,1,,,,11,64,,,,,,B0 0B 40,control_change channel=0 control=11 value=64 time=0
3968,2026-09-13T00:29:43.846+00:00,95.999756,0.013749,Chordcat 0,control_change,1,,,,11,63,,,,,,B0 0B 3F,control_change channel=0 control=11 value=63 time=0
3969,2026-09-13T00:29:43.877+00:00,96.030223,0.030467,Chordcat 0,control_change,1,,,,11,127,,,,,,B0 0B 7F,control_change channel=0 control=11 value=127 time=0
3970,2026-09-13T00:29:43.940+00:00,96.093648,0.063425,Chordcat 0,note_on,2,49,C#3,100,,,,,,,,91 31 64,note_on channel=1 note=49 velocity=100 time=0
3971,2026-09-13T00:29:43.940+00:00,96.094364,0.000717,Chordcat 0,note_on,2,56,G#3,100,,,,,,,,91 38 64,note_on channel=1 note=56 velocity=100 time=0
3972,2026-09-13T00:29:43.940+00:00,96.09464,0.000275,Chordcat 0,note_on,2,59,B3,100,,,,,,,,91 3B 64,note_on channel=1 note=59 velocity=100 time=0
3973,2026-09-13T00:29:43.940+00:00,96.09487,0.00023,Chordcat 0,note_on,2,65,F4,100,,,,,,,,91 41 64,note_on channel=1 note=65 velocity=100 time=0
3974,2026-09-13T00:29:44.023+00:00,96.17655,0.081681,Chordcat 0,control_change,1,,,,11,121,,,,,,B0 0B 79,control_change channel=0 control=11 value=121 time=0
3975,2026-09-13T00:29:44.038+00:00,96.192078,0.015528,Chordcat 0,control_change,1,,,,11,112,,,,,,B0 0B 70,control_change channel=0 control=11 value=112 time=0
3976,2026-09-13T00:29:44.053+00:00,96.20712,0.015042,Chordcat 0,control_change,1,,,,11,104,,,,,,B0 0B 68,control_change channel=0 control=11 value=104 time=0
3977,2026-09-13T00:29:44.068+00:00,96.221151,0.014031,Chordcat 0,control_change,1,,,,11,97,,,,,,B0 0B 61,control_change channel=0 control=11 value=97 time=0
3978,2026-09-13T00:29:44.082+00:00,96.235557,0.014406,Chordcat 0,control_change,1,,,,11,90,,,,,,B0 0B 5A,control_change channel=0 control=11 value=90 time=0
3979,2026-09-13T00:29:44.097+00:00,96.250858,0.015301,Chordcat 0,control_change,1,,,,11,84,,,,,,B0 0B 54,control_change channel=0 control=11 value=84 time=0
3980,2026-09-13T00:29:44.112+00:00,96.265242,0.014384,Chordcat 0,control_change,1,,,,11,80,,,,,,B0 0B 50,control_change channel=0 control=11 value=80 time=0
3981,2026-09-13T00:29:44.127+00:00,96.280159,0.014917,Chordcat 0,control_change,1,,,,11,75,,,,,,B0 0B 4B,control_change channel=0 control=11 value=75 time=0
3982,2026-09-13T00:29:44.141+00:00,96.294647,0.014488,Chordcat 0,control_change,1,,,,11,71,,,,,,B0 0B 47,control_change channel=0 control=11 value=71 time=0
3983,2026-09-13T00:29:44.157+00:00,96.310364,0.015717,Chordcat 0,control_change,1,,,,11,68,,,,,,B0 0B 44,control_change channel=0 control=11 value=68 time=0
3984,2026-09-13T00:29:44.170+00:00,96.323427,0.013063,Chordcat 0,control_change,1,,,,11,66,,,,,,B0 0B 42,control_change channel=0 control=11 value=66 time=0
3985,2026-09-13T00:29:44.186+00:00,96.339615,0.016187,Chordcat 0,control_change,1,,,,11,64,,,,,,B0 0B 40,control_change channel=0 control=11 value=64 time=0
3986,2026-09-13T00:29:44.201+00:00,96.3545,0.014885,Chordcat 0,control_change,1,,,,11,63,,,,,,B0 0B 3F,control_change channel=0 control=11 value=63 time=0
3987,2026-09-13T00:29:44.230+00:00,96.383273,0.028773,Chordcat 0,control_change,1,,,,11,127,,,,,,B0 0B 7F,control_change channel=0 control=11 value=127 time=0
3988,2026-09-13T00:29:44.252+00:00,96.406007,0.022734,Chordcat 0,note_on,2,49,C#3,0,,,,,,,,91 31 00,note_on channel=1 note=49 velocity=0 time=0
3989,2026-09-13T00:29:44.253+00:00,96.406492,0.000486,Chordcat 0,note_on,2,56,G#3,0,,,,,,,,91 38 00,note_on channel=1 note=56 velocity=0 time=0
3990,2026-09-13T00:29:44.253+00:00,96.406782,0.000289,Chordcat 0,note_on,2,59,B3,0,,,,,,,,91 3B 00,note_on channel=1 note=59 velocity=0 time=0
3991,2026-09-13T00:29:44.253+00:00,96.407105,0.000323,Chordcat 0,note_on,2,65,F4,0,,,,,,,,91 41 00,note_on channel=1 note=65 velocity=0 time=0
3992,2026-09-13T00:29:44.376+00:00,96.529894,0.122789,Chordcat 0,control_change,1,,,,11,121,,,,,,B0 0B 79,control_change channel=0 control=11 value=121 time=0
3993,2026-09-13T00:29:44.391+00:00,96.544689,0.014795,Chordcat 0,control_change,1,,,,11,112,,,,,,B0 0B 70,control_change channel=0 control=11 value=112 time=0
3994,2026-09-13T00:29:44.407+00:00,96.560334,0.015645,Chordcat 0,control_change,1,,,,11,104,,,,,,B0 0B 68,control_change channel=0 control=11 value=104 time=0
3995,2026-09-13T00:29:44.421+00:00,96.574454,0.014121,Chordcat 0,control_change,1,,,,11,97,,,,,,B0 0B 61,control_change channel=0 control=11 value=97 time=0
3996,2026-09-13T00:29:44.436+00:00,96.58914,0.014686,Chordcat 0,control_change,1,,,,11,90,,,,,,B0 0B 5A,control_change channel=0 control=11 value=90 time=0
3997,2026-09-13T00:29:44.450+00:00,96.603434,0.014293,Chordcat 0,control_change,1,,,,11,84,,,,,,B0 0B 54,control_change channel=0 control=11 value=84 time=0
3998,2026-09-13T00:29:44.464+00:00,96.617678,0.014244,Chordcat 0,control_change,1,,,,11,79,,,,,,B0 0B 4F,control_change channel=0 control=11 value=79 time=0
3999,2026-09-13T00:29:44.480+00:00,96.63369,0.016012,Chordcat 0,control_change,1,,,,11,75,,,,,,B0 0B 4B,control_change channel=0 control=11 value=75 time=0
4000,2026-09-13T00:29:44.495+00:00,96.64847,0.014781,Chordcat 0,control_change,1,,,,11,71,,,,,,B0 0B 47,control_change channel=0 control=11 value=71 time=0
4001,2026-09-13T00:29:44.510+00:00,96.66362,0.01515,Chordcat 0,control_change,1,,,,11,68,,,,,,B0 0B 44,control_change channel=0 control=11 value=68 time=0
4002,2026-09-13T00:29:44.523+00:00,96.676711,0.01309,Chordcat 0,control_change,1,,,,11,66,,,,,,B0 0B 42,control_change channel=0 control=11 value=66 time=0
4003,2026-09-13T00:29:44.538+00:00,96.691728,0.015017,Chordcat 0,control_change,1,,,,11,64,,,,,,B0 0B 40,control_change channel=0 control=11 value=64 time=0
4004,2026-09-13T00:29:44.554+00:00,96.707345,0.015618,Chordcat 0,control_change,1,,,,11,63,,,,,,B0 0B 3F,control_change channel=0 control=11 value=63 time=0
4005,2026-09-13T00:29:44.583+00:00,96.736369,0.029023,Chordcat 0,control_change,1,,,,11,127,,,,,,B0 0B 7F,control_change channel=0 control=11 value=127 time=0
4006,2026-09-13T00:29:44.730+00:00,96.883567,0.147198,Chordcat 0,control_change,1,,,,11,121,,,,,,B0 0B 79,control_change channel=0 control=11 value=121 time=0
4007,2026-09-13T00:29:44.744+00:00,96.897744,0.014177,Chordcat 0,control_change,1,,,,11,112,,,,,,B0 0B 70,control_change channel=0 control=11 value=112 time=0
4008,2026-09-13T00:29:44.760+00:00,96.913127,0.015383,Chordcat 0,control_change,1,,,,11,104,,,,,,B0 0B 68,control_change channel=0 control=11 value=104 time=0
4009,2026-09-13T00:29:44.774+00:00,96.927243,0.014115,Chordcat 0,control_change,1,,,,11,97,,,,,,B0 0B 61,control_change channel=0 control=11 value=97 time=0
4010,2026-09-13T00:29:44.789+00:00,96.943051,0.015809,Chordcat 0,control_change,1,,,,11,90,,,,,,B0 0B 5A,control_change channel=0 control=11 value=90 time=0
4011,2026-09-13T00:29:44.800+00:00,96.953297,0.010245,Chordcat 0,note_on,2,35,B1,100,,,,,,,,91 23 64,note_on channel=1 note=35 velocity=100 time=0
4012,2026-09-13T00:29:44.800+00:00,96.953671,0.000374,Chordcat 0,note_on,2,51,D#3,100,,,,,,,,91 33 64,note_on channel=1 note=51 velocity=100 time=0
4013,2026-09-13T00:29:44.800+00:00,96.954012,0.000341,Chordcat 0,note_on,2,54,F#3,100,,,,,,,,91 36 64,note_on channel=1 note=54 velocity=100 time=0
4014,2026-09-13T00:29:44.800+00:00,96.954308,0.000297,Chordcat 0,note_on,2,58,A#3,100,,,,,,,,91 3A 64,note_on channel=1 note=58 velocity=100 time=0
4015,2026-09-13T00:29:44.800+00:00,96.954596,0.000287,Chordcat 0,note_on,2,61,C#4,100,,,,,,,,91 3D 64,note_on channel=1 note=61 velocity=100 time=0
4016,2026-09-13T00:29:44.804+00:00,96.957216,0.002621,Chordcat 0,control_change,1,,,,11,84,,,,,,B0 0B 54,control_change channel=0 control=11 value=84 time=0
4017,2026-09-13T00:29:44.818+00:00,96.971571,0.014355,Chordcat 0,control_change,1,,,,11,79,,,,,,B0 0B 4F,control_change channel=0 control=11 value=79 time=0
4018,2026-09-13T00:29:44.832+00:00,96.985889,0.014318,Chordcat 0,control_change,1,,,,11,75,,,,,,B0 0B 4B,control_change channel=0 control=11 value=75 time=0
4019,2026-09-13T00:29:44.847+00:00,97.000813,0.014924,Chordcat 0,control_change,1,,,,11,71,,,,,,B0 0B 47,control_change channel=0 control=11 value=71 time=0
4020,2026-09-13T00:29:44.863+00:00,97.01633,0.015518,Chordcat 0,control_change,1,,,,11,68,,,,,,B0 0B 44,control_change channel=0 control=11 value=68 time=0
4021,2026-09-13T00:29:44.876+00:00,97.029968,0.013638,Chordcat 0,control_change,1,,,,11,66,,,,,,B0 0B 42,control_change channel=0 control=11 value=66 time=0
4022,2026-09-13T00:29:44.891+00:00,97.044976,0.015008,Chordcat 0,control_change,1,,,,11,64,,,,,,B0 0B 40,control_change channel=0 control=11 value=64 time=0
4023,2026-09-13T00:29:44.907+00:00,97.060182,0.015206,Chordcat 0,control_change,1,,,,11,63,,,,,,B0 0B 3F,control_change channel=0 control=11 value=63 time=0
4024,2026-09-13T00:29:44.936+00:00,97.089463,0.029281,Chordcat 0,control_change,1,,,,11,127,,,,,,B0 0B 7F,control_change channel=0 control=11 value=127 time=0
4025,2026-09-13T00:29:45.083+00:00,97.236201,0.146738,Chordcat 0,control_change,1,,,,11,121,,,,,,B0 0B 79,control_change channel=0 control=11 value=121 time=0
4026,2026-09-13T00:29:45.098+00:00,97.251238,0.015036,Chordcat 0,control_change,1,,,,11,112,,,,,,B0 0B 70,control_change channel=0 control=11 value=112 time=0
4027,2026-09-13T00:29:45.113+00:00,97.266467,0.015229,Chordcat 0,control_change,1,,,,11,104,,,,,,B0 0B 68,control_change channel=0 control=11 value=104 time=0
4028,2026-09-13T00:29:45.126+00:00,97.279585,0.013118,Chordcat 0,control_change,1,,,,11,97,,,,,,B0 0B 61,control_change channel=0 control=11 value=97 time=0
4029,2026-09-13T00:29:45.141+00:00,97.295036,0.015451,Chordcat 0,control_change,1,,,,11,90,,,,,,B0 0B 5A,control_change channel=0 control=11 value=90 time=0
4030,2026-09-13T00:29:45.156+00:00,97.309673,0.014638,Chordcat 0,note_on,2,35,B1,0,,,,,,,,91 23 00,note_on channel=1 note=35 velocity=0 time=0
4031,2026-09-13T00:29:45.156+00:00,97.310224,0.000551,Chordcat 0,note_on,2,51,D#3,0,,,,,,,,91 33 00,note_on channel=1 note=51 velocity=0 time=0
4032,2026-09-13T00:29:45.156+00:00,97.310558,0.000334,Chordcat 0,note_on,2,54,F#3,0,,,,,,,,91 36 00,note_on channel=1 note=54 velocity=0 time=0
4033,2026-09-13T00:29:45.157+00:00,97.310931,0.000374,Chordcat 0,note_on,2,58,A#3,0,,,,,,,,91 3A 00,note_on channel=1 note=58 velocity=0 time=0
4034,2026-09-13T00:29:45.157+00:00,97.31122,0.000289,Chordcat 0,note_on,2,61,C#4,0,,,,,,,,91 3D 00,note_on channel=1 note=61 velocity=0 time=0
4035,2026-09-13T00:29:45.157+00:00,97.311454,0.000234,Chordcat 0,control_change,1,,,,11,84,,,,,,B0 0B 54,control_change channel=0 control=11 value=84 time=0
4036,2026-09-13T00:29:45.172+00:00,97.32541,0.013956,Chordcat 0,control_change,1,,,,11,79,,,,,,B0 0B 4F,control_change channel=0 control=11 value=79 time=0
4037,2026-09-13T00:29:45.185+00:00,97.338974,0.013564,Chordcat 0,control_change,1,,,,11,75,,,,,,B0 0B 4B,control_change channel=0 control=11 value=75 time=0
4038,2026-09-13T00:29:45.201+00:00,97.354624,0.01565,Chordcat 0,control_change,1,,,,11,71,,,,,,B0 0B 47,control_change channel=0 control=11 value=71 time=0
4039,2026-09-13T00:29:45.215+00:00,97.369057,0.014433,Chordcat 0,control_change,1,,,,11,68,,,,,,B0 0B 44,control_change channel=0 control=11 value=68 time=0
4040,2026-09-13T00:29:45.230+00:00,97.38353,0.014473,Chordcat 0,control_change,1,,,,11,66,,,,,,B0 0B 42,control_change channel=0 control=11 value=66 time=0
4041,2026-09-13T00:29:45.244+00:00,97.397479,0.013949,Chordcat 0,control_change,1,,,,11,64,,,,,,B0 0B 40,control_change channel=0 control=11 value=64 time=0
4042,2026-09-13T00:29:45.259+00:00,97.412881,0.015402,Chordcat 0,control_change,1,,,,11,63,,,,,,B0 0B 3F,control_change channel=0 control=11 value=63 time=0
4043,2026-09-13T00:29:45.288+00:00,97.441405,0.028524,Chordcat 0,control_change,1,,,,11,127,,,,,,B0 0B 7F,control_change channel=0 control=11 value=127 time=0
4044,2026-09-13T00:29:45.435+00:00,97.588796,0.147391,Chordcat 0,control_change,1,,,,11,121,,,,,,B0 0B 79,control_change channel=0 control=11 value=121 time=0
4045,2026-09-13T00:29:45.450+00:00,97.604021,0.015225,Chordcat 0,control_change,1,,,,11,112,,,,,,B0 0B 70,control_change channel=0 control=11 value=112 time=0
4046,2026-09-13T00:29:45.465+00:00,97.618862,0.014841,Chordcat 0,control_change,1,,,,11,104,,,,,,B0 0B 68,control_change channel=0 control=11 value=104 time=0
4047,2026-09-13T00:29:45.480+00:00,97.633415,0.014553,Chordcat 0,control_change,1,,,,11,97,,,,,,B0 0B 61,control_change channel=0 control=11 value=97 time=0
4048,2026-09-13T00:29:45.494+00:00,97.647839,0.014424,Chordcat 0,control_change,1,,,,11,90,,,,,,B0 0B 5A,control_change channel=0 control=11 value=90 time=0
4049,2026-09-13T00:29:45.510+00:00,97.663508,0.015669,Chordcat 0,control_change,1,,,,11,84,,,,,,B0 0B 54,control_change channel=0 control=11 value=84 time=0
4050,2026-09-13T00:29:45.523+00:00,97.677026,0.013518,Chordcat 0,control_change,1,,,,11,79,,,,,,B0 0B 4F,control_change channel=0 control=11 value=79 time=0
4051,2026-09-13T00:29:45.539+00:00,97.692204,0.015179,Chordcat 0,control_change,1,,,,11,75,,,,,,B0 0B 4B,control_change channel=0 control=11 value=75 time=0
4052,2026-09-13T00:29:45.554+00:00,97.707485,0.01528,Chordcat 0,control_change,1,,,,11,71,,,,,,B0 0B 47,control_change channel=0 control=11 value=71 time=0
4053,2026-09-13T00:29:45.568+00:00,97.721453,0.013968,Chordcat 0,control_change,1,,,,11,68,,,,,,B0 0B 44,control_change channel=0 control=11 value=68 time=0
4054,2026-09-13T00:29:45.583+00:00,97.736343,0.01489,Chordcat 0,control_change,1,,,,11,66,,,,,,B0 0B 42,control_change channel=0 control=11 value=66 time=0
4055,2026-09-13T00:29:45.597+00:00,97.750938,0.014594,Chordcat 0,control_change,1,,,,11,64,,,,,,B0 0B 40,control_change channel=0 control=11 value=64 time=0
4056,2026-09-13T00:29:45.613+00:00,97.766245,0.015307,Chordcat 0,control_change,1,,,,11,63,,,,,,B0 0B 3F,control_change channel=0 control=11 value=63 time=0
4057,2026-09-13T00:29:45.641+00:00,97.794831,0.028586,Chordcat 0,control_change,1,,,,11,127,,,,,,B0 0B 7F,control_change channel=0 control=11 value=127 time=0
4058,2026-09-13T00:29:45.788+00:00,97.941964,0.147133,Chordcat 0,control_change,1,,,,11,121,,,,,,B0 0B 79,control_change channel=0 control=11 value=121 time=0
4059,2026-09-13T00:29:45.804+00:00,97.95759,0.015626,Chordcat 0,control_change,1,,,,11,112,,,,,,B0 0B 70,control_change channel=0 control=11 value=112 time=0
4060,2026-09-13T00:29:45.818+00:00,97.971921,0.014331,Chordcat 0,control_change,1,,,,11,104,,,,,,B0 0B 68,control_change channel=0 control=11 value=104 time=0
4061,2026-09-13T00:29:45.833+00:00,97.986698,0.014778,Chordcat 0,control_change,1,,,,11,97,,,,,,B0 0B 61,control_change channel=0 control=11 value=97 time=0
4062,2026-09-13T00:29:45.848+00:00,98.001488,0.01479,Chordcat 0,control_change,1,,,,11,90,,,,,,B0 0B 5A,control_change channel=0 control=11 value=90 time=0
4063,2026-09-13T00:29:45.862+00:00,98.015617,0.014129,Chordcat 0,control_change,1,,,,11,84,,,,,,B0 0B 54,control_change channel=0 control=11 value=84 time=0
4064,2026-09-13T00:29:45.878+00:00,98.031577,0.01596,Chordcat 0,control_change,1,,,,11,79,,,,,,B0 0B 4F,control_change channel=0 control=11 value=79 time=0
4065,2026-09-13T00:29:45.892+00:00,98.045568,0.013991,Chordcat 0,control_change,1,,,,11,75,,,,,,B0 0B 4B,control_change channel=0 control=11 value=75 time=0
4066,2026-09-13T00:29:45.906+00:00,98.060127,0.01456,Chordcat 0,control_change,1,,,,11,71,,,,,,B0 0B 47,control_change channel=0 control=11 value=71 time=0
4067,2026-09-13T00:29:45.921+00:00,98.074655,0.014527,Chordcat 0,control_change,1,,,,11,68,,,,,,B0 0B 44,control_change channel=0 control=11 value=68 time=0
4068,2026-09-13T00:29:45.935+00:00,98.088525,0.013871,Chordcat 0,control_change,1,,,,11,66,,,,,,B0 0B 42,control_change channel=0 control=11 value=66 time=0
4069,2026-09-13T00:29:45.950+00:00,98.103608,0.015082,Chordcat 0,control_change,1,,,,11,64,,,,,,B0 0B 40,control_change channel=0 control=11 value=64 time=0
4070,2026-09-13T00:29:45.965+00:00,98.118878,0.01527,Chordcat 0,control_change,1,,,,11,63,,,,,,B0 0B 3F,control_change channel=0 control=11 value=63 time=0
4071,2026-09-13T00:29:45.995+00:00,98.148594,0.029716,Chordcat 0,control_change,1,,,,11,127,,,,,,B0 0B 7F,control_change channel=0 control=11 value=127 time=0
4072,2026-09-13T00:29:46.142+00:00,98.295102,0.146508,Chordcat 0,control_change,1,,,,11,121,,,,,,B0 0B 79,control_change channel=0 control=11 value=121 time=0
4073,2026-09-13T00:29:46.157+00:00,98.310111,0.015009,Chordcat 0,control_change,1,,,,11,112,,,,,,B0 0B 70,control_change channel=0 control=11 value=112 time=0
4074,2026-09-13T00:29:46.171+00:00,98.32468,0.014569,Chordcat 0,control_change,1,,,,11,104,,,,,,B0 0B 68,control_change channel=0 control=11 value=104 time=0
4075,2026-09-13T00:29:46.185+00:00,98.339059,0.01438,Chordcat 0,control_change,1,,,,11,97,,,,,,B0 0B 61,control_change channel=0 control=11 value=97 time=0
4076,2026-09-13T00:29:46.201+00:00,98.354934,0.015875,Chordcat 0,control_change,1,,,,11,90,,,,,,B0 0B 5A,control_change channel=0 control=11 value=90 time=0
4077,2026-09-13T00:29:46.216+00:00,98.369236,0.014302,Chordcat 0,control_change,1,,,,11,84,,,,,,B0 0B 54,control_change channel=0 control=11 value=84 time=0
4078,2026-09-13T00:29:46.230+00:00,98.383532,0.014297,Chordcat 0,control_change,1,,,,11,79,,,,,,B0 0B 4F,control_change channel=0 control=11 value=79 time=0
4079,2026-09-13T00:29:46.244+00:00,98.398011,0.014479,Chordcat 0,control_change,1,,,,11,75,,,,,,B0 0B 4B,control_change channel=0 control=11 value=75 time=0
4080,2026-09-13T00:29:46.248+00:00,98.401504,0.003493,Chordcat 0,note_on,2,36,C2,100,,,,,,,,91 24 64,note_on channel=1 note=36 velocity=100 time=0
4081,2026-09-13T00:29:46.248+00:00,98.401918,0.000414,Chordcat 0,note_on,2,52,E3,100,,,,,,,,91 34 64,note_on channel=1 note=52 velocity=100 time=0
4082,2026-09-13T00:29:46.248+00:00,98.402221,0.000303,Chordcat 0,note_on,2,55,G3,100,,,,,,,,91 37 64,note_on channel=1 note=55 velocity=100 time=0
4083,2026-09-13T00:29:46.248+00:00,98.402579,0.000358,Chordcat 0,note_on,2,59,B3,100,,,,,,,,91 3B 64,note_on channel=1 note=59 velocity=100 time=0
4084,2026-09-13T00:29:46.248+00:00,98.402838,0.000259,Chordcat 0,note_on,2,62,D4,100,,,,,,,,91 3E 64,note_on channel=1 note=62 velocity=100 time=0
4085,2026-09-13T00:29:46.259+00:00,98.412752,0.009914,Chordcat 0,control_change,1,,,,11,71,,,,,,B0 0B 47,control_change channel=0 control=11 value=71 time=0
4086,2026-09-13T00:29:46.274+00:00,98.427372,0.014619,Chordcat 0,control_change,1,,,,11,68,,,,,,B0 0B 44,control_change channel=0 control=11 value=68 time=0
4087,2026-09-13T00:29:46.288+00:00,98.441496,0.014124,Chordcat 0,control_change,1,,,,11,66,,,,,,B0 0B 42,control_change channel=0 control=11 value=66 time=0
4088,2026-09-13T00:29:46.303+00:00,98.456416,0.01492,Chordcat 0,control_change,1,,,,11,64,,,,,,B0 0B 40,control_change channel=0 control=11 value=64 time=0
4089,2026-09-13T00:29:46.318+00:00,98.471958,0.015542,Chordcat 0,control_change,1,,,,11,63,,,,,,B0 0B 3F,control_change channel=0 control=11 value=63 time=0
4090,2026-09-13T00:29:46.347+00:00,98.500966,0.029007,Chordcat 0,control_change,1,,,,11,127,,,,,,B0 0B 7F,control_change channel=0 control=11 value=127 time=0
4091,2026-09-13T00:29:46.495+00:00,98.648663,0.147697,Chordcat 0,control_change,1,,,,11,121,,,,,,B0 0B 79,control_change channel=0 control=11 value=121 time=0
4092,2026-09-13T00:29:46.510+00:00,98.66339,0.014727,Chordcat 0,control_change,1,,,,11,112,,,,,,B0 0B 70,control_change channel=0 control=11 value=112 time=0
4093,2026-09-13T00:29:46.525+00:00,98.678214,0.014825,Chordcat 0,control_change,1,,,,11,104,,,,,,B0 0B 68,control_change channel=0 control=11 value=104 time=0
4094,2026-09-13T00:29:46.539+00:00,98.692594,0.01438,Chordcat 0,control_change,1,,,,11,97,,,,,,B0 0B 61,control_change channel=0 control=11 value=97 time=0
4095,2026-09-13T00:29:46.554+00:00,98.707193,0.014599,Chordcat 0,control_change,1,,,,11,90,,,,,,B0 0B 5A,control_change channel=0 control=11 value=90 time=0
4096,2026-09-13T00:29:46.568+00:00,98.721701,0.014507,Chordcat 0,control_change,1,,,,11,84,,,,,,B0 0B 54,control_change channel=0 control=11 value=84 time=0
4097,2026-09-13T00:29:46.571+00:00,98.724395,0.002695,Chordcat 0,note_on,2,36,C2,0,,,,,,,,91 24 00,note_on channel=1 note=36 velocity=0 time=0
4098,2026-09-13T00:29:46.571+00:00,98.724736,0.00034,Chordcat 0,note_on,2,52,E3,0,,,,,,,,91 34 00,note_on channel=1 note=52 velocity=0 time=0
4099,2026-09-13T00:29:46.572+00:00,98.725312,0.000577,Chordcat 0,note_on,2,55,G3,0,,,,,,,,91 37 00,note_on channel=1 note=55 velocity=0 time=0
4100,2026-09-13T00:29:46.572+00:00,98.725756,0.000444,Chordcat 0,note_on,2,59,B3,0,,,,,,,,91 3B 00,note_on channel=1 note=59 velocity=0 time=0
4101,2026-09-13T00:29:46.572+00:00,98.726148,0.000392,Chordcat 0,note_on,2,62,D4,0,,,,,,,,91 3E 00,note_on channel=1 note=62 velocity=0 time=0
4102,2026-09-13T00:29:46.583+00:00,98.736958,0.01081,Chordcat 0,control_change,1,,,,11,79,,,,,,B0 0B 4F,control_change channel=0 control=11 value=79 time=0
4103,2026-09-13T00:29:46.598+00:00,98.751486,0.014529,Chordcat 0,control_change,1,,,,11,75,,,,,,B0 0B 4B,control_change channel=0 control=11 value=75 time=0
4104,2026-09-13T00:29:46.612+00:00,98.765853,0.014367,Chordcat 0,control_change,1,,,,11,71,,,,,,B0 0B 47,control_change channel=0 control=11 value=71 time=0
4105,2026-09-13T00:29:46.628+00:00,98.781537,0.015684,Chordcat 0,control_change,1,,,,11,68,,,,,,B0 0B 44,control_change channel=0 control=11 value=68 time=0
4106,2026-09-13T00:29:46.642+00:00,98.795767,0.01423,Chordcat 0,control_change,1,,,,11,66,,,,,,B0 0B 42,control_change channel=0 control=11 value=66 time=0
4107,2026-09-13T00:29:46.656+00:00,98.809395,0.013628,Chordcat 0,control_change,1,,,,11,64,,,,,,B0 0B 40,control_change channel=0 control=11 value=64 time=0
4108,2026-09-13T00:29:46.671+00:00,98.824556,0.015161,Chordcat 0,control_change,1,,,,11,63,,,,,,B0 0B 3F,control_change channel=0 control=11 value=63 time=0
4109,2026-09-13T00:29:46.701+00:00,98.85417,0.029614,Chordcat 0,control_change,1,,,,11,127,,,,,,B0 0B 7F,control_change channel=0 control=11 value=127 time=0
4110,2026-09-13T00:29:46.848+00:00,99.001327,0.147157,Chordcat 0,control_change,1,,,,11,121,,,,,,B0 0B 79,control_change channel=0 control=11 value=121 time=0
4111,2026-09-13T00:29:46.862+00:00,99.015523,0.014196,Chordcat 0,control_change,1,,,,11,112,,,,,,B0 0B 70,control_change channel=0 control=11 value=112 time=0
4112,2026-09-13T00:29:46.877+00:00,99.030719,0.015195,Chordcat 0,control_change,1,,,,11,104,,,,,,B0 0B 68,control_change channel=0 control=11 value=104 time=0
4113,2026-09-13T00:29:46.892+00:00,99.04587,0.015151,Chordcat 0,control_change,1,,,,11,96,,,,,,B0 0B 60,control_change channel=0 control=11 value=96 time=0
4114,2026-09-13T00:29:46.906+00:00,99.059757,0.013888,Chordcat 0,control_change,1,,,,11,90,,,,,,B0 0B 5A,control_change channel=0 control=11 value=90 time=0
4115,2026-09-13T00:29:46.921+00:00,99.074664,0.014907,Chordcat 0,control_change,1,,,,11,84,,,,,,B0 0B 54,control_change channel=0 control=11 value=84 time=0
4116,2026-09-13T00:29:46.936+00:00,99.089544,0.01488,Chordcat 0,control_change,1,,,,11,79,,,,,,B0 0B 4F,control_change channel=0 control=11 value=79 time=0
4117,2026-09-13T00:29:46.951+00:00,99.104187,0.014642,Chordcat 0,control_change,1,,,,11,75,,,,,,B0 0B 4B,control_change channel=0 control=11 value=75 time=0
4118,2026-09-13T00:29:46.965+00:00,99.118393,0.014206,Chordcat 0,control_change,1,,,,11,71,,,,,,B0 0B 47,control_change channel=0 control=11 value=71 time=0
4119,2026-09-13T00:29:46.980+00:00,99.1337,0.015307,Chordcat 0,control_change,1,,,,11,68,,,,,,B0 0B 44,control_change channel=0 control=11 value=68 time=0
4120,2026-09-13T00:29:46.995+00:00,99.14851,0.014809,Chordcat 0,control_change,1,,,,11,65,,,,,,B0 0B 41,control_change channel=0 control=11 value=65 time=0
4121,2026-09-13T00:29:47.009+00:00,99.162825,0.014315,Chordcat 0,control_change,1,,,,11,64,,,,,,B0 0B 40,control_change channel=0 control=11 value=64 time=0
4122,2026-09-13T00:29:47.024+00:00,99.178111,0.015286,Chordcat 0,control_change,1,,,,11,63,,,,,,B0 0B 3F,control_change channel=0 control=11 value=63 time=0
4123,2026-09-13T00:29:47.053+00:00,99.206645,0.028534,Chordcat 0,control_change,1,,,,11,127,,,,,,B0 0B 7F,control_change channel=0 control=11 value=127 time=0
4124,2026-09-13T00:29:47.059+00:00,99.212808,0.006164,Chordcat 0,note_on,2,37,C#2,100,,,,,,,,91 25 64,note_on channel=1 note=37 velocity=100 time=0
4125,2026-09-13T00:29:47.060+00:00,99.213468,0.00066,Chordcat 0,note_on,2,53,F3,100,,,,,,,,91 35 64,note_on channel=1 note=53 velocity=100 time=0
4126,2026-09-13T00:29:47.060+00:00,99.214004,0.000536,Chordcat 0,note_on,2,56,G#3,100,,,,,,,,91 38 64,note_on channel=1 note=56 velocity=100 time=0
4127,2026-09-13T00:29:47.061+00:00,99.214364,0.000361,Chordcat 0,note_on,2,60,C4,100,,,,,,,,91 3C 64,note_on channel=1 note=60 velocity=100 time=0
4128,2026-09-13T00:29:47.061+00:00,99.214771,0.000407,Chordcat 0,note_on,2,63,D#4,100,,,,,,,,91 3F 64,note_on channel=1 note=63 velocity=100 time=0
4129,2026-09-13T00:29:47.201+00:00,99.354301,0.13953,Chordcat 0,control_change,1,,,,11,121,,,,,,B0 0B 79,control_change channel=0 control=11 value=121 time=0
4130,2026-09-13T00:29:47.215+00:00,99.368558,0.014256,Chordcat 0,control_change,1,,,,11,112,,,,,,B0 0B 70,control_change channel=0 control=11 value=112 time=0
4131,2026-09-13T00:29:47.230+00:00,99.383871,0.015313,Chordcat 0,control_change,1,,,,11,104,,,,,,B0 0B 68,control_change channel=0 control=11 value=104 time=0
4132,2026-09-13T00:29:47.245+00:00,99.398995,0.015124,Chordcat 0,control_change,1,,,,11,96,,,,,,B0 0B 60,control_change channel=0 control=11 value=96 time=0
4133,2026-09-13T00:29:47.259+00:00,99.412959,0.013964,Chordcat 0,control_change,1,,,,11,90,,,,,,B0 0B 5A,control_change channel=0 control=11 value=90 time=0
4134,2026-09-13T00:29:47.274+00:00,99.427579,0.01462,Chordcat 0,control_change,1,,,,11,84,,,,,,B0 0B 54,control_change channel=0 control=11 value=84 time=0
4135,2026-09-13T00:29:47.289+00:00,99.443023,0.015444,Chordcat 0,control_change,1,,,,11,79,,,,,,B0 0B 4F,control_change channel=0 control=11 value=79 time=0
4136,2026-09-13T00:29:47.303+00:00,99.456892,0.013869,Chordcat 0,control_change,1,,,,11,75,,,,,,B0 0B 4B,control_change channel=0 control=11 value=75 time=0
4137,2026-09-13T00:29:47.319+00:00,99.472348,0.015456,Chordcat 0,control_change,1,,,,11,71,,,,,,B0 0B 47,control_change channel=0 control=11 value=71 time=0
4138,2026-09-13T00:29:47.334+00:00,99.487395,0.015047,Chordcat 0,control_change,1,,,,11,68,,,,,,B0 0B 44,control_change channel=0 control=11 value=68 time=0
4139,2026-09-13T00:29:47.347+00:00,99.501069,0.013674,Chordcat 0,control_change,1,,,,11,66,,,,,,B0 0B 42,control_change channel=0 control=11 value=66 time=0
4140,2026-09-13T00:29:47.347+00:00,99.501325,0.000256,Chordcat 0,note_on,2,37,C#2,0,,,,,,,,91 25 00,note_on channel=1 note=37 velocity=0 time=0
4141,2026-09-13T00:29:47.347+00:00,99.501593,0.000268,Chordcat 0,note_on,2,53,F3,0,,,,,,,,91 35 00,note_on channel=1 note=53 velocity=0 time=0
4142,2026-09-13T00:29:47.347+00:00,99.501908,0.000315,Chordcat 0,note_on,2,56,G#3,0,,,,,,,,91 38 00,note_on channel=1 note=56 velocity=0 time=0
4143,2026-09-13T00:29:47.347+00:00,99.502096,0.000188,Chordcat 0,note_on,2,60,C4,0,,,,,,,,91 3C 00,note_on channel=1 note=60 velocity=0 time=0
4144,2026-09-13T00:29:47.347+00:00,99.502324,0.000228,Chordcat 0,note_on,2,63,D#4,0,,,,,,,,91 3F 00,note_on channel=1 note=63 velocity=0 time=0
4145,2026-09-13T00:29:47.362+00:00,99.515404,0.01308,Chordcat 0,control_change,1,,,,11,64,,,,,,B0 0B 40,control_change channel=0 control=11 value=64 time=0
4146,2026-09-13T00:29:47.378+00:00,99.531141,0.015736,Chordcat 0,control_change,1,,,,11,63,,,,,,B0 0B 3F,control_change channel=0 control=11 value=63 time=0
4147,2026-09-13T00:29:47.407+00:00,99.560516,0.029375,Chordcat 0,control_change,1,,,,11,127,,,,,,B0 0B 7F,control_change channel=0 control=11 value=127 time=0
4148,2026-09-13T00:29:47.554+00:00,99.707392,0.146876,Chordcat 0,control_change,1,,,,11,121,,,,,,B0 0B 79,control_change channel=0 control=11 value=121 time=0
4149,2026-09-13T00:29:47.569+00:00,99.722149,0.014758,Chordcat 0,control_change,1,,,,11,112,,,,,,B0 0B 70,control_change channel=0 control=11 value=112 time=0
4150,2026-09-13T00:29:47.583+00:00,99.736507,0.014358,Chordcat 0,control_change,1,,,,11,104,,,,,,B0 0B 68,control_change channel=0 control=11 value=104 time=0
4151,2026-09-13T00:29:47.598+00:00,99.751222,0.014715,Chordcat 0,control_change,1,,,,11,97,,,,,,B0 0B 61,control_change channel=0 control=11 value=97 time=0
4152,2026-09-13T00:29:47.612+00:00,99.765721,0.014499,Chordcat 0,control_change,1,,,,11,90,,,,,,B0 0B 5A,control_change channel=0 control=11 value=90 time=0
4153,2026-09-13T00:29:47.627+00:00,99.780708,0.014987,Chordcat 0,control_change,1,,,,11,84,,,,,,B0 0B 54,control_change channel=0 control=11 value=84 time=0
4154,2026-09-13T00:29:47.642+00:00,99.795366,0.014657,Chordcat 0,control_change,1,,,,11,79,,,,,,B0 0B 4F,control_change channel=0 control=11 value=79 time=0
4155,2026-09-13T00:29:47.657+00:00,99.810911,0.015545,Chordcat 0,control_change,1,,,,11,75,,,,,,B0 0B 4B,control_change channel=0 control=11 value=75 time=0
4156,2026-09-13T00:29:47.671+00:00,99.824624,0.013714,Chordcat 0,control_change,1,,,,11,71,,,,,,B0 0B 47,control_change channel=0 control=11 value=71 time=0
4157,2026-09-13T00:29:47.686+00:00,99.839853,0.015229,Chordcat 0,control_change,1,,,,11,68,,,,,,B0 0B 44,control_change channel=0 control=11 value=68 time=0
4158,2026-09-13T00:29:47.701+00:00,99.855056,0.015203,Chordcat 0,control_change,1,,,,11,66,,,,,,B0 0B 42,control_change channel=0 control=11 value=66 time=0
4159,2026-09-13T00:29:47.716+00:00,99.869254,0.014198,Chordcat 0,control_change,1,,,,11,64,,,,,,B0 0B 40,control_change channel=0 control=11 value=64 time=0
4160,2026-09-13T00:29:47.724+00:00,99.87758,0.008326,Chordcat 0,note_on,2,38,D2,100,,,,,,,,91 26 64,note_on channel=1 note=38 velocity=100 time=0
4161,2026-09-13T00:29:47.724+00:00,99.878286,0.000706,Chordcat 0,note_on,2,54,F#3,100,,,,,,,,91 36 64,note_on channel=1 note=54 velocity=100 time=0
4162,2026-09-13T00:29:47.725+00:00,99.878662,0.000375,Chordcat 0,note_on,2,57,A3,100,,,,,,,,91 39 64,note_on channel=1 note=57 velocity=100 time=0
4163,2026-09-13T00:29:47.725+00:00,99.879125,0.000463,Chordcat 0,note_on,2,61,C#4,100,,,,,,,,91 3D 64,note_on channel=1 note=61 velocity=100 time=0
4164,2026-09-13T00:29:47.726+00:00,99.879695,0.000571,Chordcat 0,note_on,2,64,E4,100,,,,,,,,91 40 64,note_on channel=1 note=64 velocity=100 time=0
4165,2026-09-13T00:29:47.730+00:00,99.883995,0.0043,Chordcat 0,control_change,1,,,,11,63,,,,,,B0 0B 3F,control_change channel=0 control=11 value=63 time=0
4166,2026-09-13T00:29:47.760+00:00,99.914039,0.030044,Chordcat 0,control_change,1,,,,11,127,,,,,,B0 0B 7F,control_change channel=0 control=11 value=127 time=0
4167,2026-09-13T00:29:47.907+00:00,100.060789,0.14675,Chordcat 0,control_change,1,,,,11,121,,,,,,B0 0B 79,control_change channel=0 control=11 value=121 time=0
4168,2026-09-13T00:29:47.921+00:00,100.074723,0.013934,Chordcat 0,control_change,1,,,,11,112,,,,,,B0 0B 70,control_change channel=0 control=11 value=112 time=0
4169,2026-09-13T00:29:47.936+00:00,100.089587,0.014864,Chordcat 0,control_change,1,,,,11,104,,,,,,B0 0B 68,control_change channel=0 control=11 value=104 time=0
4170,2026-09-13T00:29:47.952+00:00,100.105225,0.015638,Chordcat 0,control_change,1,,,,11,97,,,,,,B0 0B 61,control_change channel=0 control=11 value=97 time=0
4171,2026-09-13T00:29:47.965+00:00,100.118654,0.013429,Chordcat 0,control_change,1,,,,11,91,,,,,,B0 0B 5B,control_change channel=0 control=11 value=91 time=0
4172,2026-09-13T00:29:47.980+00:00,100.133822,0.015168,Chordcat 0,control_change,1,,,,11,85,,,,,,B0 0B 55,control_change channel=0 control=11 value=85 time=0
4173,2026-09-13T00:29:47.996+00:00,100.149243,0.01542,Chordcat 0,control_change,1,,,,11,79,,,,,,B0 0B 4F,control_change channel=0 control=11 value=79 time=0
4174,2026-09-13T00:29:48.010+00:00,100.163333,0.01409,Chordcat 0,control_change,1,,,,11,75,,,,,,B0 0B 4B,control_change channel=0 control=11 value=75 time=0
4175,2026-09-13T00:29:48.024+00:00,100.178062,0.014729,Chordcat 0,control_change,1,,,,11,71,,,,,,B0 0B 47,control_change channel=0 control=11 value=71 time=0
4176,2026-09-13T00:29:48.040+00:00,100.193583,0.015521,Chordcat 0,control_change,1,,,,11,68,,,,,,B0 0B 44,control_change channel=0 control=11 value=68 time=0
4177,2026-09-13T00:29:48.055+00:00,100.208355,0.014772,Chordcat 0,control_change,1,,,,11,66,,,,,,B0 0B 42,control_change channel=0 control=11 value=66 time=0
4178,2026-09-13T00:29:48.062+00:00,100.215845,0.00749,Chordcat 0,note_on,2,38,D2,0,,,,,,,,91 26 00,note_on channel=1 note=38 velocity=0 time=0
4179,2026-09-13T00:29:48.062+00:00,100.216245,0.0004,Chordcat 0,note_on,2,54,F#3,0,,,,,,,,91 36 00,note_on channel=1 note=54 velocity=0 time=0
4180,2026-09-13T00:29:48.062+00:00,100.216677,0.000432,Chordcat 0,note_on,2,57,A3,0,,,,,,,,91 39 00,note_on channel=1 note=57 velocity=0 time=0
4181,2026-09-13T00:29:48.063+00:00,100.21699,0.000313,Chordcat 0,note_on,2,61,C#4,0,,,,,,,,91 3D 00,note_on channel=1 note=61 velocity=0 time=0
4182,2026-09-13T00:29:48.063+00:00,100.217237,0.000247,Chordcat 0,note_on,2,64,E4,0,,,,,,,,91 40 00,note_on channel=1 note=64 velocity=0 time=0
4183,2026-09-13T00:29:48.068+00:00,100.221374,0.004138,Chordcat 0,control_change,1,,,,11,64,,,,,,B0 0B 40,control_change channel=0 control=11 value=64 time=0
4184,2026-09-13T00:29:48.084+00:00,100.237268,0.015893,Chordcat 0,control_change,1,,,,11,63,,,,,,B0 0B 3F,control_change channel=0 control=11 value=63 time=0
4185,2026-09-13T00:29:48.112+00:00,100.265444,0.028176,Chordcat 0,control_change,1,,,,11,127,,,,,,B0 0B 7F,control_change channel=0 control=11 value=127 time=0
4186,2026-09-13T00:29:48.260+00:00,100.413376,0.147932,Chordcat 0,control_change,1,,,,11,120,,,,,,B0 0B 78,control_change channel=0 control=11 value=120 time=0
4187,2026-09-13T00:29:48.274+00:00,100.42742,0.014043,Chordcat 0,control_change,1,,,,11,112,,,,,,B0 0B 70,control_change channel=0 control=11 value=112 time=0
4188,2026-09-13T00:29:48.290+00:00,100.443429,0.01601,Chordcat 0,control_change,1,,,,11,104,,,,,,B0 0B 68,control_change channel=0 control=11 value=104 time=0
4189,2026-09-13T00:29:48.304+00:00,100.457751,0.014321,Chordcat 0,control_change,1,,,,11,96,,,,,,B0 0B 60,control_change channel=0 control=11 value=96 time=0
4190,2026-09-13T00:29:48.318+00:00,100.471704,0.013953,Chordcat 0,control_change,1,,,,11,90,,,,,,B0 0B 5A,control_change channel=0 control=11 value=90 time=0
4191,2026-09-13T00:29:48.334+00:00,100.487396,0.015692,Chordcat 0,control_change,1,,,,11,84,,,,,,B0 0B 54,control_change channel=0 control=11 value=84 time=0
4192,2026-09-13T00:29:48.349+00:00,100.502323,0.014927,Chordcat 0,control_change,1,,,,11,79,,,,,,B0 0B 4F,control_change channel=0 control=11 value=79 time=0
4193,2026-09-13T00:29:48.363+00:00,100.51635,0.014027,Chordcat 0,control_change,1,,,,11,75,,,,,,B0 0B 4B,control_change channel=0 control=11 value=75 time=0
4194,2026-09-13T00:29:48.378+00:00,100.531318,0.014968,Chordcat 0,control_change,1,,,,11,71,,,,,,B0 0B 47,control_change channel=0 control=11 value=71 time=0
4195,2026-09-13T00:29:48.392+00:00,100.546101,0.014782,Chordcat 0,control_change,1,,,,11,68,,,,,,B0 0B 44,control_change channel=0 control=11 value=68 time=0
4196,2026-09-13T00:29:48.407+00:00,100.561177,0.015076,Chordcat 0,control_change,1,,,,11,65,,,,,,B0 0B 41,control_change channel=0 control=11 value=65 time=0
4197,2026-09-13T00:29:48.422+00:00,100.575175,0.013998,Chordcat 0,control_change,1,,,,11,64,,,,,,B0 0B 40,control_change channel=0 control=11 value=64 time=0
4198,2026-09-13T00:29:48.436+00:00,100.589409,0.014234,Chordcat 0,control_change,1,,,,11,63,,,,,,B0 0B 3F,control_change channel=0 control=11 value=63 time=0
4199,2026-09-13T00:29:48.465+00:00,100.618483,0.029074,Chordcat 0,control_change,1,,,,11,127,,,,,,B0 0B 7F,control_change channel=0 control=11 value=127 time=0
4200,2026-09-13T00:29:48.497+00:00,100.650816,0.032333,Chordcat 0,note_on,2,39,D#2,100,,,,,,,,91 27 64,note_on channel=1 note=39 velocity=100 time=0
4201,2026-09-13T00:29:48.497+00:00,100.651221,0.000404,Chordcat 0,note_on,2,55,G3,100,,,,,,,,91 37 64,note_on channel=1 note=55 velocity=100 time=0
4202,2026-09-13T00:29:48.497+00:00,100.651539,0.000318,Chordcat 0,note_on,2,58,A#3,100,,,,,,,,91 3A 64,note_on channel=1 note=58 velocity=100 time=0
4203,2026-09-13T00:29:48.497+00:00,100.651738,0.000199,Chordcat 0,note_on,2,62,D4,100,,,,,,,,91 3E 64,note_on channel=1 note=62 velocity=100 time=0
4204,2026-09-13T00:29:48.498+00:00,100.651915,0.000177,Chordcat 0,note_on,2,65,F4,100,,,,,,,,91 41 64,note_on channel=1 note=65 velocity=100 time=0
4205,2026-09-13T00:29:48.613+00:00,100.766581,0.114665,Chordcat 0,control_change,1,,,,11,120,,,,,,B0 0B 78,control_change channel=0 control=11 value=120 time=0
4206,2026-09-13T00:29:48.627+00:00,100.780596,0.014015,Chordcat 0,control_change,1,,,,11,112,,,,,,B0 0B 70,control_change channel=0 control=11 value=112 time=0
4207,2026-09-13T00:29:48.642+00:00,100.795705,0.015109,Chordcat 0,control_change,1,,,,11,104,,,,,,B0 0B 68,control_change channel=0 control=11 value=104 time=0
4208,2026-09-13T00:29:48.657+00:00,100.810953,0.015248,Chordcat 0,control_change,1,,,,11,97,,,,,,B0 0B 61,control_change channel=0 control=11 value=97 time=0
4209,2026-09-13T00:29:48.672+00:00,100.825769,0.014816,Chordcat 0,control_change,1,,,,11,90,,,,,,B0 0B 5A,control_change channel=0 control=11 value=90 time=0
4210,2026-09-13T00:29:48.687+00:00,100.840995,0.015226,Chordcat 0,control_change,1,,,,11,84,,,,,,B0 0B 54,control_change channel=0 control=11 value=84 time=0
4211,2026-09-13T00:29:48.701+00:00,100.854877,0.013882,Chordcat 0,control_change,1,,,,11,79,,,,,,B0 0B 4F,control_change channel=0 control=11 value=79 time=0
4212,2026-09-13T00:29:48.716+00:00,100.870098,0.015221,Chordcat 0,control_change,1,,,,11,75,,,,,,B0 0B 4B,control_change channel=0 control=11 value=75 time=0
4213,2026-09-13T00:29:48.731+00:00,100.884163,0.014065,Chordcat 0,control_change,1,,,,11,71,,,,,,B0 0B 47,control_change channel=0 control=11 value=71 time=0
4214,2026-09-13T00:29:48.745+00:00,100.898643,0.014481,Chordcat 0,control_change,1,,,,11,68,,,,,,B0 0B 44,control_change channel=0 control=11 value=68 time=0
4215,2026-09-13T00:29:48.750+00:00,100.903863,0.005219,Chordcat 0,note_on,2,39,D#2,0,,,,,,,,91 27 00,note_on channel=1 note=39 velocity=0 time=0
4216,2026-09-13T00:29:48.750+00:00,100.904333,0.00047,Chordcat 0,note_on,2,55,G3,0,,,,,,,,91 37 00,note_on channel=1 note=55 velocity=0 time=0
4217,2026-09-13T00:29:48.750+00:00,100.904699,0.000366,Chordcat 0,note_on,2,58,A#3,0,,,,,,,,91 3A 00,note_on channel=1 note=58 velocity=0 time=0
4218,2026-09-13T00:29:48.750+00:00,100.905081,0.000382,Chordcat 0,note_on,2,62,D4,0,,,,,,,,91 3E 00,note_on channel=1 note=62 velocity=0 time=0
4219,2026-09-13T00:29:48.750+00:00,100.905427,0.000346,Chordcat 0,note_on,2,65,F4,0,,,,,,,,91 41 00,note_on channel=1 note=65 velocity=0 time=0
4220,2026-09-13T00:29:48.760+00:00,100.914102,0.008675,Chordcat 0,control_change,1,,,,11,66,,,,,,B0 0B 42,control_change channel=0 control=11 value=66 time=0
4221,2026-09-13T00:29:48.774+00:00,100.927562,0.01346,Chordcat 0,control_change,1,,,,11,64,,,,,,B0 0B 40,control_change channel=0 control=11 value=64 time=0
4222,2026-09-13T00:29:48.789+00:00,100.942433,0.014871,Chordcat 0,control_change,1,,,,11,63,,,,,,B0 0B 3F,control_change channel=0 control=11 value=63 time=0
4223,2026-09-13T00:29:48.820+00:00,100.973536,0.031103,Chordcat 0,control_change,1,,,,11,127,,,,,,B0 0B 7F,control_change channel=0 control=11 value=127 time=0
4224,2026-09-13T00:29:48.966+00:00,101.119867,0.146331,Chordcat 0,control_change,1,,,,11,121,,,,,,B0 0B 79,control_change channel=0 control=11 value=121 time=0
4225,2026-09-13T00:29:48.980+00:00,101.133326,0.01346,Chordcat 0,control_change,1,,,,11,112,,,,,,B0 0B 70,control_change channel=0 control=11 value=112 time=0
4226,2026-09-13T00:29:48.996+00:00,101.149225,0.015899,Chordcat 0,control_change,1,,,,11,104,,,,,,B0 0B 68,control_change channel=0 control=11 value=104 time=0
4227,2026-09-13T00:29:49.010+00:00,101.164102,0.014877,Chordcat 0,control_change,1,,,,11,97,,,,,,B0 0B 61,control_change channel=0 control=11 value=97 time=0
4228,2026-09-13T00:29:49.025+00:00,101.178951,0.014849,Chordcat 0,control_change,1,,,,11,91,,,,,,B0 0B 5B,control_change channel=0 control=11 value=91 time=0
4229,2026-09-13T00:29:49.040+00:00,101.193187,0.014236,Chordcat 0,control_change,1,,,,11,85,,,,,,B0 0B 55,control_change channel=0 control=11 value=85 time=0
4230,2026-09-13T00:29:49.054+00:00,101.207594,0.014406,Chordcat 0,control_change,1,,,,11,79,,,,,,B0 0B 4F,control_change channel=0 control=11 value=79 time=0
4231,2026-09-13T00:29:49.070+00:00,101.223353,0.015759,Chordcat 0,control_change,1,,,,11,75,,,,,,B0 0B 4B,control_change channel=0 control=11 value=75 time=0
4232,2026-09-13T00:29:49.084+00:00,101.237282,0.013929,Chordcat 0,control_change,1,,,,11,71,,,,,,B0 0B 47,control_change channel=0 control=11 value=71 time=0
4233,2026-09-13T00:29:49.084+00:00,101.237477,0.000195,Chordcat 0,note_on,2,41,F2,100,,,,,,,,91 29 64,note_on channel=1 note=41 velocity=100 time=0
4234,2026-09-13T00:29:49.084+00:00,101.237757,0.000279,Chordcat 0,note_on,2,57,A3,100,,,,,,,,91 39 64,note_on channel=1 note=57 velocity=100 time=0
4235,2026-09-13T00:29:49.084+00:00,101.238105,0.000348,Chordcat 0,note_on,2,60,C4,100,,,,,,,,91 3C 64,note_on channel=1 note=60 velocity=100 time=0
4236,2026-09-13T00:29:49.085+00:00,101.238321,0.000216,Chordcat 0,note_on,2,64,E4,100,,,,,,,,91 40 64,note_on channel=1 note=64 velocity=100 time=0
4237,2026-09-13T00:29:49.085+00:00,101.238524,0.000203,Chordcat 0,note_on,2,67,G4,100,,,,,,,,91 43 64,note_on channel=1 note=67 velocity=100 time=0
4238,2026-09-13T00:29:49.098+00:00,101.251356,0.012831,Chordcat 0,control_change,1,,,,11,68,,,,,,B0 0B 44,control_change channel=0 control=11 value=68 time=0
4239,2026-09-13T00:29:49.114+00:00,101.267606,0.016251,Chordcat 0,control_change,1,,,,11,66,,,,,,B0 0B 42,control_change channel=0 control=11 value=66 time=0
4240,2026-09-13T00:29:49.127+00:00,101.281037,0.013431,Chordcat 0,control_change,1,,,,11,64,,,,,,B0 0B 40,control_change channel=0 control=11 value=64 time=0
4241,2026-09-13T00:29:49.143+00:00,101.296364,0.015327,Chordcat 0,control_change,1,,,,11,63,,,,,,B0 0B 3F,control_change channel=0 control=11 value=63 time=0
4242,2026-09-13T00:29:49.172+00:00,101.325591,0.029228,Chordcat 0,control_change,1,,,,11,127,,,,,,B0 0B 7F,control_change channel=0 control=11 value=127 time=0
4243,2026-09-13T00:29:49.320+00:00,101.473387,0.147795,Chordcat 0,control_change,1,,,,11,121,,,,,,B0 0B 79,control_change channel=0 control=11 value=121 time=0
4244,2026-09-13T00:29:49.333+00:00,101.48654,0.013153,Chordcat 0,control_change,1,,,,11,112,,,,,,B0 0B 70,control_change channel=0 control=11 value=112 time=0
4245,2026-09-13T00:29:49.349+00:00,101.502272,0.015733,Chordcat 0,control_change,1,,,,11,104,,,,,,B0 0B 68,control_change channel=0 control=11 value=104 time=0
4246,2026-09-13T00:29:49.364+00:00,101.517401,0.015129,Chordcat 0,control_change,1,,,,11,97,,,,,,B0 0B 61,control_change channel=0 control=11 value=97 time=0
4247,2026-09-13T00:29:49.378+00:00,101.531547,0.014145,Chordcat 0,control_change,1,,,,11,91,,,,,,B0 0B 5B,control_change channel=0 control=11 value=91 time=0
4248,2026-09-13T00:29:49.392+00:00,101.546043,0.014496,Chordcat 0,control_change,1,,,,11,85,,,,,,B0 0B 55,control_change channel=0 control=11 value=85 time=0
4249,2026-09-13T00:29:49.408+00:00,101.561413,0.01537,Chordcat 0,control_change,1,,,,11,79,,,,,,B0 0B 4F,control_change channel=0 control=11 value=79 time=0
4250,2026-09-13T00:29:49.408+00:00,101.561755,0.000342,Chordcat 0,note_on,2,41,F2,0,,,,,,,,91 29 00,note_on channel=1 note=41 velocity=0 time=0
4251,2026-09-13T00:29:49.408+00:00,101.562242,0.000487,Chordcat 0,note_on,2,57,A3,0,,,,,,,,91 39 00,note_on channel=1 note=57 velocity=0 time=0
4252,2026-09-13T00:29:49.408+00:00,101.562621,0.00038,Chordcat 0,note_on,2,60,C4,0,,,,,,,,91 3C 00,note_on channel=1 note=60 velocity=0 time=0
4253,2026-09-13T00:29:49.409+00:00,101.563159,0.000538,Chordcat 0,note_on,2,64,E4,0,,,,,,,,91 40 00,note_on channel=1 note=64 velocity=0 time=0
4254,2026-09-13T00:29:49.409+00:00,101.563661,0.000502,Chordcat 0,note_on,2,67,G4,0,,,,,,,,91 43 00,note_on channel=1 note=67 velocity=0 time=0
4255,2026-09-13T00:29:49.422+00:00,101.575546,0.011885,Chordcat 0,control_change,1,,,,11,75,,,,,,B0 0B 4B,control_change channel=0 control=11 value=75 time=0
4256,2026-09-13T00:29:49.436+00:00,101.589893,0.014347,Chordcat 0,control_change,1,,,,11,71,,,,,,B0 0B 47,control_change channel=0 control=11 value=71 time=0
4257,2026-09-13T00:29:49.452+00:00,101.605242,0.015349,Chordcat 0,control_change,1,,,,11,68,,,,,,B0 0B 44,control_change channel=0 control=11 value=68 time=0
4258,2026-09-13T00:29:49.466+00:00,101.619386,0.014144,Chordcat 0,control_change,1,,,,11,66,,,,,,B0 0B 42,control_change channel=0 control=11 value=66 time=0
4259,2026-09-13T00:29:49.480+00:00,101.634052,0.014665,Chordcat 0,control_change,1,,,,11,64,,,,,,B0 0B 40,control_change channel=0 control=11 value=64 time=0
4260,2026-09-13T00:29:49.495+00:00,101.648572,0.01452,Chordcat 0,control_change,1,,,,11,63,,,,,,B0 0B 3F,control_change channel=0 control=11 value=63 time=0
4261,2026-09-13T00:29:49.525+00:00,101.678578,0.030006,Chordcat 0,control_change,1,,,,11,127,,,,,,B0 0B 7F,control_change channel=0 control=11 value=127 time=0
4262,2026-09-13T00:29:49.673+00:00,101.82632,0.147743,Chordcat 0,control_change,1,,,,11,120,,,,,,B0 0B 78,control_change channel=0 control=11 value=120 time=0
4263,2026-09-13T00:29:49.686+00:00,101.839872,0.013552,Chordcat 0,control_change,1,,,,11,112,,,,,,B0 0B 70,control_change channel=0 control=11 value=112 time=0
4264,2026-09-13T00:29:49.702+00:00,101.855336,0.015464,Chordcat 0,control_change,1,,,,11,104,,,,,,B0 0B 68,control_change channel=0 control=11 value=104 time=0
4265,2026-09-13T00:29:49.717+00:00,101.870185,0.014849,Chordcat 0,control_change,1,,,,11,97,,,,,,B0 0B 61,control_change channel=0 control=11 value=97 time=0
4266,2026-09-13T00:29:49.731+00:00,101.88502,0.014834,Chordcat 0,control_change,1,,,,11,90,,,,,,B0 0B 5A,control_change channel=0 control=11 value=90 time=0
4267,2026-09-13T00:29:49.746+00:00,101.899255,0.014236,Chordcat 0,control_change,1,,,,11,85,,,,,,B0 0B 55,control_change channel=0 control=11 value=85 time=0
4268,2026-09-13T00:29:49.760+00:00,101.913989,0.014734,Chordcat 0,control_change,1,,,,11,79,,,,,,B0 0B 4F,control_change channel=0 control=11 value=79 time=0
4269,2026-09-13T00:29:49.775+00:00,101.928416,0.014427,Chordcat 0,control_change,1,,,,11,75,,,,,,B0 0B 4B,control_change channel=0 control=11 value=75 time=0
4270,2026-09-13T00:29:49.790+00:00,101.943823,0.015407,Chordcat 0,control_change,1,,,,11,71,,,,,,B0 0B 47,control_change channel=0 control=11 value=71 time=0
4271,2026-09-13T00:29:49.804+00:00,101.957999,0.014176,Chordcat 0,control_change,1,,,,11,68,,,,,,B0 0B 44,control_change channel=0 control=11 value=68 time=0
4272,2026-09-13T00:29:49.819+00:00,101.97234,0.01434,Chordcat 0,control_change,1,,,,11,66,,,,,,B0 0B 42,control_change channel=0 control=11 value=66 time=0
4273,2026-09-13T00:29:49.832+00:00,101.98594,0.0136,Chordcat 0,note_on,2,42,F#2,100,,,,,,,,91 2A 64,note_on channel=1 note=42 velocity=100 time=0
4274,2026-09-13T00:29:49.832+00:00,101.986332,0.000392,Chordcat 0,note_on,2,58,A#3,100,,,,,,,,91 3A 64,note_on channel=1 note=58 velocity=100 time=0
4275,2026-09-13T00:29:49.832+00:00,101.986632,0.0003,Chordcat 0,note_on,2,61,C#4,100,,,,,,,,91 3D 64,note_on channel=1 note=61 velocity=100 time=0
4276,2026-09-13T00:29:49.832+00:00,101.987049,0.000417,Chordcat 0,note_on,2,65,F4,100,,,,,,,,91 41 64,note_on channel=1 note=65 velocity=100 time=0
4277,2026-09-13T00:29:49.832+00:00,101.987343,0.000294,Chordcat 0,note_on,2,68,G#4,100,,,,,,,,91 44 64,note_on channel=1 note=68 velocity=100 time=0
4278,2026-09-13T00:29:49.832+00:00,101.987617,0.000275,Chordcat 0,control_change,1,,,,11,64,,,,,,B0 0B 40,control_change channel=0 control=11 value=64 time=0
4279,2026-09-13T00:29:49.849+00:00,102.002265,0.014648,Chordcat 0,control_change,1,,,,11,63,,,,,,B0 0B 3F,control_change channel=0 control=11 value=63 time=0
4280,2026-09-13T00:29:49.878+00:00,102.031755,0.029489,Chordcat 0,control_change,1,,,,11,127,,,,,,B0 0B 7F,control_change channel=0 control=11 value=127 time=0
4281,2026-09-13T00:29:50.025+00:00,102.178836,0.147081,Chordcat 0,control_change,1,,,,11,121,,,,,,B0 0B 79,control_change channel=0 control=11 value=121 time=0
4282,2026-09-13T00:29:50.039+00:00,102.19292,0.014084,Chordcat 0,control_change,1,,,,11,112,,,,,,B0 0B 70,control_change channel=0 control=11 value=112 time=0
4283,2026-09-13T00:29:50.054+00:00,102.207791,0.014871,Chordcat 0,control_change,1,,,,11,104,,,,,,B0 0B 68,control_change channel=0 control=11 value=104 time=0
4284,2026-09-13T00:29:50.070+00:00,102.223352,0.015561,Chordcat 0,control_change,1,,,,11,97,,,,,,B0 0B 61,control_change channel=0 control=11 value=97 time=0
4285,2026-09-13T00:29:50.079+00:00,102.232261,0.008909,Chordcat 0,note_on,2,42,F#2,0,,,,,,,,91 2A 00,note_on channel=1 note=42 velocity=0 time=0
4286,2026-09-13T00:29:50.079+00:00,102.232853,0.000592,Chordcat 0,note_on,2,58,A#3,0,,,,,,,,91 3A 00,note_on channel=1 note=58 velocity=0 time=0
4287,2026-09-13T00:29:50.079+00:00,102.233189,0.000337,Chordcat 0,note_on,2,61,C#4,0,,,,,,,,91 3D 00,note_on channel=1 note=61 velocity=0 time=0
4288,2026-09-13T00:29:50.080+00:00,102.233585,0.000396,Chordcat 0,note_on,2,65,F4,0,,,,,,,,91 41 00,note_on channel=1 note=65 velocity=0 time=0
4289,2026-09-13T00:29:50.080+00:00,102.234113,0.000528,Chordcat 0,note_on,2,68,G#4,0,,,,,,,,91 44 00,note_on channel=1 note=68 velocity=0 time=0
4290,2026-09-13T00:29:50.084+00:00,102.237724,0.00361,Chordcat 0,control_change,1,,,,11,90,,,,,,B0 0B 5A,control_change channel=0 control=11 value=90 time=0
4291,2026-09-13T00:29:50.099+00:00,102.252231,0.014507,Chordcat 0,control_change,1,,,,11,85,,,,,,B0 0B 55,control_change channel=0 control=11 value=85 time=0
4292,2026-09-13T00:29:50.113+00:00,102.266465,0.014234,Chordcat 0,control_change,1,,,,11,79,,,,,,B0 0B 4F,control_change channel=0 control=11 value=79 time=0
4293,2026-09-13T00:29:50.129+00:00,102.282302,0.015837,Chordcat 0,control_change,1,,,,11,75,,,,,,B0 0B 4B,control_change channel=0 control=11 value=75 time=0
4294,2026-09-13T00:29:50.142+00:00,102.295643,0.013341,Chordcat 0,control_change,1,,,,11,71,,,,,,B0 0B 47,control_change channel=0 control=11 value=71 time=0
4295,2026-09-13T00:29:50.158+00:00,102.311127,0.015484,Chordcat 0,control_change,1,,,,11,68,,,,,,B0 0B 44,control_change channel=0 control=11 value=68 time=0
4296,2026-09-13T00:29:50.172+00:00,102.325712,0.014586,Chordcat 0,control_change,1,,,,11,66,,,,,,B0 0B 42,control_change channel=0 control=11 value=66 time=0
4297,2026-09-13T00:29:50.186+00:00,102.339464,0.013752,Chordcat 0,control_change,1,,,,11,64,,,,,,B0 0B 40,control_change channel=0 control=11 value=64 time=0
4298,2026-09-13T00:29:50.201+00:00,102.354333,0.014869,Chordcat 0,control_change,1,,,,11,63,,,,,,B0 0B 3F,control_change channel=0 control=11 value=63 time=0
4299,2026-09-13T00:29:50.232+00:00,102.385266,0.030932,Chordcat 0,control_change,1,,,,11,127,,,,,,B0 0B 7F,control_change channel=0 control=11 value=127 time=0
4300,2026-09-13T00:29:50.379+00:00,102.53225,0.146985,Chordcat 0,control_change,1,,,,11,121,,,,,,B0 0B 79,control_change channel=0 control=11 value=121 time=0
4301,2026-09-13T00:29:50.382+00:00,102.535901,0.003651,Chordcat 0,note_on,2,43,G2,100,,,,,,,,91 2B 64,note_on channel=1 note=43 velocity=100 time=0
4302,2026-09-13T00:29:50.382+00:00,102.536324,0.000423,Chordcat 0,note_on,2,59,B3,100,,,,,,,,91 3B 64,note_on channel=1 note=59 velocity=100 time=0
4303,2026-09-13T00:29:50.382+00:00,102.536705,0.000381,Chordcat 0,note_on,2,62,D4,100,,,,,,,,91 3E 64,note_on channel=1 note=62 velocity=100 time=0
4304,2026-09-13T00:29:50.382+00:00,102.53702,0.000315,Chordcat 0,note_on,2,66,F#4,100,,,,,,,,91 42 64,note_on channel=1 note=66 velocity=100 time=0
4305,2026-09-13T00:29:50.382+00:00,102.537388,0.000367,Chordcat 0,note_on,2,69,A4,100,,,,,,,,91 45 64,note_on channel=1 note=69 velocity=100 time=0
4306,2026-09-13T00:29:50.392+00:00,102.545911,0.008524,Chordcat 0,control_change,1,,,,11,112,,,,,,B0 0B 70,control_change channel=0 control=11 value=112 time=0
4307,2026-09-13T00:29:50.407+00:00,102.560379,0.014467,Chordcat 0,control_change,1,,,,11,104,,,,,,B0 0B 68,control_change channel=0 control=11 value=104 time=0
4308,2026-09-13T00:29:50.422+00:00,102.57583,0.015452,Chordcat 0,control_change,1,,,,11,97,,,,,,B0 0B 61,control_change channel=0 control=11 value=97 time=0
4309,2026-09-13T00:29:50.436+00:00,102.59007,0.01424,Chordcat 0,control_change,1,,,,11,91,,,,,,B0 0B 5B,control_change channel=0 control=11 value=91 time=0
4310,2026-09-13T00:29:50.451+00:00,102.604966,0.014896,Chordcat 0,control_change,1,,,,11,85,,,,,,B0 0B 55,control_change channel=0 control=11 value=85 time=0
4311,2026-09-13T00:29:50.467+00:00,102.620309,0.015344,Chordcat 0,control_change,1,,,,11,80,,,,,,B0 0B 50,control_change channel=0 control=11 value=80 time=0
4312,2026-09-13T00:29:50.482+00:00,102.635609,0.015299,Chordcat 0,control_change,1,,,,11,75,,,,,,B0 0B 4B,control_change channel=0 control=11 value=75 time=0
4313,2026-09-13T00:29:50.496+00:00,102.649378,0.013769,Chordcat 0,control_change,1,,,,11,71,,,,,,B0 0B 47,control_change channel=0 control=11 value=71 time=0
4314,2026-09-13T00:29:50.510+00:00,102.663703,0.014326,Chordcat 0,control_change,1,,,,11,68,,,,,,B0 0B 44,control_change channel=0 control=11 value=68 time=0
4315,2026-09-13T00:29:50.525+00:00,102.679015,0.015312,Chordcat 0,control_change,1,,,,11,66,,,,,,B0 0B 42,control_change channel=0 control=11 value=66 time=0
4316,2026-09-13T00:29:50.540+00:00,102.693901,0.014886,Chordcat 0,control_change,1,,,,11,64,,,,,,B0 0B 40,control_change channel=0 control=11 value=64 time=0
4317,2026-09-13T00:29:50.554+00:00,102.707345,0.013444,Chordcat 0,control_change,1,,,,11,63,,,,,,B0 0B 3F,control_change channel=0 control=11 value=63 time=0
4318,2026-09-13T00:29:50.585+00:00,102.738204,0.030859,Chordcat 0,control_change,1,,,,11,127,,,,,,B0 0B 7F,control_change channel=0 control=11 value=127 time=0
4319,2026-09-13T00:29:50.659+00:00,102.812166,0.073962,Chordcat 0,note_on,2,43,G2,0,,,,,,,,91 2B 00,note_on channel=1 note=43 velocity=0 time=0
4320,2026-09-13T00:29:50.659+00:00,102.812603,0.000437,Chordcat 0,note_on,2,59,B3,0,,,,,,,,91 3B 00,note_on channel=1 note=59 velocity=0 time=0
4321,2026-09-13T00:29:50.659+00:00,102.812802,0.000199,Chordcat 0,note_on,2,62,D4,0,,,,,,,,91 3E 00,note_on channel=1 note=62 velocity=0 time=0
4322,2026-09-13T00:29:50.659+00:00,102.813026,0.000224,Chordcat 0,note_on,2,66,F#4,0,,,,,,,,91 42 00,note_on channel=1 note=66 velocity=0 time=0
4323,2026-09-13T00:29:50.660+00:00,102.813216,0.00019,Chordcat 0,note_on,2,69,A4,0,,,,,,,,91 45 00,note_on channel=1 note=69 velocity=0 time=0
4324,2026-09-13T00:29:50.731+00:00,102.884799,0.071583,Chordcat 0,control_change,1,,,,11,121,,,,,,B0 0B 79,control_change channel=0 control=11 value=121 time=0
4325,2026-09-13T00:29:50.747+00:00,102.900463,0.015663,Chordcat 0,control_change,1,,,,11,112,,,,,,B0 0B 70,control_change channel=0 control=11 value=112 time=0
4326,2026-09-13T00:29:50.760+00:00,102.913668,0.013205,Chordcat 0,control_change,1,,,,11,104,,,,,,B0 0B 68,control_change channel=0 control=11 value=104 time=0
4327,2026-09-13T00:29:50.775+00:00,102.928879,0.015211,Chordcat 0,control_change,1,,,,11,97,,,,,,B0 0B 61,control_change channel=0 control=11 value=97 time=0
4328,2026-09-13T00:29:50.791+00:00,102.944202,0.015323,Chordcat 0,control_change,1,,,,11,90,,,,,,B0 0B 5A,control_change channel=0 control=11 value=90 time=0
4329,2026-09-13T00:29:50.804+00:00,102.95733,0.013128,Chordcat 0,control_change,1,,,,11,85,,,,,,B0 0B 55,control_change channel=0 control=11 value=85 time=0
4330,2026-09-13T00:29:50.820+00:00,102.973689,0.016359,Chordcat 0,control_change,1,,,,11,79,,,,,,B0 0B 4F,control_change channel=0 control=11 value=79 time=0
4331,2026-09-13T00:29:50.834+00:00,102.987484,0.013796,Chordcat 0,control_change,1,,,,11,75,,,,,,B0 0B 4B,control_change channel=0 control=11 value=75 time=0
4332,2026-09-13T00:29:50.848+00:00,103.002016,0.014532,Chordcat 0,control_change,1,,,,11,71,,,,,,B0 0B 47,control_change channel=0 control=11 value=71 time=0
4333,2026-09-13T00:29:50.863+00:00,103.017037,0.015021,Chordcat 0,control_change,1,,,,11,68,,,,,,B0 0B 44,control_change channel=0 control=11 value=68 time=0
4334,2026-09-13T00:29:50.878+00:00,103.031458,0.014421,Chordcat 0,control_change,1,,,,11,66,,,,,,B0 0B 42,control_change channel=0 control=11 value=66 time=0
4335,2026-09-13T00:29:50.893+00:00,103.046736,0.015278,Chordcat 0,control_change,1,,,,11,64,,,,,,B0 0B 40,control_change channel=0 control=11 value=64 time=0
4336,2026-09-13T00:29:50.907+00:00,103.060428,0.013692,Chordcat 0,control_change,1,,,,11,63,,,,,,B0 0B 3F,control_change channel=0 control=11 value=63 time=0
4337,2026-09-13T00:29:50.937+00:00,103.090272,0.029844,Chordcat 0,control_change,1,,,,11,127,,,,,,B0 0B 7F,control_change channel=0 control=11 value=127 time=0
4338,2026-09-13T00:29:51.084+00:00,103.237413,0.147141,Chordcat 0,control_change,1,,,,11,121,,,,,,B0 0B 79,control_change channel=0 control=11 value=121 time=0
4339,2026-09-13T00:29:51.099+00:00,103.252195,0.014782,Chordcat 0,control_change,1,,,,11,112,,,,,,B0 0B 70,control_change channel=0 control=11 value=112 time=0
4340,2026-09-13T00:29:51.113+00:00,103.266516,0.014321,Chordcat 0,control_change,1,,,,11,104,,,,,,B0 0B 68,control_change channel=0 control=11 value=104 time=0
4341,2026-09-13T00:29:51.118+00:00,103.271173,0.004657,Chordcat 0,note_on,2,44,G#2,100,,,,,,,,91 2C 64,note_on channel=1 note=44 velocity=100 time=0
4342,2026-09-13T00:29:51.118+00:00,103.271618,0.000445,Chordcat 0,note_on,2,54,F#3,100,,,,,,,,91 36 64,note_on channel=1 note=54 velocity=100 time=0
4343,2026-09-13T00:29:51.118+00:00,103.272028,0.00041,Chordcat 0,note_on,2,58,A#3,100,,,,,,,,91 3A 64,note_on channel=1 note=58 velocity=100 time=0
4344,2026-09-13T00:29:51.118+00:00,103.272401,0.000373,Chordcat 0,note_on,2,61,C#4,100,,,,,,,,91 3D 64,note_on channel=1 note=61 velocity=100 time=0
4345,2026-09-13T00:29:51.118+00:00,103.272718,0.000318,Chordcat 0,note_on,2,66,F#4,100,,,,,,,,91 42 64,note_on channel=1 note=66 velocity=100 time=0
4346,2026-09-13T00:29:51.128+00:00,103.281888,0.009169,Chordcat 0,control_change,1,,,,11,97,,,,,,B0 0B 61,control_change channel=0 control=11 value=97 time=0
4347,2026-09-13T00:29:51.143+00:00,103.296549,0.014661,Chordcat 0,control_change,1,,,,11,90,,,,,,B0 0B 5A,control_change channel=0 control=11 value=90 time=0
4348,2026-09-13T00:29:51.157+00:00,103.310495,0.013947,Chordcat 0,control_change,1,,,,11,85,,,,,,B0 0B 55,control_change channel=0 control=11 value=85 time=0
4349,2026-09-13T00:29:51.172+00:00,103.325685,0.01519,Chordcat 0,control_change,1,,,,11,79,,,,,,B0 0B 4F,control_change channel=0 control=11 value=79 time=0
4350,2026-09-13T00:29:51.187+00:00,103.340848,0.015164,Chordcat 0,control_change,1,,,,11,75,,,,,,B0 0B 4B,control_change channel=0 control=11 value=75 time=0
4351,2026-09-13T00:29:51.201+00:00,103.354802,0.013953,Chordcat 0,control_change,1,,,,11,71,,,,,,B0 0B 47,control_change channel=0 control=11 value=71 time=0
4352,2026-09-13T00:29:51.216+00:00,103.369831,0.015029,Chordcat 0,control_change,1,,,,11,68,,,,,,B0 0B 44,control_change channel=0 control=11 value=68 time=0
4353,2026-09-13T00:29:51.231+00:00,103.384479,0.014648,Chordcat 0,control_change,1,,,,11,66,,,,,,B0 0B 42,control_change channel=0 control=11 value=66 time=0
4354,2026-09-13T00:29:51.247+00:00,103.400463,0.015983,Chordcat 0,control_change,1,,,,11,64,,,,,,B0 0B 40,control_change channel=0 control=11 value=64 time=0
4355,2026-09-13T00:29:51.260+00:00,103.413912,0.01345,Chordcat 0,control_change,1,,,,11,63,,,,,,B0 0B 3F,control_change channel=0 control=11 value=63 time=0
4356,2026-09-13T00:29:51.290+00:00,103.443656,0.029744,Chordcat 0,control_change,1,,,,11,127,,,,,,B0 0B 7F,control_change channel=0 control=11 value=127 time=0
4357,2026-09-13T00:29:51.312+00:00,103.465441,0.021785,Chordcat 0,note_on,2,44,G#2,0,,,,,,,,91 2C 00,note_on channel=1 note=44 velocity=0 time=0
4358,2026-09-13T00:29:51.312+00:00,103.466263,0.000822,Chordcat 0,note_on,2,54,F#3,0,,,,,,,,91 36 00,note_on channel=1 note=54 velocity=0 time=0
4359,2026-09-13T00:29:51.313+00:00,103.466697,0.000434,Chordcat 0,note_on,2,58,A#3,0,,,,,,,,91 3A 00,note_on channel=1 note=58 velocity=0 time=0
4360,2026-09-13T00:29:51.313+00:00,103.466921,0.000225,Chordcat 0,note_on,2,61,C#4,0,,,,,,,,91 3D 00,note_on channel=1 note=61 velocity=0 time=0
4361,2026-09-13T00:29:51.313+00:00,103.467125,0.000203,Chordcat 0,note_on,2,66,F#4,0,,,,,,,,91 42 00,note_on channel=1 note=66 velocity=0 time=0
4362,2026-09-13T00:29:51.438+00:00,103.591455,0.12433,Chordcat 0,control_change,1,,,,11,121,,,,,,B0 0B 79,control_change channel=0 control=11 value=121 time=0
4363,2026-09-13T00:29:51.453+00:00,103.606564,0.015109,Chordcat 0,control_change,1,,,,11,112,,,,,,B0 0B 70,control_change channel=0 control=11 value=112 time=0
4364,2026-09-13T00:29:51.467+00:00,103.620256,0.013692,Chordcat 0,control_change,1,,,,11,104,,,,,,B0 0B 68,control_change channel=0 control=11 value=104 time=0
4365,2026-09-13T00:29:51.481+00:00,103.634989,0.014733,Chordcat 0,control_change,1,,,,11,97,,,,,,B0 0B 61,control_change channel=0 control=11 value=97 time=0
4366,2026-09-13T00:29:51.496+00:00,103.64932,0.014331,Chordcat 0,control_change,1,,,,11,90,,,,,,B0 0B 5A,control_change channel=0 control=11 value=90 time=0
4367,2026-09-13T00:29:51.511+00:00,103.664635,0.015316,Chordcat 0,control_change,1,,,,11,84,,,,,,B0 0B 54,control_change channel=0 control=11 value=84 time=0
4368,2026-09-13T00:29:51.526+00:00,103.679233,0.014597,Chordcat 0,control_change,1,,,,11,80,,,,,,B0 0B 50,control_change channel=0 control=11 value=80 time=0
4369,2026-09-13T00:29:51.540+00:00,103.693965,0.014732,Chordcat 0,control_change,1,,,,11,75,,,,,,B0 0B 4B,control_change channel=0 control=11 value=75 time=0
4370,2026-09-13T00:29:51.542+00:00,103.695332,0.001367,Chordcat 0,note_on,2,44,G#2,100,,,,,,,,91 2C 64,note_on channel=1 note=44 velocity=100 time=0
4371,2026-09-13T00:29:51.542+00:00,103.695729,0.000397,Chordcat 0,note_on,2,54,F#3,100,,,,,,,,91 36 64,note_on channel=1 note=54 velocity=100 time=0
4372,2026-09-13T00:29:51.542+00:00,103.695982,0.000254,Chordcat 0,note_on,2,59,B3,100,,,,,,,,91 3B 64,note_on channel=1 note=59 velocity=100 time=0
4373,2026-09-13T00:29:51.542+00:00,103.696166,0.000183,Chordcat 0,note_on,2,61,C#4,100,,,,,,,,91 3D 64,note_on channel=1 note=61 velocity=100 time=0
4374,2026-09-13T00:29:51.542+00:00,103.696354,0.000189,Chordcat 0,note_on,2,66,F#4,100,,,,,,,,91 42 64,note_on channel=1 note=66 velocity=100 time=0
4375,2026-09-13T00:29:51.555+00:00,103.708956,0.012602,Chordcat 0,control_change,1,,,,11,71,,,,,,B0 0B 47,control_change channel=0 control=11 value=71 time=0
4376,2026-09-13T00:29:51.570+00:00,103.723652,0.014696,Chordcat 0,control_change,1,,,,11,68,,,,,,B0 0B 44,control_change channel=0 control=11 value=68 time=0
4377,2026-09-13T00:29:51.584+00:00,103.738034,0.014382,Chordcat 0,control_change,1,,,,11,66,,,,,,B0 0B 42,control_change channel=0 control=11 value=66 time=0
4378,2026-09-13T00:29:51.599+00:00,103.752914,0.014881,Chordcat 0,control_change,1,,,,11,64,,,,,,B0 0B 40,control_change channel=0 control=11 value=64 time=0
4379,2026-09-13T00:29:51.614+00:00,103.767243,0.014329,Chordcat 0,control_change,1,,,,11,63,,,,,,B0 0B 3F,control_change channel=0 control=11 value=63 time=0
4380,2026-09-13T00:29:51.645+00:00,103.799882,0.032639,Chordcat 0,control_change,1,,,,11,127,,,,,,B0 0B 7F,control_change channel=0 control=11 value=127 time=0
4381,2026-09-13T00:29:51.790+00:00,103.943816,0.143934,Chordcat 0,control_change,1,,,,11,121,,,,,,B0 0B 79,control_change channel=0 control=11 value=121 time=0
4382,2026-09-13T00:29:51.805+00:00,103.958723,0.014906,Chordcat 0,control_change,1,,,,11,112,,,,,,B0 0B 70,control_change channel=0 control=11 value=112 time=0
4383,2026-09-13T00:29:51.819+00:00,103.972965,0.014243,Chordcat 0,control_change,1,,,,11,104,,,,,,B0 0B 68,control_change channel=0 control=11 value=104 time=0
4384,2026-09-13T00:29:51.834+00:00,103.987492,0.014527,Chordcat 0,control_change,1,,,,11,97,,,,,,B0 0B 61,control_change channel=0 control=11 value=97 time=0
4385,2026-09-13T00:29:51.850+00:00,104.003694,0.016201,Chordcat 0,control_change,1,,,,11,90,,,,,,B0 0B 5A,control_change channel=0 control=11 value=90 time=0
4386,2026-09-13T00:29:51.863+00:00,104.016622,0.012929,Chordcat 0,control_change,1,,,,11,85,,,,,,B0 0B 55,control_change channel=0 control=11 value=85 time=0
4387,2026-09-13T00:29:51.878+00:00,104.03193,0.015308,Chordcat 0,control_change,1,,,,11,79,,,,,,B0 0B 4F,control_change channel=0 control=11 value=79 time=0
4388,2026-09-13T00:29:51.894+00:00,104.047245,0.015314,Chordcat 0,control_change,1,,,,11,75,,,,,,B0 0B 4B,control_change channel=0 control=11 value=75 time=0
4389,2026-09-13T00:29:51.906+00:00,104.059406,0.012161,Chordcat 0,note_on,2,44,G#2,0,,,,,,,,91 2C 00,note_on channel=1 note=44 velocity=0 time=0
4390,2026-09-13T00:29:51.906+00:00,104.059847,0.000441,Chordcat 0,note_on,2,54,F#3,0,,,,,,,,91 36 00,note_on channel=1 note=54 velocity=0 time=0
4391,2026-09-13T00:29:51.906+00:00,104.060127,0.00028,Chordcat 0,note_on,2,59,B3,0,,,,,,,,91 3B 00,note_on channel=1 note=59 velocity=0 time=0
4392,2026-09-13T00:29:51.907+00:00,104.060398,0.000271,Chordcat 0,note_on,2,61,C#4,0,,,,,,,,91 3D 00,note_on channel=1 note=61 velocity=0 time=0
4393,2026-09-13T00:29:51.907+00:00,104.060654,0.000255,Chordcat 0,note_on,2,66,F#4,0,,,,,,,,91 42 00,note_on channel=1 note=66 velocity=0 time=0
4394,2026-09-13T00:29:51.909+00:00,104.062127,0.001474,Chordcat 0,control_change,1,,,,11,71,,,,,,B0 0B 47,control_change channel=0 control=11 value=71 time=0
4395,2026-09-13T00:29:51.922+00:00,104.075302,0.013175,Chordcat 0,control_change,1,,,,11,68,,,,,,B0 0B 44,control_change channel=0 control=11 value=68 time=0
4396,2026-09-13T00:29:51.937+00:00,104.090903,0.015601,Chordcat 0,control_change,1,,,,11,66,,,,,,B0 0B 42,control_change channel=0 control=11 value=66 time=0
4397,2026-09-13T00:29:51.952+00:00,104.105496,0.014593,Chordcat 0,control_change,1,,,,11,64,,,,,,B0 0B 40,control_change channel=0 control=11 value=64 time=0
4398,2026-09-13T00:29:51.966+00:00,104.119928,0.014432,Chordcat 0,control_change,1,,,,11,63,,,,,,B0 0B 3F,control_change channel=0 control=11 value=63 time=0
4399,2026-09-13T00:29:51.996+00:00,104.150114,0.030187,Chordcat 0,control_change,1,,,,11,127,,,,,,B0 0B 7F,control_change channel=0 control=11 value=127 time=0
4400,2026-09-13T00:29:52.143+00:00,104.296375,0.146261,Chordcat 0,control_change,1,,,,11,121,,,,,,B0 0B 79,control_change channel=0 control=11 value=121 time=0
4401,2026-09-13T00:29:52.158+00:00,104.311324,0.014949,Chordcat 0,control_change,1,,,,11,112,,,,,,B0 0B 70,control_change channel=0 control=11 value=112 time=0
4402,2026-09-13T00:29:52.172+00:00,104.325658,0.014334,Chordcat 0,control_change,1,,,,11,104,,,,,,B0 0B 68,control_change channel=0 control=11 value=104 time=0
4403,2026-09-13T00:29:52.187+00:00,104.340522,0.014864,Chordcat 0,control_change,1,,,,11,97,,,,,,B0 0B 61,control_change channel=0 control=11 value=97 time=0
4404,2026-09-13T00:29:52.202+00:00,104.356035,0.015513,Chordcat 0,control_change,1,,,,11,90,,,,,,B0 0B 5A,control_change channel=0 control=11 value=90 time=0
4405,2026-09-13T00:29:52.216+00:00,104.370025,0.01399,Chordcat 0,control_change,1,,,,11,85,,,,,,B0 0B 55,control_change channel=0 control=11 value=85 time=0
4406,2026-09-13T00:29:52.231+00:00,104.384276,0.014251,Chordcat 0,control_change,1,,,,11,79,,,,,,B0 0B 4F,control_change channel=0 control=11 value=79 time=0
4407,2026-09-13T00:29:52.247+00:00,104.400503,0.016227,Chordcat 0,control_change,1,,,,11,75,,,,,,B0 0B 4B,control_change channel=0 control=11 value=75 time=0
4408,2026-09-13T00:29:52.261+00:00,104.414724,0.014221,Chordcat 0,control_change,1,,,,11,71,,,,,,B0 0B 47,control_change channel=0 control=11 value=71 time=0
4409,2026-09-13T00:29:52.276+00:00,104.429685,0.014961,Chordcat 0,control_change,1,,,,11,68,,,,,,B0 0B 44,control_change channel=0 control=11 value=68 time=0
4410,2026-09-13T00:29:52.291+00:00,104.444616,0.014931,Chordcat 0,control_change,1,,,,11,66,,,,,,B0 0B 42,control_change channel=0 control=11 value=66 time=0
4411,2026-09-13T00:29:52.305+00:00,104.459081,0.014464,Chordcat 0,control_change,1,,,,11,64,,,,,,B0 0B 40,control_change channel=0 control=11 value=64 time=0
4412,2026-09-13T00:29:52.311+00:00,104.464551,0.00547,Chordcat 0,note_on,2,44,G#2,100,,,,,,,,91 2C 64,note_on channel=1 note=44 velocity=100 time=0
4413,2026-09-13T00:29:52.311+00:00,104.465096,0.000545,Chordcat 0,note_on,2,60,C4,100,,,,,,,,91 3C 64,note_on channel=1 note=60 velocity=100 time=0
4414,2026-09-13T00:29:52.312+00:00,104.46547,0.000374,Chordcat 0,note_on,2,63,D#4,100,,,,,,,,91 3F 64,note_on channel=1 note=63 velocity=100 time=0
4415,2026-09-13T00:29:52.312+00:00,104.46578,0.00031,Chordcat 0,note_on,2,67,G4,100,,,,,,,,91 43 64,note_on channel=1 note=67 velocity=100 time=0
4416,2026-09-13T00:29:52.312+00:00,104.466177,0.000397,Chordcat 0,note_on,2,70,A#4,100,,,,,,,,91 46 64,note_on channel=1 note=70 velocity=100 time=0
4417,2026-09-13T00:29:52.319+00:00,104.472233,0.006056,Chordcat 0,control_change,1,,,,11,63,,,,,,B0 0B 3F,control_change channel=0 control=11 value=63 time=0
4418,2026-09-13T00:29:52.349+00:00,104.502959,0.030726,Chordcat 0,control_change,1,,,,11,127,,,,,,B0 0B 7F,control_change channel=0 control=11 value=127 time=0
4419,2026-09-13T00:29:52.496+00:00,104.649926,0.146967,Chordcat 0,control_change,1,,,,11,121,,,,,,B0 0B 79,control_change channel=0 control=11 value=121 time=0
4420,2026-09-13T00:29:52.511+00:00,104.664227,0.014301,Chordcat 0,control_change,1,,,,11,112,,,,,,B0 0B 70,control_change channel=0 control=11 value=112 time=0
4421,2026-09-13T00:29:52.525+00:00,104.678516,0.014289,Chordcat 0,control_change,1,,,,11,104,,,,,,B0 0B 68,control_change channel=0 control=11 value=104 time=0
4422,2026-09-13T00:29:52.540+00:00,104.693904,0.015388,Chordcat 0,control_change,1,,,,11,97,,,,,,B0 0B 61,control_change channel=0 control=11 value=97 time=0
4423,2026-09-13T00:29:52.542+00:00,104.69523,0.001326,Chordcat 0,note_on,2,44,G#2,0,,,,,,,,91 2C 00,note_on channel=1 note=44 velocity=0 time=0
4424,2026-09-13T00:29:52.542+00:00,104.69577,0.00054,Chordcat 0,note_on,2,60,C4,0,,,,,,,,91 3C 00,note_on channel=1 note=60 velocity=0 time=0
4425,2026-09-13T00:29:52.542+00:00,104.696182,0.000412,Chordcat 0,note_on,2,63,D#4,0,,,,,,,,91 3F 00,note_on channel=1 note=63 velocity=0 time=0
4426,2026-09-13T00:29:52.542+00:00,104.696427,0.000245,Chordcat 0,note_on,2,67,G4,0,,,,,,,,91 43 00,note_on channel=1 note=67 velocity=0 time=0
4427,2026-09-13T00:29:52.542+00:00,104.696691,0.000263,Chordcat 0,note_on,2,70,A#4,0,,,,,,,,91 46 00,note_on channel=1 note=70 velocity=0 time=0
4428,2026-09-13T00:29:52.555+00:00,104.708719,0.012028,Chordcat 0,control_change,1,,,,11,90,,,,,,B0 0B 5A,control_change channel=0 control=11 value=90 time=0
4429,2026-09-13T00:29:52.570+00:00,104.723876,0.015157,Chordcat 0,control_change,1,,,,11,84,,,,,,B0 0B 54,control_change channel=0 control=11 value=84 time=0
4430,2026-09-13T00:29:52.584+00:00,104.73747,0.013593,Chordcat 0,control_change,1,,,,11,79,,,,,,B0 0B 4F,control_change channel=0 control=11 value=79 time=0
4431,2026-09-13T00:29:52.599+00:00,104.752935,0.015465,Chordcat 0,control_change,1,,,,11,75,,,,,,B0 0B 4B,control_change channel=0 control=11 value=75 time=0
4432,2026-09-13T00:29:52.614+00:00,104.767656,0.014721,Chordcat 0,control_change,1,,,,11,71,,,,,,B0 0B 47,control_change channel=0 control=11 value=71 time=0
4433,2026-09-13T00:29:52.629+00:00,104.782191,0.014536,Chordcat 0,control_change,1,,,,11,68,,,,,,B0 0B 44,control_change channel=0 control=11 value=68 time=0
4434,2026-09-13T00:29:52.643+00:00,104.79672,0.014529,Chordcat 0,control_change,1,,,,11,66,,,,,,B0 0B 42,control_change channel=0 control=11 value=66 time=0
4435,2026-09-13T00:29:52.658+00:00,104.811345,0.014625,Chordcat 0,control_change,1,,,,11,64,,,,,,B0 0B 40,control_change channel=0 control=11 value=64 time=0
4436,2026-09-13T00:29:52.675+00:00,104.828842,0.017497,Chordcat 0,control_change,1,,,,11,63,,,,,,B0 0B 3F,control_change channel=0 control=11 value=63 time=0
4437,2026-09-13T00:29:52.702+00:00,104.855479,0.026637,Chordcat 0,control_change,1,,,,11,127,,,,,,B0 0B 7F,control_change channel=0 control=11 value=127 time=0
4438,2026-09-13T00:29:52.836+00:00,104.98946,0.133982,Chordcat 0,note_on,2,45,A2,100,,,,,,,,91 2D 64,note_on channel=1 note=45 velocity=100 time=0
4439,2026-09-13T00:29:52.836+00:00,104.989987,0.000527,Chordcat 0,note_on,2,55,G3,100,,,,,,,,91 37 64,note_on channel=1 note=55 velocity=100 time=0
4440,2026-09-13T00:29:52.836+00:00,104.990393,0.000406,Chordcat 0,note_on,2,59,B3,100,,,,,,,,91 3B 64,note_on channel=1 note=59 velocity=100 time=0
4441,2026-09-13T00:29:52.836+00:00,104.990634,0.000241,Chordcat 0,note_on,2,61,C#4,100,,,,,,,,91 3D 64,note_on channel=1 note=61 velocity=100 time=0
4442,2026-09-13T00:29:52.836+00:00,104.990927,0.000294,Chordcat 0,note_on,2,66,F#4,100,,,,,,,,91 42 64,note_on channel=1 note=66 velocity=100 time=0
4443,2026-09-13T00:29:52.848+00:00,105.002276,0.011348,Chordcat 0,control_change,1,,,,11,121,,,,,,B0 0B 79,control_change channel=0 control=11 value=121 time=0
4444,2026-09-13T00:29:52.864+00:00,105.017365,0.015089,Chordcat 0,control_change,1,,,,11,112,,,,,,B0 0B 70,control_change channel=0 control=11 value=112 time=0
4445,2026-09-13T00:29:52.878+00:00,105.031271,0.013906,Chordcat 0,control_change,1,,,,11,104,,,,,,B0 0B 68,control_change channel=0 control=11 value=104 time=0
4446,2026-09-13T00:29:52.893+00:00,105.046932,0.015661,Chordcat 0,control_change,1,,,,11,97,,,,,,B0 0B 61,control_change channel=0 control=11 value=97 time=0
4447,2026-09-13T00:29:52.908+00:00,105.061848,0.014917,Chordcat 0,control_change,1,,,,11,90,,,,,,B0 0B 5A,control_change channel=0 control=11 value=90 time=0
4448,2026-09-13T00:29:52.923+00:00,105.076897,0.015049,Chordcat 0,control_change,1,,,,11,84,,,,,,B0 0B 54,control_change channel=0 control=11 value=84 time=0
4449,2026-09-13T00:29:52.937+00:00,105.091044,0.014147,Chordcat 0,control_change,1,,,,11,79,,,,,,B0 0B 4F,control_change channel=0 control=11 value=79 time=0
4450,2026-09-13T00:29:52.952+00:00,105.105233,0.014189,Chordcat 0,control_change,1,,,,11,75,,,,,,B0 0B 4B,control_change channel=0 control=11 value=75 time=0
4451,2026-09-13T00:29:52.967+00:00,105.120431,0.015198,Chordcat 0,control_change,1,,,,11,71,,,,,,B0 0B 47,control_change channel=0 control=11 value=71 time=0
4452,2026-09-13T00:29:52.981+00:00,105.13444,0.014008,Chordcat 0,control_change,1,,,,11,68,,,,,,B0 0B 44,control_change channel=0 control=11 value=68 time=0
4453,2026-09-13T00:29:52.996+00:00,105.149408,0.014968,Chordcat 0,control_change,1,,,,11,66,,,,,,B0 0B 42,control_change channel=0 control=11 value=66 time=0
4454,2026-09-13T00:29:53.012+00:00,105.165154,0.015746,Chordcat 0,control_change,1,,,,11,64,,,,,,B0 0B 40,control_change channel=0 control=11 value=64 time=0
4455,2026-09-13T00:29:53.025+00:00,105.179022,0.013867,Chordcat 0,control_change,1,,,,11,63,,,,,,B0 0B 3F,control_change channel=0 control=11 value=63 time=0
4456,2026-09-13T00:29:53.055+00:00,105.208852,0.02983,Chordcat 0,control_change,1,,,,11,127,,,,,,B0 0B 7F,control_change channel=0 control=11 value=127 time=0
4457,2026-09-13T00:29:53.100+00:00,105.253672,0.04482,Chordcat 0,note_on,2,45,A2,0,,,,,,,,91 2D 00,note_on channel=1 note=45 velocity=0 time=0
4458,2026-09-13T00:29:53.100+00:00,105.254117,0.000444,Chordcat 0,note_on,2,55,G3,0,,,,,,,,91 37 00,note_on channel=1 note=55 velocity=0 time=0
4459,2026-09-13T00:29:53.100+00:00,105.254362,0.000245,Chordcat 0,note_on,2,59,B3,0,,,,,,,,91 3B 00,note_on channel=1 note=59 velocity=0 time=0
4460,2026-09-13T00:29:53.101+00:00,105.254606,0.000244,Chordcat 0,note_on,2,61,C#4,0,,,,,,,,91 3D 00,note_on channel=1 note=61 velocity=0 time=0
4461,2026-09-13T00:29:53.101+00:00,105.255016,0.00041,Chordcat 0,note_on,2,66,F#4,0,,,,,,,,91 42 00,note_on channel=1 note=66 velocity=0 time=0
4462,2026-09-13T00:29:53.203+00:00,105.3563,0.101284,Chordcat 0,control_change,1,,,,11,121,,,,,,B0 0B 79,control_change channel=0 control=11 value=121 time=0
4463,2026-09-13T00:29:53.217+00:00,105.370493,0.014193,Chordcat 0,control_change,1,,,,11,112,,,,,,B0 0B 70,control_change channel=0 control=11 value=112 time=0
4464,2026-09-13T00:29:53.231+00:00,105.385108,0.014615,Chordcat 0,control_change,1,,,,11,104,,,,,,B0 0B 68,control_change channel=0 control=11 value=104 time=0
4465,2026-09-13T00:29:53.246+00:00,105.39939,0.014282,Chordcat 0,control_change,1,,,,11,97,,,,,,B0 0B 61,control_change channel=0 control=11 value=97 time=0
4466,2026-09-13T00:29:53.262+00:00,105.415189,0.015799,Chordcat 0,control_change,1,,,,11,90,,,,,,B0 0B 5A,control_change channel=0 control=11 value=90 time=0
4467,2026-09-13T00:29:53.276+00:00,105.429443,0.014254,Chordcat 0,control_change,1,,,,11,84,,,,,,B0 0B 54,control_change channel=0 control=11 value=84 time=0
4468,2026-09-13T00:29:53.290+00:00,105.443447,0.014004,Chordcat 0,control_change,1,,,,11,80,,,,,,B0 0B 50,control_change channel=0 control=11 value=80 time=0
4469,2026-09-13T00:29:53.305+00:00,105.458319,0.014871,Chordcat 0,control_change,1,,,,11,75,,,,,,B0 0B 4B,control_change channel=0 control=11 value=75 time=0
4470,2026-09-13T00:29:53.321+00:00,105.474271,0.015952,Chordcat 0,control_change,1,,,,11,71,,,,,,B0 0B 47,control_change channel=0 control=11 value=71 time=0
4471,2026-09-13T00:29:53.336+00:00,105.48931,0.015039,Chordcat 0,control_change,1,,,,11,68,,,,,,B0 0B 44,control_change channel=0 control=11 value=68 time=0
4472,2026-09-13T00:29:53.349+00:00,105.503082,0.013772,Chordcat 0,control_change,1,,,,11,66,,,,,,B0 0B 42,control_change channel=0 control=11 value=66 time=0
4473,2026-09-13T00:29:53.364+00:00,105.517383,0.014301,Chordcat 0,control_change,1,,,,11,64,,,,,,B0 0B 40,control_change channel=0 control=11 value=64 time=0
4474,2026-09-13T00:29:53.379+00:00,105.532928,0.015544,Chordcat 0,control_change,1,,,,11,63,,,,,,B0 0B 3F,control_change channel=0 control=11 value=63 time=0
4475,2026-09-13T00:29:53.408+00:00,105.561891,0.028963,Chordcat 0,control_change,1,,,,11,127,,,,,,B0 0B 7F,control_change channel=0 control=11 value=127 time=0
4476,2026-09-13T00:29:53.555+00:00,105.708968,0.147077,Chordcat 0,control_change,1,,,,11,121,,,,,,B0 0B 79,control_change channel=0 control=11 value=121 time=0
4477,2026-09-13T00:29:53.557+00:00,105.710306,0.001338,Chordcat 0,note_on,2,45,A2,100,,,,,,,,91 2D 64,note_on channel=1 note=45 velocity=100 time=0
4478,2026-09-13T00:29:53.557+00:00,105.71063,0.000324,Chordcat 0,note_on,2,55,G3,100,,,,,,,,91 37 64,note_on channel=1 note=55 velocity=100 time=0
4479,2026-09-13T00:29:53.557+00:00,105.711235,0.000606,Chordcat 0,note_on,2,59,B3,100,,,,,,,,91 3B 64,note_on channel=1 note=59 velocity=100 time=0
4480,2026-09-13T00:29:53.557+00:00,105.71171,0.000475,Chordcat 0,note_on,2,62,D4,100,,,,,,,,91 3E 64,note_on channel=1 note=62 velocity=100 time=0
4481,2026-09-13T00:29:53.558+00:00,105.712131,0.000421,Chordcat 0,note_on,2,66,F#4,100,,,,,,,,91 42 64,note_on channel=1 note=66 velocity=100 time=0
4482,2026-09-13T00:29:53.570+00:00,105.723247,0.011116,Chordcat 0,control_change,1,,,,11,112,,,,,,B0 0B 70,control_change channel=0 control=11 value=112 time=0
4483,2026-09-13T00:29:53.586+00:00,105.739249,0.016002,Chordcat 0,control_change,1,,,,11,104,,,,,,B0 0B 68,control_change channel=0 control=11 value=104 time=0
4484,2026-09-13T00:29:53.599+00:00,105.752733,0.013484,Chordcat 0,control_change,1,,,,11,97,,,,,,B0 0B 61,control_change channel=0 control=11 value=97 time=0
4485,2026-09-13T00:29:53.615+00:00,105.768251,0.015518,Chordcat 0,control_change,1,,,,11,90,,,,,,B0 0B 5A,control_change channel=0 control=11 value=90 time=0
4486,2026-09-13T00:29:53.629+00:00,105.782819,0.014568,Chordcat 0,control_change,1,,,,11,84,,,,,,B0 0B 54,control_change channel=0 control=11 value=84 time=0
4487,2026-09-13T00:29:53.643+00:00,105.796414,0.013595,Chordcat 0,control_change,1,,,,11,79,,,,,,B0 0B 4F,control_change channel=0 control=11 value=79 time=0
4488,2026-09-13T00:29:53.658+00:00,105.811482,0.015068,Chordcat 0,control_change,1,,,,11,75,,,,,,B0 0B 4B,control_change channel=0 control=11 value=75 time=0
4489,2026-09-13T00:29:53.673+00:00,105.826601,0.015119,Chordcat 0,control_change,1,,,,11,71,,,,,,B0 0B 47,control_change channel=0 control=11 value=71 time=0
4490,2026-09-13T00:29:53.687+00:00,105.840268,0.013666,Chordcat 0,control_change,1,,,,11,68,,,,,,B0 0B 44,control_change channel=0 control=11 value=68 time=0
4491,2026-09-13T00:29:53.702+00:00,105.855894,0.015627,Chordcat 0,control_change,1,,,,11,66,,,,,,B0 0B 42,control_change channel=0 control=11 value=66 time=0
4492,2026-09-13T00:29:53.717+00:00,105.870547,0.014653,Chordcat 0,control_change,1,,,,11,64,,,,,,B0 0B 40,control_change channel=0 control=11 value=64 time=0
4493,2026-09-13T00:29:53.732+00:00,105.885193,0.014646,Chordcat 0,control_change,1,,,,11,63,,,,,,B0 0B 3F,control_change channel=0 control=11 value=63 time=0
4494,2026-09-13T00:29:53.761+00:00,105.915193,0.03,Chordcat 0,control_change,1,,,,11,127,,,,,,B0 0B 7F,control_change channel=0 control=11 value=127 time=0
4495,2026-09-13T00:29:53.844+00:00,105.997288,0.082094,Chordcat 0,note_on,2,45,A2,0,,,,,,,,91 2D 00,note_on channel=1 note=45 velocity=0 time=0
4496,2026-09-13T00:29:53.844+00:00,105.99785,0.000563,Chordcat 0,note_on,2,55,G3,0,,,,,,,,91 37 00,note_on channel=1 note=55 velocity=0 time=0
4497,2026-09-13T00:29:53.844+00:00,105.998353,0.000503,Chordcat 0,note_on,2,59,B3,0,,,,,,,,91 3B 00,note_on channel=1 note=59 velocity=0 time=0
4498,2026-09-13T00:29:53.844+00:00,105.998996,0.000642,Chordcat 0,note_on,2,62,D4,0,,,,,,,,91 3E 00,note_on channel=1 note=62 velocity=0 time=0
4499,2026-09-13T00:29:53.846+00:00,105.999373,0.000377,Chordcat 0,note_on,2,66,F#4,0,,,,,,,,91 42 00,note_on channel=1 note=66 velocity=0 time=0
4500,2026-09-13T00:29:53.908+00:00,106.061966,0.062593,Chordcat 0,control_change,1,,,,11,121,,,,,,B0 0B 79,control_change channel=0 control=11 value=121 time=0
4501,2026-09-13T00:29:53.923+00:00,106.077097,0.015131,Chordcat 0,control_change,1,,,,11,112,,,,,,B0 0B 70,control_change channel=0 control=11 value=112 time=0
4502,2026-09-13T00:29:53.938+00:00,106.091279,0.014182,Chordcat 0,control_change,1,,,,11,104,,,,,,B0 0B 68,control_change channel=0 control=11 value=104 time=0
4503,2026-09-13T00:29:53.952+00:00,106.105783,0.014504,Chordcat 0,control_change,1,,,,11,97,,,,,,B0 0B 61,control_change channel=0 control=11 value=97 time=0
4504,2026-09-13T00:29:53.967+00:00,106.120537,0.014753,Chordcat 0,control_change,1,,,,11,90,,,,,,B0 0B 5A,control_change channel=0 control=11 value=90 time=0
4505,2026-09-13T00:29:53.982+00:00,106.135954,0.015417,Chordcat 0,control_change,1,,,,11,84,,,,,,B0 0B 54,control_change channel=0 control=11 value=84 time=0
4506,2026-09-13T00:29:53.996+00:00,106.149702,0.013749,Chordcat 0,control_change,1,,,,11,79,,,,,,B0 0B 4F,control_change channel=0 control=11 value=79 time=0
4507,2026-09-13T00:29:54.011+00:00,106.164277,0.014575,Chordcat 0,control_change,1,,,,11,75,,,,,,B0 0B 4B,control_change channel=0 control=11 value=75 time=0
4508,2026-09-13T00:29:54.026+00:00,106.179946,0.015668,Chordcat 0,control_change,1,,,,11,71,,,,,,B0 0B 47,control_change channel=0 control=11 value=71 time=0
4509,2026-09-13T00:29:54.040+00:00,106.193903,0.013957,Chordcat 0,control_change,1,,,,11,68,,,,,,B0 0B 44,control_change channel=0 control=11 value=68 time=0
4510,2026-09-13T00:29:54.056+00:00,106.209321,0.015418,Chordcat 0,control_change,1,,,,11,66,,,,,,B0 0B 42,control_change channel=0 control=11 value=66 time=0
4511,2026-09-13T00:29:54.070+00:00,106.223878,0.014557,Chordcat 0,control_change,1,,,,11,64,,,,,,B0 0B 40,control_change channel=0 control=11 value=64 time=0
4512,2026-09-13T00:29:54.085+00:00,106.239051,0.015173,Chordcat 0,control_change,1,,,,11,63,,,,,,B0 0B 3F,control_change channel=0 control=11 value=63 time=0
4513,2026-09-13T00:29:54.114+00:00,106.268071,0.029019,Chordcat 0,control_change,1,,,,11,127,,,,,,B0 0B 7F,control_change channel=0 control=11 value=127 time=0
4514,2026-09-13T00:29:54.147+00:00,106.300648,0.032578,Chordcat 0,note_on,2,45,A2,100,,,,,,,,91 2D 64,note_on channel=1 note=45 velocity=100 time=0
4515,2026-09-13T00:29:54.147+00:00,106.301059,0.000411,Chordcat 0,note_on,2,59,B3,100,,,,,,,,91 3B 64,note_on channel=1 note=59 velocity=100 time=0
4516,2026-09-13T00:29:54.147+00:00,106.301411,0.000352,Chordcat 0,note_on,2,61,C#4,100,,,,,,,,91 3D 64,note_on channel=1 note=61 velocity=100 time=0
4517,2026-09-13T00:29:54.147+00:00,106.301705,0.000293,Chordcat 0,note_on,2,64,E4,100,,,,,,,,91 40 64,note_on channel=1 note=64 velocity=100 time=0
4518,2026-09-13T00:29:54.147+00:00,106.302024,0.000319,Chordcat 0,note_on,2,68,G#4,100,,,,,,,,91 44 64,note_on channel=1 note=68 velocity=100 time=0
4519,2026-09-13T00:29:54.261+00:00,106.414202,0.112178,Chordcat 0,control_change,1,,,,11,121,,,,,,B0 0B 79,control_change channel=0 control=11 value=121 time=0
4520,2026-09-13T00:29:54.276+00:00,106.429885,0.015683,Chordcat 0,control_change,1,,,,11,112,,,,,,B0 0B 70,control_change channel=0 control=11 value=112 time=0
4521,2026-09-13T00:29:54.291+00:00,106.44449,0.014605,Chordcat 0,control_change,1,,,,11,104,,,,,,B0 0B 68,control_change channel=0 control=11 value=104 time=0
4522,2026-09-13T00:29:54.305+00:00,106.458758,0.014268,Chordcat 0,control_change,1,,,,11,97,,,,,,B0 0B 61,control_change channel=0 control=11 value=97 time=0
4523,2026-09-13T00:29:54.321+00:00,106.474218,0.015461,Chordcat 0,control_change,1,,,,11,90,,,,,,B0 0B 5A,control_change channel=0 control=11 value=90 time=0
4524,2026-09-13T00:29:54.335+00:00,106.489042,0.014824,Chordcat 0,control_change,1,,,,11,84,,,,,,B0 0B 54,control_change channel=0 control=11 value=84 time=0
4525,2026-09-13T00:29:54.350+00:00,106.503393,0.014351,Chordcat 0,control_change,1,,,,11,80,,,,,,B0 0B 50,control_change channel=0 control=11 value=80 time=0
4526,2026-09-13T00:29:54.364+00:00,106.51792,0.014526,Chordcat 0,control_change,1,,,,11,75,,,,,,B0 0B 4B,control_change channel=0 control=11 value=75 time=0
4527,2026-09-13T00:29:54.380+00:00,106.533236,0.015316,Chordcat 0,control_change,1,,,,11,71,,,,,,B0 0B 47,control_change channel=0 control=11 value=71 time=0
4528,2026-09-13T00:29:54.394+00:00,106.547909,0.014674,Chordcat 0,control_change,1,,,,11,68,,,,,,B0 0B 44,control_change channel=0 control=11 value=68 time=0
4529,2026-09-13T00:29:54.409+00:00,106.562253,0.014344,Chordcat 0,control_change,1,,,,11,66,,,,,,B0 0B 42,control_change channel=0 control=11 value=66 time=0
4530,2026-09-13T00:29:54.420+00:00,106.573206,0.010953,Chordcat 0,note_on,2,45,A2,0,,,,,,,,91 2D 00,note_on channel=1 note=45 velocity=0 time=0
4531,2026-09-13T00:29:54.420+00:00,106.573749,0.000543,Chordcat 0,note_on,2,59,B3,0,,,,,,,,91 3B 00,note_on channel=1 note=59 velocity=0 time=0
4532,2026-09-13T00:29:54.421+00:00,106.574232,0.000483,Chordcat 0,note_on,2,61,C#4,0,,,,,,,,91 3D 00,note_on channel=1 note=61 velocity=0 time=0
4533,2026-09-13T00:29:54.421+00:00,106.57461,0.000378,Chordcat 0,note_on,2,64,E4,0,,,,,,,,91 40 00,note_on channel=1 note=64 velocity=0 time=0
4534,2026-09-13T00:29:54.421+00:00,106.574998,0.000388,Chordcat 0,note_on,2,68,G#4,0,,,,,,,,91 44 00,note_on channel=1 note=68 velocity=0 time=0
4535,2026-09-13T00:29:54.423+00:00,106.576512,0.001515,Chordcat 0,control_change,1,,,,11,64,,,,,,B0 0B 40,control_change channel=0 control=11 value=64 time=0
4536,2026-09-13T00:29:54.438+00:00,106.591186,0.014674,Chordcat 0,control_change,1,,,,11,63,,,,,,B0 0B 3F,control_change channel=0 control=11 value=63 time=0
4537,2026-09-13T00:29:54.468+00:00,106.621156,0.02997,Chordcat 0,control_change,1,,,,11,127,,,,,,B0 0B 7F,control_change channel=0 control=11 value=127 time=0
4538,2026-09-13T00:29:54.614+00:00,106.767345,0.146189,Chordcat 0,control_change,1,,,,11,121,,,,,,B0 0B 79,control_change channel=0 control=11 value=121 time=0
4539,2026-09-13T00:29:54.629+00:00,106.782933,0.015588,Chordcat 0,control_change,1,,,,11,112,,,,,,B0 0B 70,control_change channel=0 control=11 value=112 time=0
4540,2026-09-13T00:29:54.644+00:00,106.797607,0.014673,Chordcat 0,control_change,1,,,,11,104,,,,,,B0 0B 68,control_change channel=0 control=11 value=104 time=0
4541,2026-09-13T00:29:54.658+00:00,106.811422,0.013815,Chordcat 0,control_change,1,,,,11,97,,,,,,B0 0B 61,control_change channel=0 control=11 value=97 time=0
4542,2026-09-13T00:29:54.673+00:00,106.826974,0.015552,Chordcat 0,control_change,1,,,,11,90,,,,,,B0 0B 5A,control_change channel=0 control=11 value=90 time=0
4543,2026-09-13T00:29:54.688+00:00,106.841594,0.01462,Chordcat 0,control_change,1,,,,11,84,,,,,,B0 0B 54,control_change channel=0 control=11 value=84 time=0
4544,2026-09-13T00:29:54.702+00:00,106.855281,0.013687,Chordcat 0,control_change,1,,,,11,79,,,,,,B0 0B 4F,control_change channel=0 control=11 value=79 time=0
4545,2026-09-13T00:29:54.717+00:00,106.870826,0.015545,Chordcat 0,control_change,1,,,,11,75,,,,,,B0 0B 4B,control_change channel=0 control=11 value=75 time=0
4546,2026-09-13T00:29:54.732+00:00,106.88582,0.014993,Chordcat 0,control_change,1,,,,11,71,,,,,,B0 0B 47,control_change channel=0 control=11 value=71 time=0
4547,2026-09-13T00:29:54.747+00:00,106.900883,0.015063,Chordcat 0,control_change,1,,,,11,68,,,,,,B0 0B 44,control_change channel=0 control=11 value=68 time=0
4548,2026-09-13T00:29:54.761+00:00,106.914756,0.013873,Chordcat 0,control_change,1,,,,11,66,,,,,,B0 0B 42,control_change channel=0 control=11 value=66 time=0
4549,2026-09-13T00:29:54.776+00:00,106.929463,0.014707,Chordcat 0,control_change,1,,,,11,64,,,,,,B0 0B 40,control_change channel=0 control=11 value=64 time=0
4550,2026-09-13T00:29:54.791+00:00,106.945001,0.015538,Chordcat 0,control_change,1,,,,11,63,,,,,,B0 0B 3F,control_change channel=0 control=11 value=63 time=0
4551,2026-09-13T00:29:54.816+00:00,106.969271,0.024269,Chordcat 0,note_on,2,45,A2,100,,,,,,,,91 2D 64,note_on channel=1 note=45 velocity=100 time=0
4552,2026-09-13T00:29:54.816+00:00,106.96982,0.00055,Chordcat 0,note_on,2,61,C#4,100,,,,,,,,91 3D 64,note_on channel=1 note=61 velocity=100 time=0
4553,2026-09-13T00:29:54.817+00:00,106.970187,0.000367,Chordcat 0,note_on,2,64,E4,100,,,,,,,,91 40 64,note_on channel=1 note=64 velocity=100 time=0
4554,2026-09-13T00:29:54.817+00:00,106.970401,0.000214,Chordcat 0,note_on,2,68,G#4,100,,,,,,,,91 44 64,note_on channel=1 note=68 velocity=100 time=0
4555,2026-09-13T00:29:54.817+00:00,106.970582,0.000182,Chordcat 0,note_on,2,71,B4,100,,,,,,,,91 47 64,note_on channel=1 note=71 velocity=100 time=0
4556,2026-09-13T00:29:54.820+00:00,106.973789,0.003207,Chordcat 0,control_change,1,,,,11,127,,,,,,B0 0B 7F,control_change channel=0 control=11 value=127 time=0
4557,2026-09-13T00:29:54.967+00:00,107.12097,0.147181,Chordcat 0,control_change,1,,,,11,121,,,,,,B0 0B 79,control_change channel=0 control=11 value=121 time=0
4558,2026-09-13T00:29:54.983+00:00,107.136229,0.015259,Chordcat 0,control_change,1,,,,11,112,,,,,,B0 0B 70,control_change channel=0 control=11 value=112 time=0
4559,2026-09-13T00:29:54.997+00:00,107.150661,0.014432,Chordcat 0,control_change,1,,,,11,104,,,,,,B0 0B 68,control_change channel=0 control=11 value=104 time=0
4560,2026-09-13T00:29:55.011+00:00,107.16501,0.014349,Chordcat 0,control_change,1,,,,11,97,,,,,,B0 0B 61,control_change channel=0 control=11 value=97 time=0
4561,2026-09-13T00:29:55.026+00:00,107.179354,0.014344,Chordcat 0,control_change,1,,,,11,90,,,,,,B0 0B 5A,control_change channel=0 control=11 value=90 time=0
4562,2026-09-13T00:29:55.041+00:00,107.194427,0.015073,Chordcat 0,control_change,1,,,,11,84,,,,,,B0 0B 54,control_change channel=0 control=11 value=84 time=0
4563,2026-09-13T00:29:55.055+00:00,107.208248,0.013821,Chordcat 0,control_change,1,,,,11,79,,,,,,B0 0B 4F,control_change channel=0 control=11 value=79 time=0
4564,2026-09-13T00:29:55.070+00:00,107.223204,0.014956,Chordcat 0,control_change,1,,,,11,75,,,,,,B0 0B 4B,control_change channel=0 control=11 value=75 time=0
4565,2026-09-13T00:29:55.085+00:00,107.238505,0.0153,Chordcat 0,control_change,1,,,,11,71,,,,,,B0 0B 47,control_change channel=0 control=11 value=71 time=0
4566,2026-09-13T00:29:55.100+00:00,107.253207,0.014702,Chordcat 0,control_change,1,,,,11,68,,,,,,B0 0B 44,control_change channel=0 control=11 value=68 time=0
4567,2026-09-13T00:29:55.115+00:00,107.26814,0.014933,Chordcat 0,control_change,1,,,,11,66,,,,,,B0 0B 42,control_change channel=0 control=11 value=66 time=0
4568,2026-09-13T00:29:55.122+00:00,107.275548,0.007409,Chordcat 0,note_on,2,45,A2,0,,,,,,,,91 2D 00,note_on channel=1 note=45 velocity=0 time=0
4569,2026-09-13T00:29:55.122+00:00,107.276326,0.000778,Chordcat 0,note_on,2,61,C#4,0,,,,,,,,91 3D 00,note_on channel=1 note=61 velocity=0 time=0
4570,2026-09-13T00:29:55.122+00:00,107.276664,0.000338,Chordcat 0,note_on,2,64,E4,0,,,,,,,,91 40 00,note_on channel=1 note=64 velocity=0 time=0
4571,2026-09-13T00:29:55.122+00:00,107.277006,0.000342,Chordcat 0,note_on,2,68,G#4,0,,,,,,,,91 44 00,note_on channel=1 note=68 velocity=0 time=0
4572,2026-09-13T00:29:55.122+00:00,107.277203,0.000197,Chordcat 0,note_on,2,71,B4,0,,,,,,,,91 47 00,note_on channel=1 note=71 velocity=0 time=0
4573,2026-09-13T00:29:55.130+00:00,107.28346,0.006257,Chordcat 0,control_change,1,,,,11,64,,,,,,B0 0B 40,control_change channel=0 control=11 value=64 time=0
4574,2026-09-13T00:29:55.144+00:00,107.298089,0.014629,Chordcat 0,control_change,1,,,,11,63,,,,,,B0 0B 3F,control_change channel=0 control=11 value=63 time=0
4575,2026-09-13T00:29:55.173+00:00,107.326358,0.028268,Chordcat 0,control_change,1,,,,11,127,,,,,,B0 0B 7F,control_change channel=0 control=11 value=127 time=0
4576,2026-09-13T00:29:55.320+00:00,107.473365,0.147007,Chordcat 0,control_change,1,,,,11,121,,,,,,B0 0B 79,control_change channel=0 control=11 value=121 time=0
4577,2026-09-13T00:29:55.335+00:00,107.488359,0.014994,Chordcat 0,control_change,1,,,,11,112,,,,,,B0 0B 70,control_change channel=0 control=11 value=112 time=0
4578,2026-09-13T00:29:55.350+00:00,107.504083,0.015724,Chordcat 0,control_change,1,,,,11,104,,,,,,B0 0B 68,control_change channel=0 control=11 value=104 time=0
4579,2026-09-13T00:29:55.364+00:00,107.517212,0.013129,Chordcat 0,control_change,1,,,,11,97,,,,,,B0 0B 61,control_change channel=0 control=11 value=97 time=0
4580,2026-09-13T00:29:55.379+00:00,107.532298,0.015086,Chordcat 0,control_change,1,,,,11,90,,,,,,B0 0B 5A,control_change channel=0 control=11 value=90 time=0
4581,2026-09-13T00:29:55.394+00:00,107.548141,0.015843,Chordcat 0,control_change,1,,,,11,84,,,,,,B0 0B 54,control_change channel=0 control=11 value=84 time=0
4582,2026-09-13T00:29:55.409+00:00,107.562783,0.014642,Chordcat 0,control_change,1,,,,11,79,,,,,,B0 0B 4F,control_change channel=0 control=11 value=79 time=0
4583,2026-09-13T00:29:55.423+00:00,107.576643,0.01386,Chordcat 0,control_change,1,,,,11,75,,,,,,B0 0B 4B,control_change channel=0 control=11 value=75 time=0
4584,2026-09-13T00:29:55.438+00:00,107.591611,0.014968,Chordcat 0,control_change,1,,,,11,71,,,,,,B0 0B 47,control_change channel=0 control=11 value=71 time=0
4585,2026-09-13T00:29:55.453+00:00,107.60679,0.01518,Chordcat 0,control_change,1,,,,11,68,,,,,,B0 0B 44,control_change channel=0 control=11 value=68 time=0
4586,2026-09-13T00:29:55.457+00:00,107.610356,0.003566,Chordcat 0,note_on,2,49,C#3,100,,,,,,,,91 31 64,note_on channel=1 note=49 velocity=100 time=0
4587,2026-09-13T00:29:55.457+00:00,107.610821,0.000465,Chordcat 0,note_on,2,56,G#3,100,,,,,,,,91 38 64,note_on channel=1 note=56 velocity=100 time=0
4588,2026-09-13T00:29:55.457+00:00,107.611189,0.000367,Chordcat 0,note_on,2,59,B3,100,,,,,,,,91 3B 64,note_on channel=1 note=59 velocity=100 time=0
4589,2026-09-13T00:29:55.458+00:00,107.611526,0.000337,Chordcat 0,note_on,2,65,F4,100,,,,,,,,91 41 64,note_on channel=1 note=65 velocity=100 time=0
4590,2026-09-13T00:29:55.467+00:00,107.620512,0.008986,Chordcat 0,control_change,1,,,,11,66,,,,,,B0 0B 42,control_change channel=0 control=11 value=66 time=0
4591,2026-09-13T00:29:55.482+00:00,107.635716,0.015204,Chordcat 0,control_change,1,,,,11,64,,,,,,B0 0B 40,control_change channel=0 control=11 value=64 time=0
4592,2026-09-13T00:29:55.497+00:00,107.65082,0.015103,Chordcat 0,control_change,1,,,,11,63,,,,,,B0 0B 3F,control_change channel=0 control=11 value=63 time=0
4593,2026-09-13T00:29:55.526+00:00,107.679369,0.028549,Chordcat 0,control_change,1,,,,11,127,,,,,,B0 0B 7F,control_change channel=0 control=11 value=127 time=0
4594,2026-09-13T00:29:55.674+00:00,107.827436,0.148067,Chordcat 0,control_change,1,,,,11,121,,,,,,B0 0B 79,control_change channel=0 control=11 value=121 time=0
4595,2026-09-13T00:29:55.688+00:00,107.841974,0.014539,Chordcat 0,control_change,1,,,,11,112,,,,,,B0 0B 70,control_change channel=0 control=11 value=112 time=0
4596,2026-09-13T00:29:55.702+00:00,107.856218,0.014244,Chordcat 0,control_change,1,,,,11,104,,,,,,B0 0B 68,control_change channel=0 control=11 value=104 time=0
4597,2026-09-13T00:29:55.717+00:00,107.870195,0.013977,Chordcat 0,control_change,1,,,,11,97,,,,,,B0 0B 61,control_change channel=0 control=11 value=97 time=0
4598,2026-09-13T00:29:55.732+00:00,107.88586,0.015665,Chordcat 0,control_change,1,,,,11,90,,,,,,B0 0B 5A,control_change channel=0 control=11 value=90 time=0
4599,2026-09-13T00:29:55.748+00:00,107.901532,0.015672,Chordcat 0,control_change,1,,,,11,84,,,,,,B0 0B 54,control_change channel=0 control=11 value=84 time=0
4600,2026-09-13T00:29:55.763+00:00,107.916167,0.014635,Chordcat 0,control_change,1,,,,11,79,,,,,,B0 0B 4F,control_change channel=0 control=11 value=79 time=0
4601,2026-09-13T00:29:55.765+00:00,107.918884,0.002716,Chordcat 0,note_on,2,49,C#3,0,,,,,,,,91 31 00,note_on channel=1 note=49 velocity=0 time=0
4602,2026-09-13T00:29:55.765+00:00,107.919278,0.000394,Chordcat 0,note_on,2,56,G#3,0,,,,,,,,91 38 00,note_on channel=1 note=56 velocity=0 time=0
4603,2026-09-13T00:29:55.765+00:00,107.91964,0.000361,Chordcat 0,note_on,2,59,B3,0,,,,,,,,91 3B 00,note_on channel=1 note=59 velocity=0 time=0
4604,2026-09-13T00:29:55.766+00:00,107.919899,0.00026,Chordcat 0,note_on,2,65,F4,0,,,,,,,,91 41 00,note_on channel=1 note=65 velocity=0 time=0
4605,2026-09-13T00:29:55.775+00:00,107.92909,0.009191,Chordcat 0,control_change,1,,,,11,75,,,,,,B0 0B 4B,control_change channel=0 control=11 value=75 time=0
4606,2026-09-13T00:29:55.791+00:00,107.945039,0.015949,Chordcat 0,control_change,1,,,,11,71,,,,,,B0 0B 47,control_change channel=0 control=11 value=71 time=0
4607,2026-09-13T00:29:55.806+00:00,107.959851,0.014813,Chordcat 0,control_change,1,,,,11,68,,,,,,B0 0B 44,control_change channel=0 control=11 value=68 time=0
4608,2026-09-13T00:29:55.821+00:00,107.974583,0.014731,Chordcat 0,control_change,1,,,,11,66,,,,,,B0 0B 42,control_change channel=0 control=11 value=66 time=0
4609,2026-09-13T00:29:55.835+00:00,107.988954,0.014371,Chordcat 0,control_change,1,,,,11,64,,,,,,B0 0B 40,control_change channel=0 control=11 value=64 time=0
4610,2026-09-13T00:29:55.850+00:00,108.00389,0.014936,Chordcat 0,control_change,1,,,,11,63,,,,,,B0 0B 3F,control_change channel=0 control=11 value=63 time=0
4611,2026-09-13T00:29:55.880+00:00,108.03327,0.02938,Chordcat 0,control_change,1,,,,11,127,,,,,,B0 0B 7F,control_change channel=0 control=11 value=127 time=0
4612,2026-09-13T00:29:56.026+00:00,108.17957,0.1463,Chordcat 0,control_change,1,,,,11,121,,,,,,B0 0B 79,control_change channel=0 control=11 value=121 time=0
4613,2026-09-13T00:29:56.041+00:00,108.194451,0.014882,Chordcat 0,control_change,1,,,,11,112,,,,,,B0 0B 70,control_change channel=0 control=11 value=112 time=0
4614,2026-09-13T00:29:56.057+00:00,108.210271,0.015819,Chordcat 0,control_change,1,,,,11,104,,,,,,B0 0B 68,control_change channel=0 control=11 value=104 time=0
4615,2026-09-13T00:29:56.071+00:00,108.224574,0.014303,Chordcat 0,control_change,1,,,,11,97,,,,,,B0 0B 61,control_change channel=0 control=11 value=97 time=0
4616,2026-09-13T00:29:56.085+00:00,108.238892,0.014318,Chordcat 0,control_change,1,,,,11,90,,,,,,B0 0B 5A,control_change channel=0 control=11 value=90 time=0
4617,2026-09-13T00:29:56.101+00:00,108.254251,0.015359,Chordcat 0,control_change,1,,,,11,84,,,,,,B0 0B 54,control_change channel=0 control=11 value=84 time=0
4618,2026-09-13T00:29:56.115+00:00,108.268762,0.014511,Chordcat 0,control_change,1,,,,11,79,,,,,,B0 0B 4F,control_change channel=0 control=11 value=79 time=0
4619,2026-09-13T00:29:56.130+00:00,108.283219,0.014457,Chordcat 0,control_change,1,,,,11,75,,,,,,B0 0B 4B,control_change channel=0 control=11 value=75 time=0
4620,2026-09-13T00:29:56.144+00:00,108.297236,0.014017,Chordcat 0,control_change,1,,,,11,71,,,,,,B0 0B 47,control_change channel=0 control=11 value=71 time=0
4621,2026-09-13T00:29:56.160+00:00,108.313338,0.016102,Chordcat 0,control_change,1,,,,11,68,,,,,,B0 0B 44,control_change channel=0 control=11 value=68 time=0
4622,2026-09-13T00:29:56.174+00:00,108.32794,0.014602,Chordcat 0,control_change,1,,,,11,66,,,,,,B0 0B 42,control_change channel=0 control=11 value=66 time=0
4623,2026-09-13T00:29:56.188+00:00,108.341682,0.013742,Chordcat 0,control_change,1,,,,11,64,,,,,,B0 0B 40,control_change channel=0 control=11 value=64 time=0
4624,2026-09-13T00:29:56.202+00:00,108.356073,0.014391,Chordcat 0,control_change,1,,,,11,63,,,,,,B0 0B 3F,control_change channel=0 control=11 value=63 time=0
4625,2026-09-13T00:29:56.232+00:00,108.385186,0.029113,Chordcat 0,control_change,1,,,,11,127,,,,,,B0 0B 7F,control_change channel=0 control=11 value=127 time=0
4626,2026-09-13T00:29:56.379+00:00,108.532153,0.146967,Chordcat 0,control_change,1,,,,11,121,,,,,,B0 0B 79,control_change channel=0 control=11 value=121 time=0
4627,2026-09-13T00:29:56.394+00:00,108.547582,0.015429,Chordcat 0,control_change,1,,,,11,112,,,,,,B0 0B 70,control_change channel=0 control=11 value=112 time=0
4628,2026-09-13T00:29:56.409+00:00,108.562894,0.015312,Chordcat 0,control_change,1,,,,11,104,,,,,,B0 0B 68,control_change channel=0 control=11 value=104 time=0
4629,2026-09-13T00:29:56.423+00:00,108.577136,0.014242,Chordcat 0,control_change,1,,,,11,96,,,,,,B0 0B 60,control_change channel=0 control=11 value=96 time=0
4630,2026-09-13T00:29:56.438+00:00,108.591544,0.014409,Chordcat 0,control_change,1,,,,11,90,,,,,,B0 0B 5A,control_change channel=0 control=11 value=90 time=0
4631,2026-09-13T00:29:56.453+00:00,108.606892,0.015347,Chordcat 0,control_change,1,,,,11,84,,,,,,B0 0B 54,control_change channel=0 control=11 value=84 time=0
4632,2026-09-13T00:29:56.468+00:00,108.621736,0.014844,Chordcat 0,control_change,1,,,,11,79,,,,,,B0 0B 4F,control_change channel=0 control=11 value=79 time=0
4633,2026-09-13T00:29:56.483+00:00,108.63617,0.014434,Chordcat 0,control_change,1,,,,11,75,,,,,,B0 0B 4B,control_change channel=0 control=11 value=75 time=0
4634,2026-09-13T00:29:56.497+00:00,108.650433,0.014263,Chordcat 0,control_change,1,,,,11,71,,,,,,B0 0B 47,control_change channel=0 control=11 value=71 time=0
4635,2026-09-13T00:29:56.512+00:00,108.665236,0.014803,Chordcat 0,control_change,1,,,,11,68,,,,,,B0 0B 44,control_change channel=0 control=11 value=68 time=0
4636,2026-09-13T00:29:56.526+00:00,108.67937,0.014134,Chordcat 0,control_change,1,,,,11,66,,,,,,B0 0B 42,control_change channel=0 control=11 value=66 time=0
4637,2026-09-13T00:29:56.541+00:00,108.695088,0.015718,Chordcat 0,control_change,1,,,,11,64,,,,,,B0 0B 40,control_change channel=0 control=11 value=64 time=0
4638,2026-09-13T00:29:56.556+00:00,108.709952,0.014864,Chordcat 0,control_change,1,,,,11,63,,,,,,B0 0B 3F,control_change channel=0 control=11 value=63 time=0
4639,2026-09-13T00:29:56.585+00:00,108.738471,0.028519,Chordcat 0,control_change,1,,,,11,127,,,,,,B0 0B 7F,control_change channel=0 control=11 value=127 time=0
4640,2026-09-13T00:29:56.732+00:00,108.885777,0.147306,Chordcat 0,control_change,1,,,,11,121,,,,,,B0 0B 79,control_change channel=0 control=11 value=121 time=0
4641,2026-09-13T00:29:56.747+00:00,108.900937,0.015159,Chordcat 0,control_change,1,,,,11,112,,,,,,B0 0B 70,control_change channel=0 control=11 value=112 time=0
4642,2026-09-13T00:29:56.762+00:00,108.915918,0.014981,Chordcat 0,control_change,1,,,,11,104,,,,,,B0 0B 68,control_change channel=0 control=11 value=104 time=0
4643,2026-09-13T00:29:56.776+00:00,108.929436,0.013518,Chordcat 0,control_change,1,,,,11,97,,,,,,B0 0B 61,control_change channel=0 control=11 value=97 time=0
4644,2026-09-13T00:29:56.791+00:00,108.944824,0.015389,Chordcat 0,control_change,1,,,,11,90,,,,,,B0 0B 5A,control_change channel=0 control=11 value=90 time=0
4645,2026-09-13T00:29:56.806+00:00,108.960077,0.015252,Chordcat 0,control_change,1,,,,11,84,,,,,,B0 0B 54,control_change channel=0 control=11 value=84 time=0
4646,2026-09-13T00:29:56.821+00:00,108.974928,0.014852,Chordcat 0,control_change,1,,,,11,79,,,,,,B0 0B 4F,control_change channel=0 control=11 value=79 time=0
4647,2026-09-13T00:29:56.835+00:00,108.988859,0.013931,Chordcat 0,control_change,1,,,,11,75,,,,,,B0 0B 4B,control_change channel=0 control=11 value=75 time=0
4648,2026-09-13T00:29:56.850+00:00,109.003453,0.014594,Chordcat 0,control_change,1,,,,11,71,,,,,,B0 0B 47,control_change channel=0 control=11 value=71 time=0
4649,2026-09-13T00:29:56.865+00:00,109.018834,0.01538,Chordcat 0,control_change,1,,,,11,68,,,,,,B0 0B 44,control_change channel=0 control=11 value=68 time=0
4650,2026-09-13T00:29:56.880+00:00,109.033124,0.01429,Chordcat 0,control_change,1,,,,11,66,,,,,,B0 0B 42,control_change channel=0 control=11 value=66 time=0
4651,2026-09-13T00:29:56.894+00:00,109.047972,0.014849,Chordcat 0,control_change,1,,,,11,64,,,,,,B0 0B 40,control_change channel=0 control=11 value=64 time=0
4652,2026-09-13T00:29:56.910+00:00,109.064036,0.016064,Chordcat 0,control_change,1,,,,11,63,,,,,,B0 0B 3F,control_change channel=0 control=11 value=63 time=0
4653,2026-09-13T00:29:56.937+00:00,109.091281,0.027245,Chordcat 0,control_change,1,,,,11,127,,,,,,B0 0B 7F,control_change channel=0 control=11 value=127 time=0
4654,2026-09-13T00:29:57.086+00:00,109.239177,0.147896,Chordcat 0,control_change,1,,,,11,120,,,,,,B0 0B 78,control_change channel=0 control=11 value=120 time=0
4655,2026-09-13T00:29:57.100+00:00,109.253646,0.014468,Chordcat 0,control_change,1,,,,11,112,,,,,,B0 0B 70,control_change channel=0 control=11 value=112 time=0
4656,2026-09-13T00:29:57.115+00:00,109.268313,0.014667,Chordcat 0,control_change,1,,,,11,104,,,,,,B0 0B 68,control_change channel=0 control=11 value=104 time=0
4657,2026-09-13T00:29:57.130+00:00,109.283507,0.015194,Chordcat 0,control_change,1,,,,11,97,,,,,,B0 0B 61,control_change channel=0 control=11 value=97 time=0
4658,2026-09-13T00:29:57.144+00:00,109.297665,0.014158,Chordcat 0,control_change,1,,,,11,90,,,,,,B0 0B 5A,control_change channel=0 control=11 value=90 time=0
4659,2026-09-13T00:29:57.159+00:00,109.312955,0.01529,Chordcat 0,control_change,1,,,,11,84,,,,,,B0 0B 54,control_change channel=0 control=11 value=84 time=0
4660,2026-09-13T00:29:57.174+00:00,109.327984,0.015029,Chordcat 0,control_change,1,,,,11,79,,,,,,B0 0B 4F,control_change channel=0 control=11 value=79 time=0
4661,2026-09-13T00:29:57.187+00:00,109.341132,0.013148,Chordcat 0,control_change,1,,,,11,75,,,,,,B0 0B 4B,control_change channel=0 control=11 value=75 time=0
4662,2026-09-13T00:29:57.203+00:00,109.356137,0.015005,Chordcat 0,control_change,1,,,,11,71,,,,,,B0 0B 47,control_change channel=0 control=11 value=71 time=0
4663,2026-09-13T00:29:57.217+00:00,109.37117,0.015033,Chordcat 0,control_change,1,,,,11,68,,,,,,B0 0B 44,control_change channel=0 control=11 value=68 time=0
4664,2026-09-13T00:29:57.233+00:00,109.386781,0.01561,Chordcat 0,control_change,1,,,,11,66,,,,,,B0 0B 42,control_change channel=0 control=11 value=66 time=0
4665,2026-09-13T00:29:57.247+00:00,109.400272,0.013491,Chordcat 0,control_change,1,,,,11,64,,,,,,B0 0B 40,control_change channel=0 control=11 value=64 time=0
4666,2026-09-13T00:29:57.263+00:00,109.416117,0.015845,Chordcat 0,control_change,1,,,,11,63,,,,,,B0 0B 3F,control_change channel=0 control=11 value=63 time=0
4667,2026-09-13T00:29:57.291+00:00,109.444648,0.028531,Chordcat 0,control_change,1,,,,11,127,,,,,,B0 0B 7F,control_change channel=0 control=11 value=127 time=0
4668,2026-09-13T00:29:57.438+00:00,109.591534,0.146886,Chordcat 0,control_change,1,,,,11,121,,,,,,B0 0B 79,control_change channel=0 control=11 value=121 time=0
4669,2026-09-13T00:29:57.453+00:00,109.606909,0.015375,Chordcat 0,control_change,1,,,,11,112,,,,,,B0 0B 70,control_change channel=0 control=11 value=112 time=0
4670,2026-09-13T00:29:57.468+00:00,109.621624,0.014716,Chordcat 0,control_change,1,,,,11,104,,,,,,B0 0B 68,control_change channel=0 control=11 value=104 time=0
4671,2026-09-13T00:29:57.483+00:00,109.636737,0.015113,Chordcat 0,control_change,1,,,,11,96,,,,,,B0 0B 60,control_change channel=0 control=11 value=96 time=0
4672,2026-09-13T00:29:57.497+00:00,109.65051,0.013773,Chordcat 0,control_change,1,,,,11,90,,,,,,B0 0B 5A,control_change channel=0 control=11 value=90 time=0
4673,2026-09-13T00:29:57.512+00:00,109.665146,0.014636,Chordcat 0,control_change,1,,,,11,84,,,,,,B0 0B 54,control_change channel=0 control=11 value=84 time=0
4674,2026-09-13T00:29:57.527+00:00,109.680784,0.015638,Chordcat 0,control_change,1,,,,11,79,,,,,,B0 0B 4F,control_change channel=0 control=11 value=79 time=0
4675,2026-09-13T00:29:57.541+00:00,109.694853,0.01407,Chordcat 0,control_change,1,,,,11,75,,,,,,B0 0B 4B,control_change channel=0 control=11 value=75 time=0
4676,2026-09-13T00:29:57.556+00:00,109.709341,0.014487,Chordcat 0,control_change,1,,,,11,71,,,,,,B0 0B 47,control_change channel=0 control=11 value=71 time=0
4677,2026-09-13T00:29:57.571+00:00,109.724797,0.015457,Chordcat 0,control_change,1,,,,11,68,,,,,,B0 0B 44,control_change channel=0 control=11 value=68 time=0
4678,2026-09-13T00:29:57.587+00:00,109.740498,0.015701,Chordcat 0,control_change,1,,,,11,65,,,,,,B0 0B 41,control_change channel=0 control=11 value=65 time=0
4679,2026-09-13T00:29:57.601+00:00,109.754218,0.01372,Chordcat 0,control_change,1,,,,11,64,,,,,,B0 0B 40,control_change channel=0 control=11 value=64 time=0
4680,2026-09-13T00:29:57.614+00:00,109.768143,0.013925,Chordcat 0,control_change,1,,,,11,63,,,,,,B0 0B 3F,control_change channel=0 control=11 value=63 time=0
4681,2026-09-13T00:29:57.644+00:00,109.798017,0.029875,Chordcat 0,control_change,1,,,,11,127,,,,,,B0 0B 7F,control_change channel=0 control=11 value=127 time=0
4682,2026-09-13T00:29:57.791+00:00,109.94495,0.146933,Chordcat 0,control_change,1,,,,11,121,,,,,,B0 0B 79,control_change channel=0 control=11 value=121 time=0
4683,2026-09-13T00:29:57.806+00:00,109.959437,0.014487,Chordcat 0,control_change,1,,,,11,112,,,,,,B0 0B 70,control_change channel=0 control=11 value=112 time=0
4684,2026-09-13T00:29:57.821+00:00,109.974324,0.014887,Chordcat 0,control_change,1,,,,11,104,,,,,,B0 0B 68,control_change channel=0 control=11 value=104 time=0
4685,2026-09-13T00:29:57.836+00:00,109.990116,0.015792,Chordcat 0,control_change,1,,,,11,96,,,,,,B0 0B 60,control_change channel=0 control=11 value=96 time=0
4686,2026-09-13T00:29:57.850+00:00,110.003535,0.013419,Chordcat 0,control_change,1,,,,11,90,,,,,,B0 0B 5A,control_change channel=0 control=11 value=90 time=0
4687,2026-09-13T00:29:57.865+00:00,110.019042,0.015507,Chordcat 0,control_change,1,,,,11,84,,,,,,B0 0B 54,control_change channel=0 control=11 value=84 time=0
4688,2026-09-13T00:29:57.880+00:00,110.033854,0.014812,Chordcat 0,control_change,1,,,,11,79,,,,,,B0 0B 4F,control_change channel=0 control=11 value=79 time=0
4689,2026-09-13T00:29:57.894+00:00,110.048078,0.014224,Chordcat 0,control_change,1,,,,11,75,,,,,,B0 0B 4B,control_change channel=0 control=11 value=75 time=0
4690,2026-09-13T00:29:57.909+00:00,110.062908,0.01483,Chordcat 0,control_change,1,,,,11,71,,,,,,B0 0B 47,control_change channel=0 control=11 value=71 time=0
4691,2026-09-13T00:29:57.924+00:00,110.07772,0.014812,Chordcat 0,control_change,1,,,,11,68,,,,,,B0 0B 44,control_change channel=0 control=11 value=68 time=0
4692,2026-09-13T00:29:57.938+00:00,110.092105,0.014384,Chordcat 0,control_change,1,,,,11,66,,,,,,B0 0B 42,control_change channel=0 control=11 value=66 time=0
4693,2026-09-13T00:29:57.953+00:00,110.106161,0.014056,Chordcat 0,control_change,1,,,,11,64,,,,,,B0 0B 40,control_change channel=0 control=11 value=64 time=0
4694,2026-09-13T00:29:57.968+00:00,110.121311,0.015151,Chordcat 0,control_change,1,,,,11,63,,,,,,B0 0B 3F,control_change channel=0 control=11 value=63 time=0
4695,2026-09-13T00:29:57.998+00:00,110.151439,0.030128,Chordcat 0,control_change,1,,,,11,127,,,,,,B0 0B 7F,control_change channel=0 control=11 value=127 time=0
4696,2026-09-13T00:29:58.145+00:00,110.29898,0.14754,Chordcat 0,control_change,1,,,,11,121,,,,,,B0 0B 79,control_change channel=0 control=11 value=121 time=0
4697,2026-09-13T00:29:58.159+00:00,110.312821,0.013841,Chordcat 0,control_change,1,,,,11,112,,,,,,B0 0B 70,control_change channel=0 control=11 value=112 time=0
4698,2026-09-13T00:29:58.174+00:00,110.32748,0.014659,Chordcat 0,control_change,1,,,,11,104,,,,,,B0 0B 68,control_change channel=0 control=11 value=104 time=0
4699,2026-09-13T00:29:58.188+00:00,110.342135,0.014655,Chordcat 0,control_change,1,,,,11,97,,,,,,B0 0B 61,control_change channel=0 control=11 value=97 time=0
4700,2026-09-13T00:29:58.203+00:00,110.356157,0.014022,Chordcat 0,control_change,1,,,,11,91,,,,,,B0 0B 5B,control_change channel=0 control=11 value=91 time=0
4701,2026-09-13T00:29:58.218+00:00,110.371581,0.015424,Chordcat 0,control_change,1,,,,11,85,,,,,,B0 0B 55,control_change channel=0 control=11 value=85 time=0
4702,2026-09-13T00:29:58.233+00:00,110.386581,0.015001,Chordcat 0,control_change,1,,,,11,79,,,,,,B0 0B 4F,control_change channel=0 control=11 value=79 time=0
4703,2026-09-13T00:29:58.248+00:00,110.401476,0.014895,Chordcat 0,control_change,1,,,,11,75,,,,,,B0 0B 4B,control_change channel=0 control=11 value=75 time=0
4704,2026-09-13T00:29:58.262+00:00,110.415447,0.013971,Chordcat 0,control_change,1,,,,11,71,,,,,,B0 0B 47,control_change channel=0 control=11 value=71 time=0
4705,2026-09-13T00:29:58.277+00:00,110.430923,0.015476,Chordcat 0,control_change,1,,,,11,68,,,,,,B0 0B 44,control_change channel=0 control=11 value=68 time=0
4706,2026-09-13T00:29:58.292+00:00,110.445614,0.014691,Chordcat 0,control_change,1,,,,11,66,,,,,,B0 0B 42,control_change channel=0 control=11 value=66 time=0
4707,2026-09-13T00:29:58.306+00:00,110.459519,0.013906,Chordcat 0,control_change,1,,,,11,64,,,,,,B0 0B 40,control_change channel=0 control=11 value=64 time=0
4708,2026-09-13T00:29:58.321+00:00,110.475032,0.015512,Chordcat 0,control_change,1,,,,11,63,,,,,,B0 0B 3F,control_change channel=0 control=11 value=63 time=0
4709,2026-09-13T00:29:58.350+00:00,110.503438,0.028407,Chordcat 0,control_change,1,,,,11,127,,,,,,B0 0B 7F,control_change channel=0 control=11 value=127 time=0
4710,2026-09-13T00:29:58.499+00:00,110.652201,0.148763,Chordcat 0,control_change,1,,,,11,120,,,,,,B0 0B 78,control_change channel=0 control=11 value=120 time=0
4711,2026-09-13T00:29:58.512+00:00,110.665873,0.013672,Chordcat 0,control_change,1,,,,11,112,,,,,,B0 0B 70,control_change channel=0 control=11 value=112 time=0
4712,2026-09-13T00:29:58.527+00:00,110.680724,0.014851,Chordcat 0,control_change,1,,,,11,104,,,,,,B0 0B 68,control_change channel=0 control=11 value=104 time=0
4713,2026-09-13T00:29:58.542+00:00,110.695406,0.014682,Chordcat 0,control_change,1,,,,11,96,,,,,,B0 0B 60,control_change channel=0 control=11 value=96 time=0
4714,2026-09-13T00:29:58.556+00:00,110.709654,0.014247,Chordcat 0,control_change,1,,,,11,90,,,,,,B0 0B 5A,control_change channel=0 control=11 value=90 time=0
4715,2026-09-13T00:29:58.571+00:00,110.724683,0.015029,Chordcat 0,control_change,1,,,,11,84,,,,,,B0 0B 54,control_change channel=0 control=11 value=84 time=0
4716,2026-09-13T00:29:58.586+00:00,110.739154,0.014471,Chordcat 0,control_change,1,,,,11,79,,,,,,B0 0B 4F,control_change channel=0 control=11 value=79 time=0
4717,2026-09-13T00:29:58.600+00:00,110.753899,0.014746,Chordcat 0,control_change,1,,,,11,75,,,,,,B0 0B 4B,control_change channel=0 control=11 value=75 time=0
4718,2026-09-13T00:29:58.615+00:00,110.768361,0.014462,Chordcat 0,control_change,1,,,,11,71,,,,,,B0 0B 47,control_change channel=0 control=11 value=71 time=0
4719,2026-09-13T00:29:58.630+00:00,110.783906,0.015545,Chordcat 0,control_change,1,,,,11,68,,,,,,B0 0B 44,control_change channel=0 control=11 value=68 time=0
4720,2026-09-13T00:29:58.645+00:00,110.798568,0.014662,Chordcat 0,control_change,1,,,,11,65,,,,,,B0 0B 41,control_change channel=0 control=11 value=65 time=0
4721,2026-09-13T00:29:58.659+00:00,110.812928,0.01436,Chordcat 0,control_change,1,,,,11,64,,,,,,B0 0B 40,control_change channel=0 control=11 value=64 time=0
4722,2026-09-13T00:29:58.674+00:00,110.827725,0.014796,Chordcat 0,control_change,1,,,,11,63,,,,,,B0 0B 3F,control_change channel=0 control=11 value=63 time=0
4723,2026-09-13T00:29:58.703+00:00,110.856986,0.029261,Chordcat 0,control_change,1,,,,11,127,,,,,,B0 0B 7F,control_change channel=0 control=11 value=127 time=0
4724,2026-09-13T00:29:58.850+00:00,111.003225,0.146239,Chordcat 0,control_change,1,,,,11,121,,,,,,B0 0B 79,control_change channel=0 control=11 value=121 time=0
4725,2026-09-13T00:29:58.864+00:00,111.01811,0.014884,Chordcat 0,control_change,1,,,,11,112,,,,,,B0 0B 70,control_change channel=0 control=11 value=112 time=0
4726,2026-09-13T00:29:58.880+00:00,111.033892,0.015782,Chordcat 0,control_change,1,,,,11,104,,,,,,B0 0B 68,control_change channel=0 control=11 value=104 time=0
4727,2026-09-13T00:29:58.895+00:00,111.048955,0.015063,Chordcat 0,control_change,1,,,,11,97,,,,,,B0 0B 61,control_change channel=0 control=11 value=97 time=0
4728,2026-09-13T00:29:58.910+00:00,111.063332,0.014376,Chordcat 0,control_change,1,,,,11,90,,,,,,B0 0B 5A,control_change channel=0 control=11 value=90 time=0
4729,2026-09-13T00:29:58.924+00:00,111.077122,0.01379,Chordcat 0,control_change,1,,,,11,84,,,,,,B0 0B 54,control_change channel=0 control=11 value=84 time=0
4730,2026-09-13T00:29:58.939+00:00,111.092564,0.015442,Chordcat 0,control_change,1,,,,11,79,,,,,,B0 0B 4F,control_change channel=0 control=11 value=79 time=0
4731,2026-09-13T00:29:58.954+00:00,111.107919,0.015355,Chordcat 0,control_change,1,,,,11,75,,,,,,B0 0B 4B,control_change channel=0 control=11 value=75 time=0
4732,2026-09-13T00:29:58.967+00:00,111.121071,0.013153,Chordcat 0,control_change,1,,,,11,71,,,,,,B0 0B 47,control_change channel=0 control=11 value=71 time=0
4733,2026-09-13T00:29:58.983+00:00,111.136436,0.015365,Chordcat 0,control_change,1,,,,11,68,,,,,,B0 0B 44,control_change channel=0 control=11 value=68 time=0
4734,2026-09-13T00:29:58.998+00:00,111.151183,0.014747,Chordcat 0,control_change,1,,,,11,66,,,,,,B0 0B 42,control_change channel=0 control=11 value=66 time=0
4735,2026-09-13T00:29:59.012+00:00,111.165987,0.014804,Chordcat 0,control_change,1,,,,11,64,,,,,,B0 0B 40,control_change channel=0 control=11 value=64 time=0
4736,2026-09-13T00:29:59.027+00:00,111.181102,0.015115,Chordcat 0,control_change,1,,,,11,63,,,,,,B0 0B 3F,control_change channel=0 control=11 value=63 time=0
4737,2026-09-13T00:29:59.057+00:00,111.210672,0.02957,Chordcat 0,control_change,1,,,,11,127,,,,,,B0 0B 7F,control_change channel=0 control=11 value=127 time=0
4738,2026-09-13T00:29:59.204+00:00,111.358054,0.147382,Chordcat 0,control_change,1,,,,11,121,,,,,,B0 0B 79,control_change channel=0 control=11 value=121 time=0
4739,2026-09-13T00:29:59.218+00:00,111.371892,0.013837,Chordcat 0,control_change,1,,,,11,112,,,,,,B0 0B 70,control_change channel=0 control=11 value=112 time=0
4740,2026-09-13T00:29:59.233+00:00,111.387088,0.015196,Chordcat 0,control_change,1,,,,11,104,,,,,,B0 0B 68,control_change channel=0 control=11 value=104 time=0
4741,2026-09-13T00:29:59.248+00:00,111.401403,0.014315,Chordcat 0,control_change,1,,,,11,97,,,,,,B0 0B 61,control_change channel=0 control=11 value=97 time=0
4742,2026-09-13T00:29:59.262+00:00,111.415443,0.01404,Chordcat 0,control_change,1,,,,11,91,,,,,,B0 0B 5B,control_change channel=0 control=11 value=91 time=0
4743,2026-09-13T00:29:59.277+00:00,111.430747,0.015304,Chordcat 0,control_change,1,,,,11,85,,,,,,B0 0B 55,control_change channel=0 control=11 value=85 time=0
4744,2026-09-13T00:29:59.292+00:00,111.445818,0.015071,Chordcat 0,control_change,1,,,,11,79,,,,,,B0 0B 4F,control_change channel=0 control=11 value=79 time=0
4745,2026-09-13T00:29:59.308+00:00,111.461153,0.015335,Chordcat 0,control_change,1,,,,11,75,,,,,,B0 0B 4B,control_change channel=0 control=11 value=75 time=0
4746,2026-09-13T00:29:59.321+00:00,111.474503,0.01335,Chordcat 0,control_change,1,,,,11,71,,,,,,B0 0B 47,control_change channel=0 control=11 value=71 time=0
4747,2026-09-13T00:29:59.336+00:00,111.489428,0.014925,Chordcat 0,control_change,1,,,,11,68,,,,,,B0 0B 44,control_change channel=0 control=11 value=68 time=0
4748,2026-09-13T00:29:59.351+00:00,111.504926,0.015498,Chordcat 0,control_change,1,,,,11,66,,,,,,B0 0B 42,control_change channel=0 control=11 value=66 time=0
4749,2026-09-13T00:29:59.365+00:00,111.518914,0.013987,Chordcat 0,control_change,1,,,,11,64,,,,,,B0 0B 40,control_change channel=0 control=11 value=64 time=0
4750,2026-09-13T00:29:59.380+00:00,111.534115,0.015201,Chordcat 0,control_change,1,,,,11,63,,,,,,B0 0B 3F,control_change channel=0 control=11 value=63 time=0
4751,2026-09-13T00:29:59.410+00:00,111.56342,0.029305,Chordcat 0,control_change,1,,,,11,127,,,,,,B0 0B 7F,control_change channel=0 control=11 value=127 time=0
4752,2026-09-13T00:29:59.557+00:00,111.710809,0.147389,Chordcat 0,control_change,1,,,,11,121,,,,,,B0 0B 79,control_change channel=0 control=11 value=121 time=0
4753,2026-09-13T00:29:59.571+00:00,111.724387,0.013578,Chordcat 0,control_change,1,,,,11,112,,,,,,B0 0B 70,control_change channel=0 control=11 value=112 time=0
4754,2026-09-13T00:29:59.586+00:00,111.739882,0.015495,Chordcat 0,control_change,1,,,,11,104,,,,,,B0 0B 68,control_change channel=0 control=11 value=104 time=0
4755,2026-09-13T00:29:59.601+00:00,111.754897,0.015016,Chordcat 0,control_change,1,,,,11,97,,,,,,B0 0B 61,control_change channel=0 control=11 value=97 time=0
4756,2026-09-13T00:29:59.615+00:00,111.768394,0.013497,Chordcat 0,control_change,1,,,,11,91,,,,,,B0 0B 5B,control_change channel=0 control=11 value=91 time=0
4757,2026-09-13T00:29:59.630+00:00,111.783877,0.015483,Chordcat 0,control_change,1,,,,11,85,,,,,,B0 0B 55,control_change channel=0 control=11 value=85 time=0
4758,2026-09-13T00:29:59.645+00:00,111.79908,0.015203,Chordcat 0,control_change,1,,,,11,79,,,,,,B0 0B 4F,control_change channel=0 control=11 value=79 time=0
4759,2026-09-13T00:29:59.661+00:00,111.814252,0.015172,Chordcat 0,control_change,1,,,,11,75,,,,,,B0 0B 4B,control_change channel=0 control=11 value=75 time=0
4760,2026-09-13T00:29:59.674+00:00,111.827784,0.013532,Chordcat 0,control_change,1,,,,11,71,,,,,,B0 0B 47,control_change channel=0 control=11 value=71 time=0
4761,2026-09-13T00:29:59.689+00:00,111.842108,0.014324,Chordcat 0,control_change,1,,,,11,68,,,,,,B0 0B 44,control_change channel=0 control=11 value=68 time=0
4762,2026-09-13T00:29:59.704+00:00,111.857758,0.015651,Chordcat 0,control_change,1,,,,11,66,,,,,,B0 0B 42,control_change channel=0 control=11 value=66 time=0
4763,2026-09-13T00:29:59.718+00:00,111.871836,0.014077,Chordcat 0,control_change,1,,,,11,64,,,,,,B0 0B 40,control_change channel=0 control=11 value=64 time=0
4764,2026-09-13T00:29:59.733+00:00,111.886261,0.014426,Chordcat 0,control_change,1,,,,11,63,,,,,,B0 0B 3F,control_change channel=0 control=11 value=63 time=0
4765,2026-09-13T00:29:59.763+00:00,111.916173,0.029911,Chordcat 0,control_change,1,,,,11,127,,,,,,B0 0B 7F,control_change channel=0 control=11 value=127 time=0
4766,2026-09-13T00:29:59.818+00:00,111.971513,0.05534,Chordcat 0,note_on,2,35,B1,100,,,,,,,,91 23 64,note_on channel=1 note=35 velocity=100 time=0
4767,2026-09-13T00:29:59.818+00:00,111.97194,0.000426,Chordcat 0,note_on,2,51,D#3,100,,,,,,,,91 33 64,note_on channel=1 note=51 velocity=100 time=0
4768,2026-09-13T00:29:59.818+00:00,111.972207,0.000268,Chordcat 0,note_on,2,54,F#3,100,,,,,,,,91 36 64,note_on channel=1 note=54 velocity=100 time=0
4769,2026-09-13T00:29:59.818+00:00,111.972533,0.000326,Chordcat 0,note_on,2,58,A#3,100,,,,,,,,91 3A 64,note_on channel=1 note=58 velocity=100 time=0
4770,2026-09-13T00:29:59.818+00:00,111.972756,0.000223,Chordcat 0,note_on,2,61,C#4,100,,,,,,,,91 3D 64,note_on channel=1 note=61 velocity=100 time=0
4771,2026-09-13T00:29:59.910+00:00,112.063487,0.090731,Chordcat 0,control_change,1,,,,11,120,,,,,,B0 0B 78,control_change channel=0 control=11 value=120 time=0
4772,2026-09-13T00:29:59.925+00:00,112.078674,0.015188,Chordcat 0,control_change,1,,,,11,111,,,,,,B0 0B 6F,control_change channel=0 control=11 value=111 time=0
4773,2026-09-13T00:29:59.939+00:00,112.092462,0.013788,Chordcat 0,control_change,1,,,,11,104,,,,,,B0 0B 68,control_change channel=0 control=11 value=104 time=0
4774,2026-09-13T00:29:59.953+00:00,112.107063,0.014601,Chordcat 0,control_change,1,,,,11,97,,,,,,B0 0B 61,control_change channel=0 control=11 value=97 time=0
4775,2026-09-13T00:29:59.970+00:00,112.12328,0.016217,Chordcat 0,control_change,1,,,,11,90,,,,,,B0 0B 5A,control_change channel=0 control=11 value=90 time=0
4776,2026-09-13T00:29:59.983+00:00,112.136475,0.013195,Chordcat 0,control_change,1,,,,11,84,,,,,,B0 0B 54,control_change channel=0 control=11 value=84 time=0
4777,2026-09-13T00:29:59.997+00:00,112.151063,0.014589,Chordcat 0,control_change,1,,,,11,79,,,,,,B0 0B 4F,control_change channel=0 control=11 value=79 time=0
4778,2026-09-13T00:30:00.013+00:00,112.166281,0.015218,Chordcat 0,control_change,1,,,,11,75,,,,,,B0 0B 4B,control_change channel=0 control=11 value=75 time=0
4779,2026-09-13T00:30:00.027+00:00,112.180862,0.014581,Chordcat 0,control_change,1,,,,11,71,,,,,,B0 0B 47,control_change channel=0 control=11 value=71 time=0
4780,2026-09-13T00:30:00.042+00:00,112.195997,0.015136,Chordcat 0,control_change,1,,,,11,68,,,,,,B0 0B 44,control_change channel=0 control=11 value=68 time=0
4781,2026-09-13T00:30:00.055+00:00,112.208534,0.012536,Chordcat 0,note_on,2,35,B1,0,,,,,,,,91 23 00,note_on channel=1 note=35 velocity=0 time=0
4782,2026-09-13T00:30:00.055+00:00,112.209096,0.000562,Chordcat 0,note_on,2,51,D#3,0,,,,,,,,91 33 00,note_on channel=1 note=51 velocity=0 time=0
4783,2026-09-13T00:30:00.055+00:00,112.209477,0.000381,Chordcat 0,note_on,2,54,F#3,0,,,,,,,,91 36 00,note_on channel=1 note=54 velocity=0 time=0
4784,2026-09-13T00:30:00.056+00:00,112.209783,0.000307,Chordcat 0,note_on,2,58,A#3,0,,,,,,,,91 3A 00,note_on channel=1 note=58 velocity=0 time=0
4785,2026-09-13T00:30:00.056+00:00,112.210194,0.000411,Chordcat 0,note_on,2,61,C#4,0,,,,,,,,91 3D 00,note_on channel=1 note=61 velocity=0 time=0
4786,2026-09-13T00:30:00.056+00:00,112.210429,0.000235,Chordcat 0,control_change,1,,,,11,66,,,,,,B0 0B 42,control_change channel=0 control=11 value=66 time=0
4787,2026-09-13T00:30:00.072+00:00,112.226018,0.015588,Chordcat 0,control_change,1,,,,11,64,,,,,,B0 0B 40,control_change channel=0 control=11 value=64 time=0
4788,2026-09-13T00:30:00.086+00:00,112.239143,0.013125,Chordcat 0,control_change,1,,,,11,63,,,,,,B0 0B 3F,control_change channel=0 control=11 value=63 time=0
4789,2026-09-13T00:30:00.116+00:00,112.269943,0.0308,Chordcat 0,control_change,1,,,,11,127,,,,,,B0 0B 7F,control_change channel=0 control=11 value=127 time=0
4790,2026-09-13T00:30:00.263+00:00,112.416129,0.146186,Chordcat 0,control_change,1,,,,11,121,,,,,,B0 0B 79,control_change channel=0 control=11 value=121 time=0
4791,2026-09-13T00:30:00.277+00:00,112.431012,0.014883,Chordcat 0,control_change,1,,,,11,112,,,,,,B0 0B 70,control_change channel=0 control=11 value=112 time=0
4792,2026-09-13T00:30:00.293+00:00,112.446525,0.015513,Chordcat 0,control_change,1,,,,11,104,,,,,,B0 0B 68,control_change channel=0 control=11 value=104 time=0
4793,2026-09-13T00:30:00.307+00:00,112.460584,0.014059,Chordcat 0,control_change,1,,,,11,97,,,,,,B0 0B 61,control_change channel=0 control=11 value=97 time=0
4794,2026-09-13T00:30:00.322+00:00,112.475804,0.01522,Chordcat 0,control_change,1,,,,11,90,,,,,,B0 0B 5A,control_change channel=0 control=11 value=90 time=0
4795,2026-09-13T00:30:00.335+00:00,112.489048,0.013244,Chordcat 0,control_change,1,,,,11,85,,,,,,B0 0B 55,control_change channel=0 control=11 value=85 time=0
4796,2026-09-13T00:30:00.351+00:00,112.504961,0.015914,Chordcat 0,control_change,1,,,,11,79,,,,,,B0 0B 4F,control_change channel=0 control=11 value=79 time=0
4797,2026-09-13T00:30:00.366+00:00,112.519709,0.014748,Chordcat 0,control_change,1,,,,11,75,,,,,,B0 0B 4B,control_change channel=0 control=11 value=75 time=0
4798,2026-09-13T00:30:00.379+00:00,112.533081,0.013372,Chordcat 0,control_change,1,,,,11,71,,,,,,B0 0B 47,control_change channel=0 control=11 value=71 time=0
4799,2026-09-13T00:30:00.394+00:00,112.548093,0.015012,Chordcat 0,control_change,1,,,,11,68,,,,,,B0 0B 44,control_change channel=0 control=11 value=68 time=0
4800,2026-09-13T00:30:00.410+00:00,112.563403,0.01531,Chordcat 0,control_change,1,,,,11,66,,,,,,B0 0B 42,control_change channel=0 control=11 value=66 time=0
4801,2026-09-13T00:30:00.425+00:00,112.57833,0.014928,Chordcat 0,control_change,1,,,,11,64,,,,,,B0 0B 40,control_change channel=0 control=11 value=64 time=0
4802,2026-09-13T00:30:00.440+00:00,112.593612,0.015282,Chordcat 0,control_change,1,,,,11,63,,,,,,B0 0B 3F,control_change channel=0 control=11 value=63 time=0
4803,2026-09-13T00:30:00.469+00:00,112.622736,0.029124,Chordcat 0,control_change,1,,,,11,127,,,,,,B0 0B 7F,control_change channel=0 control=11 value=127 time=0
4804,2026-09-13T00:30:00.522+00:00,112.675841,0.053105,Chordcat 0,note_on,2,36,C2,100,,,,,,,,91 24 64,note_on channel=1 note=36 velocity=100 time=0
4805,2026-09-13T00:30:00.522+00:00,112.676347,0.000506,Chordcat 0,note_on,2,52,E3,100,,,,,,,,91 34 64,note_on channel=1 note=52 velocity=100 time=0
4806,2026-09-13T00:30:00.522+00:00,112.676724,0.000377,Chordcat 0,note_on,2,55,G3,100,,,,,,,,91 37 64,note_on channel=1 note=55 velocity=100 time=0
4807,2026-09-13T00:30:00.522+00:00,112.676991,0.000267,Chordcat 0,note_on,2,59,B3,100,,,,,,,,91 3B 64,note_on channel=1 note=59 velocity=100 time=0
4808,2026-09-13T00:30:00.522+00:00,112.677323,0.000333,Chordcat 0,note_on,2,62,D4,100,,,,,,,,91 3E 64,note_on channel=1 note=62 velocity=100 time=0
4809,2026-09-13T00:30:00.616+00:00,112.769776,0.092453,Chordcat 0,control_change,1,,,,11,121,,,,,,B0 0B 79,control_change channel=0 control=11 value=121 time=0
4810,2026-09-13T00:30:00.630+00:00,112.783772,0.013996,Chordcat 0,control_change,1,,,,11,112,,,,,,B0 0B 70,control_change channel=0 control=11 value=112 time=0
4811,2026-09-13T00:30:00.644+00:00,112.798064,0.014292,Chordcat 0,control_change,1,,,,11,104,,,,,,B0 0B 68,control_change channel=0 control=11 value=104 time=0
4812,2026-09-13T00:30:00.660+00:00,112.813324,0.01526,Chordcat 0,control_change,1,,,,11,97,,,,,,B0 0B 61,control_change channel=0 control=11 value=97 time=0
4813,2026-09-13T00:30:00.675+00:00,112.828418,0.015095,Chordcat 0,control_change,1,,,,11,90,,,,,,B0 0B 5A,control_change channel=0 control=11 value=90 time=0
4814,2026-09-13T00:30:00.689+00:00,112.842869,0.014451,Chordcat 0,control_change,1,,,,11,85,,,,,,B0 0B 55,control_change channel=0 control=11 value=85 time=0
4815,2026-09-13T00:30:00.704+00:00,112.857331,0.014463,Chordcat 0,control_change,1,,,,11,79,,,,,,B0 0B 4F,control_change channel=0 control=11 value=79 time=0
4816,2026-09-13T00:30:00.719+00:00,112.873075,0.015744,Chordcat 0,control_change,1,,,,11,75,,,,,,B0 0B 4B,control_change channel=0 control=11 value=75 time=0
4817,2026-09-13T00:30:00.733+00:00,112.886153,0.013078,Chordcat 0,control_change,1,,,,11,71,,,,,,B0 0B 47,control_change channel=0 control=11 value=71 time=0
4818,2026-09-13T00:30:00.748+00:00,112.901779,0.015626,Chordcat 0,control_change,1,,,,11,68,,,,,,B0 0B 44,control_change channel=0 control=11 value=68 time=0
4819,2026-09-13T00:30:00.763+00:00,112.916835,0.015056,Chordcat 0,control_change,1,,,,11,66,,,,,,B0 0B 42,control_change channel=0 control=11 value=66 time=0
4820,2026-09-13T00:30:00.778+00:00,112.931674,0.014839,Chordcat 0,control_change,1,,,,11,64,,,,,,B0 0B 40,control_change channel=0 control=11 value=64 time=0
4821,2026-09-13T00:30:00.792+00:00,112.945738,0.014064,Chordcat 0,control_change,1,,,,11,63,,,,,,B0 0B 3F,control_change channel=0 control=11 value=63 time=0
4822,2026-09-13T00:30:00.822+00:00,112.975928,0.030189,Chordcat 0,control_change,1,,,,11,127,,,,,,B0 0B 7F,control_change channel=0 control=11 value=127 time=0
4823,2026-09-13T00:30:00.825+00:00,112.978987,0.00306,Chordcat 0,note_on,2,36,C2,0,,,,,,,,91 24 00,note_on channel=1 note=36 velocity=0 time=0
4824,2026-09-13T00:30:00.825+00:00,112.979452,0.000465,Chordcat 0,note_on,2,52,E3,0,,,,,,,,91 34 00,note_on channel=1 note=52 velocity=0 time=0
4825,2026-09-13T00:30:00.825+00:00,112.979751,0.000299,Chordcat 0,note_on,2,55,G3,0,,,,,,,,91 37 00,note_on channel=1 note=55 velocity=0 time=0
4826,2026-09-13T00:30:00.826+00:00,112.980068,0.000317,Chordcat 0,note_on,2,59,B3,0,,,,,,,,91 3B 00,note_on channel=1 note=59 velocity=0 time=0
4827,2026-09-13T00:30:00.826+00:00,112.980467,0.000399,Chordcat 0,note_on,2,62,D4,0,,,,,,,,91 3E 00,note_on channel=1 note=62 velocity=0 time=0
4828,2026-09-13T00:30:00.969+00:00,113.12228,0.141814,Chordcat 0,control_change,1,,,,11,121,,,,,,B0 0B 79,control_change channel=0 control=11 value=121 time=0
4829,2026-09-13T00:30:00.984+00:00,113.137671,0.015391,Chordcat 0,control_change,1,,,,11,112,,,,,,B0 0B 70,control_change channel=0 control=11 value=112 time=0
4830,2026-09-13T00:30:00.998+00:00,113.151145,0.013474,Chordcat 0,control_change,1,,,,11,104,,,,,,B0 0B 68,control_change channel=0 control=11 value=104 time=0
4831,2026-09-13T00:30:01.013+00:00,113.166822,0.015677,Chordcat 0,control_change,1,,,,11,97,,,,,,B0 0B 61,control_change channel=0 control=11 value=97 time=0
4832,2026-09-13T00:30:01.027+00:00,113.181022,0.0142,Chordcat 0,control_change,1,,,,11,90,,,,,,B0 0B 5A,control_change channel=0 control=11 value=90 time=0
4833,2026-09-13T00:30:01.041+00:00,113.195074,0.014052,Chordcat 0,control_change,1,,,,11,85,,,,,,B0 0B 55,control_change channel=0 control=11 value=85 time=0
4834,2026-09-13T00:30:01.057+00:00,113.21033,0.015256,Chordcat 0,control_change,1,,,,11,79,,,,,,B0 0B 4F,control_change channel=0 control=11 value=79 time=0
4835,2026-09-13T00:30:01.072+00:00,113.226033,0.015703,Chordcat 0,control_change,1,,,,11,75,,,,,,B0 0B 4B,control_change channel=0 control=11 value=75 time=0
4836,2026-09-13T00:30:01.087+00:00,113.240516,0.014482,Chordcat 0,control_change,1,,,,11,71,,,,,,B0 0B 47,control_change channel=0 control=11 value=71 time=0
4837,2026-09-13T00:30:01.101+00:00,113.254253,0.013738,Chordcat 0,control_change,1,,,,11,68,,,,,,B0 0B 44,control_change channel=0 control=11 value=68 time=0
4838,2026-09-13T00:30:01.116+00:00,113.269277,0.015024,Chordcat 0,control_change,1,,,,11,66,,,,,,B0 0B 42,control_change channel=0 control=11 value=66 time=0
4839,2026-09-13T00:30:01.131+00:00,113.284311,0.015034,Chordcat 0,control_change,1,,,,11,64,,,,,,B0 0B 40,control_change channel=0 control=11 value=64 time=0
4840,2026-09-13T00:30:01.142+00:00,113.295701,0.01139,Chordcat 0,note_on,2,37,C#2,100,,,,,,,,91 25 64,note_on channel=1 note=37 velocity=100 time=0
4841,2026-09-13T00:30:01.142+00:00,113.296075,0.000374,Chordcat 0,note_on,2,53,F3,100,,,,,,,,91 35 64,note_on channel=1 note=53 velocity=100 time=0
4842,2026-09-13T00:30:01.142+00:00,113.296293,0.000218,Chordcat 0,note_on,2,56,G#3,100,,,,,,,,91 38 64,note_on channel=1 note=56 velocity=100 time=0
4843,2026-09-13T00:30:01.142+00:00,113.296476,0.000183,Chordcat 0,note_on,2,60,C4,100,,,,,,,,91 3C 64,note_on channel=1 note=60 velocity=100 time=0
4844,2026-09-13T00:30:01.143+00:00,113.296688,0.000212,Chordcat 0,note_on,2,63,D#4,100,,,,,,,,91 3F 64,note_on channel=1 note=63 velocity=100 time=0
4845,2026-09-13T00:30:01.144+00:00,113.297985,0.001297,Chordcat 0,control_change,1,,,,11,63,,,,,,B0 0B 3F,control_change channel=0 control=11 value=63 time=0
4846,2026-09-13T00:30:01.174+00:00,113.328099,0.030114,Chordcat 0,control_change,1,,,,11,127,,,,,,B0 0B 7F,control_change channel=0 control=11 value=127 time=0
4847,2026-09-13T00:30:01.322+00:00,113.475501,0.147402,Chordcat 0,control_change,1,,,,11,121,,,,,,B0 0B 79,control_change channel=0 control=11 value=121 time=0
4848,2026-09-13T00:30:01.337+00:00,113.49089,0.015389,Chordcat 0,control_change,1,,,,11,112,,,,,,B0 0B 70,control_change channel=0 control=11 value=112 time=0
4849,2026-09-13T00:30:01.351+00:00,113.504207,0.013317,Chordcat 0,control_change,1,,,,11,104,,,,,,B0 0B 68,control_change channel=0 control=11 value=104 time=0
4850,2026-09-13T00:30:01.365+00:00,113.519092,0.014885,Chordcat 0,control_change,1,,,,11,97,,,,,,B0 0B 61,control_change channel=0 control=11 value=97 time=0
4851,2026-09-13T00:30:01.381+00:00,113.534337,0.015245,Chordcat 0,control_change,1,,,,11,90,,,,,,B0 0B 5A,control_change channel=0 control=11 value=90 time=0
4852,2026-09-13T00:30:01.395+00:00,113.548725,0.014388,Chordcat 0,control_change,1,,,,11,85,,,,,,B0 0B 55,control_change channel=0 control=11 value=85 time=0
4853,2026-09-13T00:30:01.409+00:00,113.563047,0.014322,Chordcat 0,control_change,1,,,,11,79,,,,,,B0 0B 4F,control_change channel=0 control=11 value=79 time=0
4854,2026-09-13T00:30:01.425+00:00,113.578634,0.015588,Chordcat 0,control_change,1,,,,11,75,,,,,,B0 0B 4B,control_change channel=0 control=11 value=75 time=0
4855,2026-09-13T00:30:01.437+00:00,113.590189,0.011554,Chordcat 0,note_on,2,37,C#2,0,,,,,,,,91 25 00,note_on channel=1 note=37 velocity=0 time=0
4856,2026-09-13T00:30:01.437+00:00,113.59065,0.000461,Chordcat 0,note_on,2,53,F3,0,,,,,,,,91 35 00,note_on channel=1 note=53 velocity=0 time=0
4857,2026-09-13T00:30:01.437+00:00,113.591044,0.000394,Chordcat 0,note_on,2,56,G#3,0,,,,,,,,91 38 00,note_on channel=1 note=56 velocity=0 time=0
4858,2026-09-13T00:30:01.438+00:00,113.591344,0.0003,Chordcat 0,note_on,2,60,C4,0,,,,,,,,91 3C 00,note_on channel=1 note=60 velocity=0 time=0
4859,2026-09-13T00:30:01.438+00:00,113.591635,0.000291,Chordcat 0,note_on,2,63,D#4,0,,,,,,,,91 3F 00,note_on channel=1 note=63 velocity=0 time=0
4860,2026-09-13T00:30:01.438+00:00,113.591916,0.000281,Chordcat 0,control_change,1,,,,11,71,,,,,,B0 0B 47,control_change channel=0 control=11 value=71 time=0
4861,2026-09-13T00:30:01.454+00:00,113.607201,0.015284,Chordcat 0,control_change,1,,,,11,68,,,,,,B0 0B 44,control_change channel=0 control=11 value=68 time=0
4862,2026-09-13T00:30:01.469+00:00,113.622988,0.015787,Chordcat 0,control_change,1,,,,11,66,,,,,,B0 0B 42,control_change channel=0 control=11 value=66 time=0
4863,2026-09-13T00:30:01.484+00:00,113.63731,0.014322,Chordcat 0,control_change,1,,,,11,64,,,,,,B0 0B 40,control_change channel=0 control=11 value=64 time=0
4864,2026-09-13T00:30:01.497+00:00,113.651049,0.013739,Chordcat 0,control_change,1,,,,11,63,,,,,,B0 0B 3F,control_change channel=0 control=11 value=63 time=0
4865,2026-09-13T00:30:01.528+00:00,113.681432,0.030383,Chordcat 0,control_change,1,,,,11,127,,,,,,B0 0B 7F,control_change channel=0 control=11 value=127 time=0
4866,2026-09-13T00:30:01.675+00:00,113.82886,0.147428,Chordcat 0,control_change,1,,,,11,121,,,,,,B0 0B 79,control_change channel=0 control=11 value=121 time=0
4867,2026-09-13T00:30:01.689+00:00,113.843055,0.014195,Chordcat 0,control_change,1,,,,11,112,,,,,,B0 0B 70,control_change channel=0 control=11 value=112 time=0
4868,2026-09-13T00:30:01.704+00:00,113.858027,0.014971,Chordcat 0,control_change,1,,,,11,104,,,,,,B0 0B 68,control_change channel=0 control=11 value=104 time=0
4869,2026-09-13T00:30:01.719+00:00,113.872268,0.014241,Chordcat 0,control_change,1,,,,11,97,,,,,,B0 0B 61,control_change channel=0 control=11 value=97 time=0
4870,2026-09-13T00:30:01.734+00:00,113.887985,0.015717,Chordcat 0,control_change,1,,,,11,90,,,,,,B0 0B 5A,control_change channel=0 control=11 value=90 time=0
4871,2026-09-13T00:30:01.750+00:00,113.903439,0.015455,Chordcat 0,control_change,1,,,,11,84,,,,,,B0 0B 54,control_change channel=0 control=11 value=84 time=0
4872,2026-09-13T00:30:01.763+00:00,113.916983,0.013544,Chordcat 0,control_change,1,,,,11,80,,,,,,B0 0B 50,control_change channel=0 control=11 value=80 time=0
4873,2026-09-13T00:30:01.778+00:00,113.931948,0.014965,Chordcat 0,control_change,1,,,,11,75,,,,,,B0 0B 4B,control_change channel=0 control=11 value=75 time=0
4874,2026-09-13T00:30:01.781+00:00,113.934635,0.002687,Chordcat 0,note_on,2,38,D2,100,,,,,,,,91 26 64,note_on channel=1 note=38 velocity=100 time=0
4875,2026-09-13T00:30:01.781+00:00,113.93515,0.000515,Chordcat 0,note_on,2,54,F#3,100,,,,,,,,91 36 64,note_on channel=1 note=54 velocity=100 time=0
4876,2026-09-13T00:30:01.782+00:00,113.935607,0.000458,Chordcat 0,note_on,2,57,A3,100,,,,,,,,91 39 64,note_on channel=1 note=57 velocity=100 time=0
4877,2026-09-13T00:30:01.782+00:00,113.935964,0.000357,Chordcat 0,note_on,2,61,C#4,100,,,,,,,,91 3D 64,note_on channel=1 note=61 velocity=100 time=0
4878,2026-09-13T00:30:01.782+00:00,113.936252,0.000288,Chordcat 0,note_on,2,64,E4,100,,,,,,,,91 40 64,note_on channel=1 note=64 velocity=100 time=0
4879,2026-09-13T00:30:01.792+00:00,113.945962,0.00971,Chordcat 0,control_change,1,,,,11,71,,,,,,B0 0B 47,control_change channel=0 control=11 value=71 time=0
4880,2026-09-13T00:30:01.806+00:00,113.960051,0.014089,Chordcat 0,control_change,1,,,,11,68,,,,,,B0 0B 44,control_change channel=0 control=11 value=68 time=0
4881,2026-09-13T00:30:01.823+00:00,113.976186,0.016135,Chordcat 0,control_change,1,,,,11,66,,,,,,B0 0B 42,control_change channel=0 control=11 value=66 time=0
4882,2026-09-13T00:30:01.837+00:00,113.99054,0.014354,Chordcat 0,control_change,1,,,,11,64,,,,,,B0 0B 40,control_change channel=0 control=11 value=64 time=0
4883,2026-09-13T00:30:01.851+00:00,114.004916,0.014377,Chordcat 0,control_change,1,,,,11,63,,,,,,B0 0B 3F,control_change channel=0 control=11 value=63 time=0
4884,2026-09-13T00:30:01.881+00:00,114.03519,0.030273,Chordcat 0,control_change,1,,,,11,127,,,,,,B0 0B 7F,control_change channel=0 control=11 value=127 time=0
4885,2026-09-13T00:30:02.028+00:00,114.181459,0.146269,Chordcat 0,control_change,1,,,,11,121,,,,,,B0 0B 79,control_change channel=0 control=11 value=121 time=0
4886,2026-09-13T00:30:02.040+00:00,114.193786,0.012327,Chordcat 0,note_on,2,38,D2,0,,,,,,,,91 26 00,note_on channel=1 note=38 velocity=0 time=0
4887,2026-09-13T00:30:02.040+00:00,114.194159,0.000373,Chordcat 0,note_on,2,54,F#3,0,,,,,,,,91 36 00,note_on channel=1 note=54 velocity=0 time=0
4888,2026-09-13T00:30:02.040+00:00,114.194635,0.000476,Chordcat 0,note_on,2,57,A3,0,,,,,,,,91 39 00,note_on channel=1 note=57 velocity=0 time=0
4889,2026-09-13T00:30:02.040+00:00,114.19487,0.000235,Chordcat 0,note_on,2,61,C#4,0,,,,,,,,91 3D 00,note_on channel=1 note=61 velocity=0 time=0
4890,2026-09-13T00:30:02.040+00:00,114.195156,0.000286,Chordcat 0,note_on,2,64,E4,0,,,,,,,,91 40 00,note_on channel=1 note=64 velocity=0 time=0
4891,2026-09-13T00:30:02.043+00:00,114.19652,0.001364,Chordcat 0,control_change,1,,,,11,112,,,,,,B0 0B 70,control_change channel=0 control=11 value=112 time=0
4892,2026-09-13T00:30:02.057+00:00,114.210629,0.01411,Chordcat 0,control_change,1,,,,11,104,,,,,,B0 0B 68,control_change channel=0 control=11 value=104 time=0
4893,2026-09-13T00:30:02.072+00:00,114.225642,0.015013,Chordcat 0,control_change,1,,,,11,97,,,,,,B0 0B 61,control_change channel=0 control=11 value=97 time=0
4894,2026-09-13T00:30:02.087+00:00,114.240438,0.014796,Chordcat 0,control_change,1,,,,11,90,,,,,,B0 0B 5A,control_change channel=0 control=11 value=90 time=0
4895,2026-09-13T00:30:02.101+00:00,114.25439,0.013952,Chordcat 0,control_change,1,,,,11,85,,,,,,B0 0B 55,control_change channel=0 control=11 value=85 time=0
4896,2026-09-13T00:30:02.115+00:00,114.269166,0.014775,Chordcat 0,control_change,1,,,,11,79,,,,,,B0 0B 4F,control_change channel=0 control=11 value=79 time=0
4897,2026-09-13T00:30:02.131+00:00,114.284447,0.015281,Chordcat 0,control_change,1,,,,11,75,,,,,,B0 0B 4B,control_change channel=0 control=11 value=75 time=0
4898,2026-09-13T00:30:02.146+00:00,114.29915,0.014703,Chordcat 0,control_change,1,,,,11,71,,,,,,B0 0B 47,control_change channel=0 control=11 value=71 time=0
4899,2026-09-13T00:30:02.160+00:00,114.313117,0.013967,Chordcat 0,control_change,1,,,,11,68,,,,,,B0 0B 44,control_change channel=0 control=11 value=68 time=0
4900,2026-09-13T00:30:02.176+00:00,114.329425,0.016308,Chordcat 0,control_change,1,,,,11,66,,,,,,B0 0B 42,control_change channel=0 control=11 value=66 time=0
4901,2026-09-13T00:30:02.190+00:00,114.344061,0.014636,Chordcat 0,control_change,1,,,,11,64,,,,,,B0 0B 40,control_change channel=0 control=11 value=64 time=0
4902,2026-09-13T00:30:02.204+00:00,114.357311,0.01325,Chordcat 0,control_change,1,,,,11,63,,,,,,B0 0B 3F,control_change channel=0 control=11 value=63 time=0
4903,2026-09-13T00:30:02.233+00:00,114.387182,0.029871,Chordcat 0,control_change,1,,,,11,127,,,,,,B0 0B 7F,control_change channel=0 control=11 value=127 time=0
4904,2026-09-13T00:30:02.381+00:00,114.53438,0.147198,Chordcat 0,control_change,1,,,,11,121,,,,,,B0 0B 79,control_change channel=0 control=11 value=121 time=0
4905,2026-09-13T00:30:02.395+00:00,114.549038,0.014657,Chordcat 0,control_change,1,,,,11,112,,,,,,B0 0B 70,control_change channel=0 control=11 value=112 time=0
4906,2026-09-13T00:30:02.409+00:00,114.563018,0.01398,Chordcat 0,control_change,1,,,,11,104,,,,,,B0 0B 68,control_change channel=0 control=11 value=104 time=0
4907,2026-09-13T00:30:02.424+00:00,114.578219,0.015201,Chordcat 0,control_change,1,,,,11,97,,,,,,B0 0B 61,control_change channel=0 control=11 value=97 time=0
4908,2026-09-13T00:30:02.436+00:00,114.589522,0.011303,Chordcat 0,note_on,2,39,D#2,100,,,,,,,,91 27 64,note_on channel=1 note=39 velocity=100 time=0
4909,2026-09-13T00:30:02.436+00:00,114.589916,0.000394,Chordcat 0,note_on,2,55,G3,100,,,,,,,,91 37 64,note_on channel=1 note=55 velocity=100 time=0
4910,2026-09-13T00:30:02.436+00:00,114.5902,0.000283,Chordcat 0,note_on,2,58,A#3,100,,,,,,,,91 3A 64,note_on channel=1 note=58 velocity=100 time=0
4911,2026-09-13T00:30:02.437+00:00,114.590521,0.000322,Chordcat 0,note_on,2,62,D4,100,,,,,,,,91 3E 64,note_on channel=1 note=62 velocity=100 time=0
4912,2026-09-13T00:30:02.437+00:00,114.590854,0.000333,Chordcat 0,note_on,2,65,F4,100,,,,,,,,91 41 64,note_on channel=1 note=65 velocity=100 time=0
4913,2026-09-13T00:30:02.441+00:00,114.594253,0.003399,Chordcat 0,control_change,1,,,,11,90,,,,,,B0 0B 5A,control_change channel=0 control=11 value=90 time=0
4914,2026-09-13T00:30:02.454+00:00,114.607277,0.013023,Chordcat 0,control_change,1,,,,11,85,,,,,,B0 0B 55,control_change channel=0 control=11 value=85 time=0
4915,2026-09-13T00:30:02.469+00:00,114.623021,0.015745,Chordcat 0,control_change,1,,,,11,79,,,,,,B0 0B 4F,control_change channel=0 control=11 value=79 time=0
4916,2026-09-13T00:30:02.484+00:00,114.637208,0.014187,Chordcat 0,control_change,1,,,,11,75,,,,,,B0 0B 4B,control_change channel=0 control=11 value=75 time=0
4917,2026-09-13T00:30:02.499+00:00,114.653126,0.015918,Chordcat 0,control_change,1,,,,11,71,,,,,,B0 0B 47,control_change channel=0 control=11 value=71 time=0
4918,2026-09-13T00:30:02.513+00:00,114.667043,0.013917,Chordcat 0,control_change,1,,,,11,68,,,,,,B0 0B 44,control_change channel=0 control=11 value=68 time=0
4919,2026-09-13T00:30:02.528+00:00,114.68172,0.014677,Chordcat 0,control_change,1,,,,11,66,,,,,,B0 0B 42,control_change channel=0 control=11 value=66 time=0
4920,2026-09-13T00:30:02.543+00:00,114.696348,0.014629,Chordcat 0,control_change,1,,,,11,64,,,,,,B0 0B 40,control_change channel=0 control=11 value=64 time=0
4921,2026-09-13T00:30:02.556+00:00,114.709953,0.013605,Chordcat 0,control_change,1,,,,11,63,,,,,,B0 0B 3F,control_change channel=0 control=11 value=63 time=0
4922,2026-09-13T00:30:02.587+00:00,114.740783,0.03083,Chordcat 0,control_change,1,,,,11,127,,,,,,B0 0B 7F,control_change channel=0 control=11 value=127 time=0
4923,2026-09-13T00:30:02.662+00:00,114.815682,0.074899,Chordcat 0,note_on,2,39,D#2,0,,,,,,,,91 27 00,note_on channel=1 note=39 velocity=0 time=0
4924,2026-09-13T00:30:02.662+00:00,114.816167,0.000485,Chordcat 0,note_on,2,55,G3,0,,,,,,,,91 37 00,note_on channel=1 note=55 velocity=0 time=0
4925,2026-09-13T00:30:02.663+00:00,114.816619,0.000452,Chordcat 0,note_on,2,58,A#3,0,,,,,,,,91 3A 00,note_on channel=1 note=58 velocity=0 time=0
4926,2026-09-13T00:30:02.663+00:00,114.816871,0.000252,Chordcat 0,note_on,2,62,D4,0,,,,,,,,91 3E 00,note_on channel=1 note=62 velocity=0 time=0
4927,2026-09-13T00:30:02.663+00:00,114.817166,0.000295,Chordcat 0,note_on,2,65,F4,0,,,,,,,,91 41 00,note_on channel=1 note=65 velocity=0 time=0
4928,2026-09-13T00:30:02.734+00:00,114.887538,0.070372,Chordcat 0,control_change,1,,,,11,121,,,,,,B0 0B 79,control_change channel=0 control=11 value=121 time=0
4929,2026-09-13T00:30:02.749+00:00,114.902945,0.015408,Chordcat 0,control_change,1,,,,11,112,,,,,,B0 0B 70,control_change channel=0 control=11 value=112 time=0
4930,2026-09-13T00:30:02.763+00:00,114.916599,0.013654,Chordcat 0,control_change,1,,,,11,104,,,,,,B0 0B 68,control_change channel=0 control=11 value=104 time=0
4931,2026-09-13T00:30:02.778+00:00,114.931747,0.015148,Chordcat 0,control_change,1,,,,11,97,,,,,,B0 0B 61,control_change channel=0 control=11 value=97 time=0
4932,2026-09-13T00:30:02.793+00:00,114.946461,0.014714,Chordcat 0,control_change,1,,,,11,90,,,,,,B0 0B 5A,control_change channel=0 control=11 value=90 time=0
4933,2026-09-13T00:30:02.808+00:00,114.961383,0.014922,Chordcat 0,control_change,1,,,,11,84,,,,,,B0 0B 54,control_change channel=0 control=11 value=84 time=0
4934,2026-09-13T00:30:02.822+00:00,114.975506,0.014124,Chordcat 0,control_change,1,,,,11,80,,,,,,B0 0B 50,control_change channel=0 control=11 value=80 time=0
4935,2026-09-13T00:30:02.837+00:00,114.990153,0.014647,Chordcat 0,control_change,1,,,,11,75,,,,,,B0 0B 4B,control_change channel=0 control=11 value=75 time=0
4936,2026-09-13T00:30:02.852+00:00,115.005906,0.015752,Chordcat 0,control_change,1,,,,11,71,,,,,,B0 0B 47,control_change channel=0 control=11 value=71 time=0
4937,2026-09-13T00:30:02.865+00:00,115.019094,0.013188,Chordcat 0,control_change,1,,,,11,68,,,,,,B0 0B 44,control_change channel=0 control=11 value=68 time=0
4938,2026-09-13T00:30:02.881+00:00,115.035008,0.015914,Chordcat 0,control_change,1,,,,11,66,,,,,,B0 0B 42,control_change channel=0 control=11 value=66 time=0
4939,2026-09-13T00:30:02.896+00:00,115.049815,0.014808,Chordcat 0,control_change,1,,,,11,64,,,,,,B0 0B 40,control_change channel=0 control=11 value=64 time=0
4940,2026-09-13T00:30:02.911+00:00,115.064512,0.014696,Chordcat 0,control_change,1,,,,11,63,,,,,,B0 0B 3F,control_change channel=0 control=11 value=63 time=0
4941,2026-09-13T00:30:02.940+00:00,115.093271,0.028759,Chordcat 0,control_change,1,,,,11,127,,,,,,B0 0B 7F,control_change channel=0 control=11 value=127 time=0
4942,2026-09-13T00:30:03.010+00:00,115.163439,0.070168,Chordcat 0,note_on,2,41,F2,100,,,,,,,,91 29 64,note_on channel=1 note=41 velocity=100 time=0
4943,2026-09-13T00:30:03.010+00:00,115.163927,0.000488,Chordcat 0,note_on,2,57,A3,100,,,,,,,,91 39 64,note_on channel=1 note=57 velocity=100 time=0
4944,2026-09-13T00:30:03.010+00:00,115.164319,0.000392,Chordcat 0,note_on,2,60,C4,100,,,,,,,,91 3C 64,note_on channel=1 note=60 velocity=100 time=0
4945,2026-09-13T00:30:03.011+00:00,115.164598,0.000279,Chordcat 0,note_on,2,64,E4,100,,,,,,,,91 40 64,note_on channel=1 note=64 velocity=100 time=0
4946,2026-09-13T00:30:03.011+00:00,115.164832,0.000234,Chordcat 0,note_on,2,67,G4,100,,,,,,,,91 43 64,note_on channel=1 note=67 velocity=100 time=0
4947,2026-09-13T00:30:03.087+00:00,115.240629,0.075797,Chordcat 0,control_change,1,,,,11,121,,,,,,B0 0B 79,control_change channel=0 control=11 value=121 time=0
4948,2026-09-13T00:30:03.102+00:00,115.255592,0.014963,Chordcat 0,control_change,1,,,,11,112,,,,,,B0 0B 70,control_change channel=0 control=11 value=112 time=0
4949,2026-09-13T00:30:03.116+00:00,115.269299,0.013707,Chordcat 0,control_change,1,,,,11,104,,,,,,B0 0B 68,control_change channel=0 control=11 value=104 time=0
4950,2026-09-13T00:30:03.131+00:00,115.284616,0.015318,Chordcat 0,control_change,1,,,,11,97,,,,,,B0 0B 61,control_change channel=0 control=11 value=97 time=0
4951,2026-09-13T00:30:03.146+00:00,115.299175,0.014559,Chordcat 0,control_change,1,,,,11,90,,,,,,B0 0B 5A,control_change channel=0 control=11 value=90 time=0
4952,2026-09-13T00:30:03.161+00:00,115.314364,0.015189,Chordcat 0,control_change,1,,,,11,84,,,,,,B0 0B 54,control_change channel=0 control=11 value=84 time=0
4953,2026-09-13T00:30:03.175+00:00,115.328936,0.014572,Chordcat 0,control_change,1,,,,11,79,,,,,,B0 0B 4F,control_change channel=0 control=11 value=79 time=0
4954,2026-09-13T00:30:03.190+00:00,115.343469,0.014534,Chordcat 0,control_change,1,,,,11,75,,,,,,B0 0B 4B,control_change channel=0 control=11 value=75 time=0
4955,2026-09-13T00:30:03.205+00:00,115.358664,0.015195,Chordcat 0,control_change,1,,,,11,71,,,,,,B0 0B 47,control_change channel=0 control=11 value=71 time=0
4956,2026-09-13T00:30:03.219+00:00,115.372825,0.014161,Chordcat 0,control_change,1,,,,11,68,,,,,,B0 0B 44,control_change channel=0 control=11 value=68 time=0
4957,2026-09-13T00:30:03.234+00:00,115.387517,0.014692,Chordcat 0,control_change,1,,,,11,66,,,,,,B0 0B 42,control_change channel=0 control=11 value=66 time=0
4958,2026-09-13T00:30:03.249+00:00,115.402196,0.014679,Chordcat 0,control_change,1,,,,11,64,,,,,,B0 0B 40,control_change channel=0 control=11 value=64 time=0
4959,2026-09-13T00:30:03.263+00:00,115.416354,0.014157,Chordcat 0,control_change,1,,,,11,63,,,,,,B0 0B 3F,control_change channel=0 control=11 value=63 time=0
4960,2026-09-13T00:30:03.293+00:00,115.446642,0.030288,Chordcat 0,control_change,1,,,,11,127,,,,,,B0 0B 7F,control_change channel=0 control=11 value=127 time=0
4961,2026-09-13T00:30:03.333+00:00,115.487043,0.040401,Chordcat 0,note_on,2,41,F2,0,,,,,,,,91 29 00,note_on channel=1 note=41 velocity=0 time=0
4962,2026-09-13T00:30:03.333+00:00,115.487473,0.00043,Chordcat 0,note_on,2,57,A3,0,,,,,,,,91 39 00,note_on channel=1 note=57 velocity=0 time=0
4963,2026-09-13T00:30:03.333+00:00,115.487791,0.000318,Chordcat 0,note_on,2,60,C4,0,,,,,,,,91 3C 00,note_on channel=1 note=60 velocity=0 time=0
4964,2026-09-13T00:30:03.333+00:00,115.488068,0.000277,Chordcat 0,note_on,2,64,E4,0,,,,,,,,91 40 00,note_on channel=1 note=64 velocity=0 time=0
4965,2026-09-13T00:30:03.333+00:00,115.488341,0.000273,Chordcat 0,note_on,2,67,G4,0,,,,,,,,91 43 00,note_on channel=1 note=67 velocity=0 time=0
4966,2026-09-13T00:30:03.440+00:00,115.593492,0.105151,Chordcat 0,control_change,1,,,,11,121,,,,,,B0 0B 79,control_change channel=0 control=11 value=121 time=0
4967,2026-09-13T00:30:03.455+00:00,115.608373,0.014881,Chordcat 0,control_change,1,,,,11,112,,,,,,B0 0B 70,control_change channel=0 control=11 value=112 time=0
4968,2026-09-13T00:30:03.469+00:00,115.622316,0.013943,Chordcat 0,control_change,1,,,,11,104,,,,,,B0 0B 68,control_change channel=0 control=11 value=104 time=0
4969,2026-09-13T00:30:03.484+00:00,115.637585,0.015269,Chordcat 0,control_change,1,,,,11,97,,,,,,B0 0B 61,control_change channel=0 control=11 value=97 time=0
4970,2026-09-13T00:30:03.498+00:00,115.652041,0.014455,Chordcat 0,control_change,1,,,,11,90,,,,,,B0 0B 5A,control_change channel=0 control=11 value=90 time=0
4971,2026-09-13T00:30:03.512+00:00,115.666074,0.014034,Chordcat 0,control_change,1,,,,11,85,,,,,,B0 0B 55,control_change channel=0 control=11 value=85 time=0
4972,2026-09-13T00:30:03.528+00:00,115.681351,0.015277,Chordcat 0,control_change,1,,,,11,79,,,,,,B0 0B 4F,control_change channel=0 control=11 value=79 time=0
4973,2026-09-13T00:30:03.543+00:00,115.696131,0.01478,Chordcat 0,control_change,1,,,,11,75,,,,,,B0 0B 4B,control_change channel=0 control=11 value=75 time=0
4974,2026-09-13T00:30:03.557+00:00,115.710987,0.014856,Chordcat 0,control_change,1,,,,11,71,,,,,,B0 0B 47,control_change channel=0 control=11 value=71 time=0
4975,2026-09-13T00:30:03.572+00:00,115.725557,0.01457,Chordcat 0,control_change,1,,,,11,68,,,,,,B0 0B 44,control_change channel=0 control=11 value=68 time=0
4976,2026-09-13T00:30:03.587+00:00,115.740357,0.0148,Chordcat 0,control_change,1,,,,11,66,,,,,,B0 0B 42,control_change channel=0 control=11 value=66 time=0
4977,2026-09-13T00:30:03.602+00:00,115.755306,0.014949,Chordcat 0,control_change,1,,,,11,64,,,,,,B0 0B 40,control_change channel=0 control=11 value=64 time=0
4978,2026-09-13T00:30:03.617+00:00,115.771005,0.015699,Chordcat 0,control_change,1,,,,11,63,,,,,,B0 0B 3F,control_change channel=0 control=11 value=63 time=0
4979,2026-09-13T00:30:03.647+00:00,115.800163,0.029158,Chordcat 0,control_change,1,,,,11,127,,,,,,B0 0B 7F,control_change channel=0 control=11 value=127 time=0
4980,2026-09-13T00:30:03.654+00:00,115.808041,0.007878,Chordcat 0,note_on,2,42,F#2,100,,,,,,,,91 2A 64,note_on channel=1 note=42 velocity=100 time=0
4981,2026-09-13T00:30:03.654+00:00,115.808516,0.000475,Chordcat 0,note_on,2,58,A#3,100,,,,,,,,91 3A 64,note_on channel=1 note=58 velocity=100 time=0
4982,2026-09-13T00:30:03.654+00:00,115.80879,0.000274,Chordcat 0,note_on,2,61,C#4,100,,,,,,,,91 3D 64,note_on channel=1 note=61 velocity=100 time=0
4983,2026-09-13T00:30:03.655+00:00,115.80914,0.00035,Chordcat 0,note_on,2,65,F4,100,,,,,,,,91 41 64,note_on channel=1 note=65 velocity=100 time=0
4984,2026-09-13T00:30:03.655+00:00,115.809402,0.000262,Chordcat 0,note_on,2,68,G#4,100,,,,,,,,91 44 64,note_on channel=1 note=68 velocity=100 time=0
4985,2026-09-13T00:30:03.793+00:00,115.946746,0.137344,Chordcat 0,control_change,1,,,,11,121,,,,,,B0 0B 79,control_change channel=0 control=11 value=121 time=0
4986,2026-09-13T00:30:03.808+00:00,115.96174,0.014994,Chordcat 0,control_change,1,,,,11,112,,,,,,B0 0B 70,control_change channel=0 control=11 value=112 time=0
4987,2026-09-13T00:30:03.823+00:00,115.976616,0.014876,Chordcat 0,control_change,1,,,,11,104,,,,,,B0 0B 68,control_change channel=0 control=11 value=104 time=0
4988,2026-09-13T00:30:03.836+00:00,115.989997,0.013381,Chordcat 0,control_change,1,,,,11,97,,,,,,B0 0B 61,control_change channel=0 control=11 value=97 time=0
4989,2026-09-13T00:30:03.852+00:00,116.005398,0.015401,Chordcat 0,control_change,1,,,,11,90,,,,,,B0 0B 5A,control_change channel=0 control=11 value=90 time=0
4990,2026-09-13T00:30:03.867+00:00,116.020209,0.014811,Chordcat 0,control_change,1,,,,11,84,,,,,,B0 0B 54,control_change channel=0 control=11 value=84 time=0
4991,2026-09-13T00:30:03.881+00:00,116.034396,0.014187,Chordcat 0,control_change,1,,,,11,79,,,,,,B0 0B 4F,control_change channel=0 control=11 value=79 time=0
4992,2026-09-13T00:30:03.896+00:00,116.049259,0.014863,Chordcat 0,control_change,1,,,,11,75,,,,,,B0 0B 4B,control_change channel=0 control=11 value=75 time=0
4993,2026-09-13T00:30:03.910+00:00,116.064169,0.01491,Chordcat 0,control_change,1,,,,11,71,,,,,,B0 0B 47,control_change channel=0 control=11 value=71 time=0
4994,2026-09-13T00:30:03.921+00:00,116.074336,0.010167,Chordcat 0,note_on,2,42,F#2,0,,,,,,,,91 2A 00,note_on channel=1 note=42 velocity=0 time=0
4995,2026-09-13T00:30:03.921+00:00,116.075075,0.000739,Chordcat 0,note_on,2,58,A#3,0,,,,,,,,91 3A 00,note_on channel=1 note=58 velocity=0 time=0
4996,2026-09-13T00:30:03.922+00:00,116.075447,0.000372,Chordcat 0,note_on,2,61,C#4,0,,,,,,,,91 3D 00,note_on channel=1 note=61 velocity=0 time=0
4997,2026-09-13T00:30:03.922+00:00,116.075811,0.000363,Chordcat 0,note_on,2,65,F4,0,,,,,,,,91 41 00,note_on channel=1 note=65 velocity=0 time=0
4998,2026-09-13T00:30:03.922+00:00,116.07621,0.0004,Chordcat 0,note_on,2,68,G#4,0,,,,,,,,91 44 00,note_on channel=1 note=68 velocity=0 time=0
4999,2026-09-13T00:30:03.925+00:00,116.078913,0.002702,Chordcat 0,control_change,1,,,,11,68,,,,,,B0 0B 44,control_change channel=0 control=11 value=68 time=0
5000,2026-09-13T00:30:03.940+00:00,116.093783,0.01487,Chordcat 0,control_change,1,,,,11,66,,,,,,B0 0B 42,control_change channel=0 control=11 value=66 time=0
5001,2026-09-13T00:30:03.955+00:00,116.108302,0.014519,Chordcat 0,control_change,1,,,,11,64,,,,,,B0 0B 40,control_change channel=0 control=11 value=64 time=0
5002,2026-09-13T00:30:03.970+00:00,116.123438,0.015136,Chordcat 0,control_change,1,,,,11,63,,,,,,B0 0B 3F,control_change channel=0 control=11 value=63 time=0
5003,2026-09-13T00:30:03.999+00:00,116.152903,0.029465,Chordcat 0,control_change,1,,,,11,127,,,,,,B0 0B 7F,control_change channel=0 control=11 value=127 time=0
5004,2026-09-13T00:30:04.145+00:00,116.299017,0.146114,Chordcat 0,control_change,1,,,,11,121,,,,,,B0 0B 79,control_change channel=0 control=11 value=121 time=0
5005,2026-09-13T00:30:04.161+00:00,116.31447,0.015452,Chordcat 0,control_change,1,,,,11,112,,,,,,B0 0B 70,control_change channel=0 control=11 value=112 time=0
5006,2026-09-13T00:30:04.175+00:00,116.328943,0.014473,Chordcat 0,control_change,1,,,,11,104,,,,,,B0 0B 68,control_change channel=0 control=11 value=104 time=0
5007,2026-09-13T00:30:04.190+00:00,116.343514,0.014571,Chordcat 0,control_change,1,,,,11,97,,,,,,B0 0B 61,control_change channel=0 control=11 value=97 time=0
5008,2026-09-13T00:30:04.205+00:00,116.358149,0.014635,Chordcat 0,control_change,1,,,,11,90,,,,,,B0 0B 5A,control_change channel=0 control=11 value=90 time=0
5009,2026-09-13T00:30:04.220+00:00,116.373529,0.01538,Chordcat 0,control_change,1,,,,11,84,,,,,,B0 0B 54,control_change channel=0 control=11 value=84 time=0
5010,2026-09-13T00:30:04.234+00:00,116.387237,0.013708,Chordcat 0,control_change,1,,,,11,79,,,,,,B0 0B 4F,control_change channel=0 control=11 value=79 time=0
5011,2026-09-13T00:30:04.249+00:00,116.402915,0.015677,Chordcat 0,control_change,1,,,,11,75,,,,,,B0 0B 4B,control_change channel=0 control=11 value=75 time=0
5012,2026-09-13T00:30:04.264+00:00,116.417528,0.014613,Chordcat 0,control_change,1,,,,11,71,,,,,,B0 0B 47,control_change channel=0 control=11 value=71 time=0
5013,2026-09-13T00:30:04.272+00:00,116.425423,0.007895,Chordcat 0,note_on,2,43,G2,100,,,,,,,,91 2B 64,note_on channel=1 note=43 velocity=100 time=0
5014,2026-09-13T00:30:04.272+00:00,116.425899,0.000475,Chordcat 0,note_on,2,59,B3,100,,,,,,,,91 3B 64,note_on channel=1 note=59 velocity=100 time=0
5015,2026-09-13T00:30:04.272+00:00,116.426238,0.000339,Chordcat 0,note_on,2,62,D4,100,,,,,,,,91 3E 64,note_on channel=1 note=62 velocity=100 time=0
5016,2026-09-13T00:30:04.272+00:00,116.426448,0.000211,Chordcat 0,note_on,2,66,F#4,100,,,,,,,,91 42 64,note_on channel=1 note=66 velocity=100 time=0
5017,2026-09-13T00:30:04.272+00:00,116.426629,0.000181,Chordcat 0,note_on,2,69,A4,100,,,,,,,,91 45 64,note_on channel=1 note=69 velocity=100 time=0
5018,2026-09-13T00:30:04.278+00:00,116.431313,0.004684,Chordcat 0,control_change,1,,,,11,68,,,,,,B0 0B 44,control_change channel=0 control=11 value=68 time=0
5019,2026-09-13T00:30:04.292+00:00,116.445989,0.014675,Chordcat 0,control_change,1,,,,11,66,,,,,,B0 0B 42,control_change channel=0 control=11 value=66 time=0
5020,2026-09-13T00:30:04.308+00:00,116.461379,0.01539,Chordcat 0,control_change,1,,,,11,64,,,,,,B0 0B 40,control_change channel=0 control=11 value=64 time=0
5021,2026-09-13T00:30:04.324+00:00,116.477421,0.016043,Chordcat 0,control_change,1,,,,11,63,,,,,,B0 0B 3F,control_change channel=0 control=11 value=63 time=0
5022,2026-09-13T00:30:04.352+00:00,116.505604,0.028183,Chordcat 0,control_change,1,,,,11,127,,,,,,B0 0B 7F,control_change channel=0 control=11 value=127 time=0
5023,2026-09-13T00:30:04.499+00:00,116.652758,0.147154,Chordcat 0,control_change,1,,,,11,121,,,,,,B0 0B 79,control_change channel=0 control=11 value=121 time=0
5024,2026-09-13T00:30:04.513+00:00,116.66711,0.014352,Chordcat 0,control_change,1,,,,11,112,,,,,,B0 0B 70,control_change channel=0 control=11 value=112 time=0
5025,2026-09-13T00:30:04.516+00:00,116.669706,0.002596,Chordcat 0,note_on,2,43,G2,0,,,,,,,,91 2B 00,note_on channel=1 note=43 velocity=0 time=0
5026,2026-09-13T00:30:04.516+00:00,116.670075,0.000369,Chordcat 0,note_on,2,59,B3,0,,,,,,,,91 3B 00,note_on channel=1 note=59 velocity=0 time=0
5027,2026-09-13T00:30:04.516+00:00,116.670469,0.000395,Chordcat 0,note_on,2,62,D4,0,,,,,,,,91 3E 00,note_on channel=1 note=62 velocity=0 time=0
5028,2026-09-13T00:30:04.517+00:00,116.670716,0.000246,Chordcat 0,note_on,2,66,F#4,0,,,,,,,,91 42 00,note_on channel=1 note=66 velocity=0 time=0
5029,2026-09-13T00:30:04.517+00:00,116.670992,0.000276,Chordcat 0,note_on,2,69,A4,0,,,,,,,,91 45 00,note_on channel=1 note=69 velocity=0 time=0
5030,2026-09-13T00:30:04.530+00:00,116.683078,0.012086,Chordcat 0,control_change,1,,,,11,104,,,,,,B0 0B 68,control_change channel=0 control=11 value=104 time=0
5031,2026-09-13T00:30:04.542+00:00,116.696112,0.013034,Chordcat 0,control_change,1,,,,11,97,,,,,,B0 0B 61,control_change channel=0 control=11 value=97 time=0
5032,2026-09-13T00:30:04.557+00:00,116.710931,0.014819,Chordcat 0,control_change,1,,,,11,90,,,,,,B0 0B 5A,control_change channel=0 control=11 value=90 time=0
5033,2026-09-13T00:30:04.573+00:00,116.726437,0.015506,Chordcat 0,control_change,1,,,,11,84,,,,,,B0 0B 54,control_change channel=0 control=11 value=84 time=0
5034,2026-09-13T00:30:04.588+00:00,116.741229,0.014792,Chordcat 0,control_change,1,,,,11,79,,,,,,B0 0B 4F,control_change channel=0 control=11 value=79 time=0
5035,2026-09-13T00:30:04.602+00:00,116.755796,0.014567,Chordcat 0,control_change,1,,,,11,75,,,,,,B0 0B 4B,control_change channel=0 control=11 value=75 time=0
5036,2026-09-13T00:30:04.617+00:00,116.770979,0.015183,Chordcat 0,control_change,1,,,,11,71,,,,,,B0 0B 47,control_change channel=0 control=11 value=71 time=0
5037,2026-09-13T00:30:04.632+00:00,116.78554,0.014561,Chordcat 0,control_change,1,,,,11,68,,,,,,B0 0B 44,control_change channel=0 control=11 value=68 time=0
5038,2026-09-13T00:30:04.646+00:00,116.79966,0.01412,Chordcat 0,control_change,1,,,,11,66,,,,,,B0 0B 42,control_change channel=0 control=11 value=66 time=0
5039,2026-09-13T00:30:04.661+00:00,116.815071,0.015412,Chordcat 0,control_change,1,,,,11,64,,,,,,B0 0B 40,control_change channel=0 control=11 value=64 time=0
5040,2026-09-13T00:30:04.676+00:00,116.830091,0.01502,Chordcat 0,control_change,1,,,,11,63,,,,,,B0 0B 3F,control_change channel=0 control=11 value=63 time=0
5041,2026-09-13T00:30:04.705+00:00,116.858221,0.028129,Chordcat 0,control_change,1,,,,11,127,,,,,,B0 0B 7F,control_change channel=0 control=11 value=127 time=0
5042,2026-09-13T00:30:04.847+00:00,117.000405,0.142184,Chordcat 0,note_on,2,44,G#2,100,,,,,,,,91 2C 64,note_on channel=1 note=44 velocity=100 time=0
5043,2026-09-13T00:30:04.847+00:00,117.000816,0.000411,Chordcat 0,note_on,2,54,F#3,100,,,,,,,,91 36 64,note_on channel=1 note=54 velocity=100 time=0
5044,2026-09-13T00:30:04.847+00:00,117.00119,0.000374,Chordcat 0,note_on,2,58,A#3,100,,,,,,,,91 3A 64,note_on channel=1 note=58 velocity=100 time=0
5045,2026-09-13T00:30:04.847+00:00,117.001559,0.000368,Chordcat 0,note_on,2,61,C#4,100,,,,,,,,91 3D 64,note_on channel=1 note=61 velocity=100 time=0
5046,2026-09-13T00:30:04.847+00:00,117.001877,0.000318,Chordcat 0,note_on,2,66,F#4,100,,,,,,,,91 42 64,note_on channel=1 note=66 velocity=100 time=0
5047,2026-09-13T00:30:04.851+00:00,117.005002,0.003125,Chordcat 0,control_change,1,,,,11,121,,,,,,B0 0B 79,control_change channel=0 control=11 value=121 time=0
5048,2026-09-13T00:30:04.867+00:00,117.020605,0.015604,Chordcat 0,control_change,1,,,,11,112,,,,,,B0 0B 70,control_change channel=0 control=11 value=112 time=0
5049,2026-09-13T00:30:04.882+00:00,117.035131,0.014525,Chordcat 0,control_change,1,,,,11,104,,,,,,B0 0B 68,control_change channel=0 control=11 value=104 time=0
5050,2026-09-13T00:30:04.896+00:00,117.050024,0.014894,Chordcat 0,control_change,1,,,,11,97,,,,,,B0 0B 61,control_change channel=0 control=11 value=97 time=0
5051,2026-09-13T00:30:04.911+00:00,117.064538,0.014513,Chordcat 0,control_change,1,,,,11,90,,,,,,B0 0B 5A,control_change channel=0 control=11 value=90 time=0
5052,2026-09-13T00:30:04.926+00:00,117.079684,0.015147,Chordcat 0,control_change,1,,,,11,84,,,,,,B0 0B 54,control_change channel=0 control=11 value=84 time=0
5053,2026-09-13T00:30:04.939+00:00,117.093007,0.013323,Chordcat 0,control_change,1,,,,11,79,,,,,,B0 0B 4F,control_change channel=0 control=11 value=79 time=0
5054,2026-09-13T00:30:04.955+00:00,117.108669,0.015662,Chordcat 0,control_change,1,,,,11,75,,,,,,B0 0B 4B,control_change channel=0 control=11 value=75 time=0
5055,2026-09-13T00:30:04.970+00:00,117.123292,0.014623,Chordcat 0,control_change,1,,,,11,71,,,,,,B0 0B 47,control_change channel=0 control=11 value=71 time=0
5056,2026-09-13T00:30:04.985+00:00,117.138568,0.015277,Chordcat 0,control_change,1,,,,11,68,,,,,,B0 0B 44,control_change channel=0 control=11 value=68 time=0
5057,2026-09-13T00:30:04.998+00:00,117.151929,0.01336,Chordcat 0,control_change,1,,,,11,66,,,,,,B0 0B 42,control_change channel=0 control=11 value=66 time=0
5058,2026-09-13T00:30:05.014+00:00,117.167783,0.015854,Chordcat 0,control_change,1,,,,11,64,,,,,,B0 0B 40,control_change channel=0 control=11 value=64 time=0
5059,2026-09-13T00:30:05.028+00:00,117.181923,0.01414,Chordcat 0,control_change,1,,,,11,63,,,,,,B0 0B 3F,control_change channel=0 control=11 value=63 time=0
5060,2026-09-13T00:30:05.057+00:00,117.211055,0.029132,Chordcat 0,control_change,1,,,,11,127,,,,,,B0 0B 7F,control_change channel=0 control=11 value=127 time=0
5061,2026-09-13T00:30:05.108+00:00,117.261683,0.050629,Chordcat 0,note_on,2,44,G#2,0,,,,,,,,91 2C 00,note_on channel=1 note=44 velocity=0 time=0
5062,2026-09-13T00:30:05.108+00:00,117.262119,0.000436,Chordcat 0,note_on,2,54,F#3,0,,,,,,,,91 36 00,note_on channel=1 note=54 velocity=0 time=0
5063,2026-09-13T00:30:05.108+00:00,117.262378,0.000259,Chordcat 0,note_on,2,58,A#3,0,,,,,,,,91 3A 00,note_on channel=1 note=58 velocity=0 time=0
5064,2026-09-13T00:30:05.108+00:00,117.262559,0.000181,Chordcat 0,note_on,2,61,C#4,0,,,,,,,,91 3D 00,note_on channel=1 note=61 velocity=0 time=0
5065,2026-09-13T00:30:05.108+00:00,117.262736,0.000177,Chordcat 0,note_on,2,66,F#4,0,,,,,,,,91 42 00,note_on channel=1 note=66 velocity=0 time=0
5066,2026-09-13T00:30:05.205+00:00,117.35819,0.095454,Chordcat 0,control_change,1,,,,11,121,,,,,,B0 0B 79,control_change channel=0 control=11 value=121 time=0
5067,2026-09-13T00:30:05.220+00:00,117.373387,0.015197,Chordcat 0,control_change,1,,,,11,112,,,,,,B0 0B 70,control_change channel=0 control=11 value=112 time=0
5068,2026-09-13T00:30:05.235+00:00,117.38831,0.014923,Chordcat 0,control_change,1,,,,11,104,,,,,,B0 0B 68,control_change channel=0 control=11 value=104 time=0
5069,2026-09-13T00:30:05.249+00:00,117.402959,0.014648,Chordcat 0,control_change,1,,,,11,97,,,,,,B0 0B 61,control_change channel=0 control=11 value=97 time=0
5070,2026-09-13T00:30:05.264+00:00,117.417771,0.014812,Chordcat 0,control_change,1,,,,11,90,,,,,,B0 0B 5A,control_change channel=0 control=11 value=90 time=0
5071,2026-09-13T00:30:05.280+00:00,117.433245,0.015474,Chordcat 0,control_change,1,,,,11,84,,,,,,B0 0B 54,control_change channel=0 control=11 value=84 time=0
5072,2026-09-13T00:30:05.292+00:00,117.445897,0.012652,Chordcat 0,control_change,1,,,,11,79,,,,,,B0 0B 4F,control_change channel=0 control=11 value=79 time=0
5073,2026-09-13T00:30:05.308+00:00,117.461194,0.015297,Chordcat 0,control_change,1,,,,11,75,,,,,,B0 0B 4B,control_change channel=0 control=11 value=75 time=0
5074,2026-09-13T00:30:05.322+00:00,117.476085,0.014891,Chordcat 0,control_change,1,,,,11,71,,,,,,B0 0B 47,control_change channel=0 control=11 value=71 time=0
5075,2026-09-13T00:30:05.338+00:00,117.491579,0.015494,Chordcat 0,control_change,1,,,,11,68,,,,,,B0 0B 44,control_change channel=0 control=11 value=68 time=0
5076,2026-09-13T00:30:05.352+00:00,117.505672,0.014093,Chordcat 0,control_change,1,,,,11,66,,,,,,B0 0B 42,control_change channel=0 control=11 value=66 time=0
5077,2026-09-13T00:30:05.367+00:00,117.520621,0.014949,Chordcat 0,control_change,1,,,,11,64,,,,,,B0 0B 40,control_change channel=0 control=11 value=64 time=0
5078,2026-09-13T00:30:05.382+00:00,117.535183,0.014562,Chordcat 0,control_change,1,,,,11,63,,,,,,B0 0B 3F,control_change channel=0 control=11 value=63 time=0
5079,2026-09-13T00:30:05.411+00:00,117.564649,0.029466,Chordcat 0,control_change,1,,,,11,127,,,,,,B0 0B 7F,control_change channel=0 control=11 value=127 time=0
5080,2026-09-13T00:30:05.441+00:00,117.594154,0.029506,Chordcat 0,note_on,2,44,G#2,100,,,,,,,,91 2C 64,note_on channel=1 note=44 velocity=100 time=0
5081,2026-09-13T00:30:05.441+00:00,117.594653,0.000499,Chordcat 0,note_on,2,54,F#3,100,,,,,,,,91 36 64,note_on channel=1 note=54 velocity=100 time=0
5082,2026-09-13T00:30:05.441+00:00,117.594947,0.000294,Chordcat 0,note_on,2,59,B3,100,,,,,,,,91 3B 64,note_on channel=1 note=59 velocity=100 time=0
5083,2026-09-13T00:30:05.442+00:00,117.595365,0.000417,Chordcat 0,note_on,2,61,C#4,100,,,,,,,,91 3D 64,note_on channel=1 note=61 velocity=100 time=0
5084,2026-09-13T00:30:05.442+00:00,117.595669,0.000305,Chordcat 0,note_on,2,66,F#4,100,,,,,,,,91 42 64,note_on channel=1 note=66 velocity=100 time=0
5085,2026-09-13T00:30:05.558+00:00,117.711291,0.115622,Chordcat 0,control_change,1,,,,11,121,,,,,,B0 0B 79,control_change channel=0 control=11 value=121 time=0
5086,2026-09-13T00:30:05.573+00:00,117.726481,0.01519,Chordcat 0,control_change,1,,,,11,112,,,,,,B0 0B 70,control_change channel=0 control=11 value=112 time=0
5087,2026-09-13T00:30:05.587+00:00,117.74096,0.014479,Chordcat 0,control_change,1,,,,11,104,,,,,,B0 0B 68,control_change channel=0 control=11 value=104 time=0
5088,2026-09-13T00:30:05.601+00:00,117.755074,0.014114,Chordcat 0,control_change,1,,,,11,97,,,,,,B0 0B 61,control_change channel=0 control=11 value=97 time=0
5089,2026-09-13T00:30:05.617+00:00,117.770234,0.01516,Chordcat 0,control_change,1,,,,11,90,,,,,,B0 0B 5A,control_change channel=0 control=11 value=90 time=0
5090,2026-09-13T00:30:05.631+00:00,117.785105,0.014871,Chordcat 0,control_change,1,,,,11,84,,,,,,B0 0B 54,control_change channel=0 control=11 value=84 time=0
5091,2026-09-13T00:30:05.646+00:00,117.800177,0.015073,Chordcat 0,control_change,1,,,,11,79,,,,,,B0 0B 4F,control_change channel=0 control=11 value=79 time=0
5092,2026-09-13T00:30:05.661+00:00,117.814314,0.014137,Chordcat 0,control_change,1,,,,11,75,,,,,,B0 0B 4B,control_change channel=0 control=11 value=75 time=0
5093,2026-09-13T00:30:05.676+00:00,117.829591,0.015276,Chordcat 0,control_change,1,,,,11,71,,,,,,B0 0B 47,control_change channel=0 control=11 value=71 time=0
5094,2026-09-13T00:30:05.691+00:00,117.844265,0.014675,Chordcat 0,control_change,1,,,,11,68,,,,,,B0 0B 44,control_change channel=0 control=11 value=68 time=0
5095,2026-09-13T00:30:05.705+00:00,117.858687,0.014422,Chordcat 0,control_change,1,,,,11,66,,,,,,B0 0B 42,control_change channel=0 control=11 value=66 time=0
5096,2026-09-13T00:30:05.708+00:00,117.861111,0.002425,Chordcat 0,note_on,2,44,G#2,0,,,,,,,,91 2C 00,note_on channel=1 note=44 velocity=0 time=0
5097,2026-09-13T00:30:05.708+00:00,117.861487,0.000375,Chordcat 0,note_on,2,54,F#3,0,,,,,,,,91 36 00,note_on channel=1 note=54 velocity=0 time=0
5098,2026-09-13T00:30:05.708+00:00,117.861825,0.000338,Chordcat 0,note_on,2,59,B3,0,,,,,,,,91 3B 00,note_on channel=1 note=59 velocity=0 time=0
5099,2026-09-13T00:30:05.708+00:00,117.862104,0.000279,Chordcat 0,note_on,2,61,C#4,0,,,,,,,,91 3D 00,note_on channel=1 note=61 velocity=0 time=0
5100,2026-09-13T00:30:05.708+00:00,117.862359,0.000254,Chordcat 0,note_on,2,66,F#4,0,,,,,,,,91 42 00,note_on channel=1 note=66 velocity=0 time=0
5101,2026-09-13T00:30:05.720+00:00,117.873389,0.011031,Chordcat 0,control_change,1,,,,11,64,,,,,,B0 0B 40,control_change channel=0 control=11 value=64 time=0
5102,2026-09-13T00:30:05.735+00:00,117.888534,0.015144,Chordcat 0,control_change,1,,,,11,63,,,,,,B0 0B 3F,control_change channel=0 control=11 value=63 time=0
5103,2026-09-13T00:30:05.764+00:00,117.918017,0.029483,Chordcat 0,control_change,1,,,,11,127,,,,,,B0 0B 7F,control_change channel=0 control=11 value=127 time=0
5104,2026-09-13T00:30:05.911+00:00,118.064443,0.146426,Chordcat 0,control_change,1,,,,11,121,,,,,,B0 0B 79,control_change channel=0 control=11 value=121 time=0
5105,2026-09-13T00:30:05.927+00:00,118.080288,0.015845,Chordcat 0,control_change,1,,,,11,112,,,,,,B0 0B 70,control_change channel=0 control=11 value=112 time=0
5106,2026-09-13T00:30:05.941+00:00,118.094818,0.01453,Chordcat 0,control_change,1,,,,11,104,,,,,,B0 0B 68,control_change channel=0 control=11 value=104 time=0
5107,2026-09-13T00:30:05.955+00:00,118.108264,0.013446,Chordcat 0,control_change,1,,,,11,97,,,,,,B0 0B 61,control_change channel=0 control=11 value=97 time=0
5108,2026-09-13T00:30:05.970+00:00,118.123301,0.015038,Chordcat 0,control_change,1,,,,11,90,,,,,,B0 0B 5A,control_change channel=0 control=11 value=90 time=0
5109,2026-09-13T00:30:05.985+00:00,118.138256,0.014955,Chordcat 0,control_change,1,,,,11,84,,,,,,B0 0B 54,control_change channel=0 control=11 value=84 time=0
5110,2026-09-13T00:30:05.999+00:00,118.152941,0.014685,Chordcat 0,control_change,1,,,,11,79,,,,,,B0 0B 4F,control_change channel=0 control=11 value=79 time=0
5111,2026-09-13T00:30:06.014+00:00,118.167406,0.014465,Chordcat 0,control_change,1,,,,11,75,,,,,,B0 0B 4B,control_change channel=0 control=11 value=75 time=0
5112,2026-09-13T00:30:06.024+00:00,118.177297,0.009891,Chordcat 0,note_on,2,44,G#2,100,,,,,,,,91 2C 64,note_on channel=1 note=44 velocity=100 time=0
5113,2026-09-13T00:30:06.024+00:00,118.177864,0.000567,Chordcat 0,note_on,2,60,C4,100,,,,,,,,91 3C 64,note_on channel=1 note=60 velocity=100 time=0
5114,2026-09-13T00:30:06.025+00:00,118.1782,0.000335,Chordcat 0,note_on,2,63,D#4,100,,,,,,,,91 3F 64,note_on channel=1 note=63 velocity=100 time=0
5115,2026-09-13T00:30:06.025+00:00,118.178506,0.000307,Chordcat 0,note_on,2,67,G4,100,,,,,,,,91 43 64,note_on channel=1 note=67 velocity=100 time=0
5116,2026-09-13T00:30:06.025+00:00,118.17877,0.000264,Chordcat 0,note_on,2,70,A#4,100,,,,,,,,91 46 64,note_on channel=1 note=70 velocity=100 time=0
5117,2026-09-13T00:30:06.029+00:00,118.182915,0.004145,Chordcat 0,control_change,1,,,,11,71,,,,,,B0 0B 47,control_change channel=0 control=11 value=71 time=0
5118,2026-09-13T00:30:06.043+00:00,118.19692,0.014005,Chordcat 0,control_change,1,,,,11,68,,,,,,B0 0B 44,control_change channel=0 control=11 value=68 time=0
5119,2026-09-13T00:30:06.057+00:00,118.211006,0.014086,Chordcat 0,control_change,1,,,,11,66,,,,,,B0 0B 42,control_change channel=0 control=11 value=66 time=0
5120,2026-09-13T00:30:06.073+00:00,118.22612,0.015113,Chordcat 0,control_change,1,,,,11,64,,,,,,B0 0B 40,control_change channel=0 control=11 value=64 time=0
5121,2026-09-13T00:30:06.088+00:00,118.241343,0.015223,Chordcat 0,control_change,1,,,,11,63,,,,,,B0 0B 3F,control_change channel=0 control=11 value=63 time=0
5122,2026-09-13T00:30:06.117+00:00,118.270575,0.029232,Chordcat 0,control_change,1,,,,11,127,,,,,,B0 0B 7F,control_change channel=0 control=11 value=127 time=0
5123,2026-09-13T00:30:06.264+00:00,118.417727,0.147152,Chordcat 0,control_change,1,,,,11,121,,,,,,B0 0B 79,control_change channel=0 control=11 value=121 time=0
5124,2026-09-13T00:30:06.279+00:00,118.433023,0.015296,Chordcat 0,control_change,1,,,,11,112,,,,,,B0 0B 70,control_change channel=0 control=11 value=112 time=0
5125,2026-09-13T00:30:06.294+00:00,118.447182,0.014159,Chordcat 0,control_change,1,,,,11,104,,,,,,B0 0B 68,control_change channel=0 control=11 value=104 time=0
5126,2026-09-13T00:30:06.300+00:00,118.453436,0.006254,Chordcat 0,note_on,2,44,G#2,0,,,,,,,,91 2C 00,note_on channel=1 note=44 velocity=0 time=0
5127,2026-09-13T00:30:06.300+00:00,118.453818,0.000382,Chordcat 0,note_on,2,60,C4,0,,,,,,,,91 3C 00,note_on channel=1 note=60 velocity=0 time=0
5128,2026-09-13T00:30:06.300+00:00,118.454158,0.00034,Chordcat 0,note_on,2,63,D#4,0,,,,,,,,91 3F 00,note_on channel=1 note=63 velocity=0 time=0
5129,2026-09-13T00:30:06.301+00:00,118.454402,0.000243,Chordcat 0,note_on,2,67,G4,0,,,,,,,,91 43 00,note_on channel=1 note=67 velocity=0 time=0
5130,2026-09-13T00:30:06.301+00:00,118.454634,0.000233,Chordcat 0,note_on,2,70,A#4,0,,,,,,,,91 46 00,note_on channel=1 note=70 velocity=0 time=0
5131,2026-09-13T00:30:06.308+00:00,118.46189,0.007256,Chordcat 0,control_change,1,,,,11,97,,,,,,B0 0B 61,control_change channel=0 control=11 value=97 time=0
5132,2026-09-13T00:30:06.323+00:00,118.477003,0.015113,Chordcat 0,control_change,1,,,,11,90,,,,,,B0 0B 5A,control_change channel=0 control=11 value=90 time=0
5133,2026-09-13T00:30:06.338+00:00,118.49179,0.014787,Chordcat 0,control_change,1,,,,11,84,,,,,,B0 0B 54,control_change channel=0 control=11 value=84 time=0
5134,2026-09-13T00:30:06.352+00:00,118.505228,0.013438,Chordcat 0,control_change,1,,,,11,79,,,,,,B0 0B 4F,control_change channel=0 control=11 value=79 time=0
5135,2026-09-13T00:30:06.367+00:00,118.520965,0.015737,Chordcat 0,control_change,1,,,,11,75,,,,,,B0 0B 4B,control_change channel=0 control=11 value=75 time=0
5136,2026-09-13T00:30:06.382+00:00,118.535248,0.014282,Chordcat 0,control_change,1,,,,11,71,,,,,,B0 0B 47,control_change channel=0 control=11 value=71 time=0
5137,2026-09-13T00:30:06.397+00:00,118.550897,0.015649,Chordcat 0,control_change,1,,,,11,68,,,,,,B0 0B 44,control_change channel=0 control=11 value=68 time=0
5138,2026-09-13T00:30:06.411+00:00,118.564957,0.01406,Chordcat 0,control_change,1,,,,11,66,,,,,,B0 0B 42,control_change channel=0 control=11 value=66 time=0
5139,2026-09-13T00:30:06.425+00:00,118.579087,0.01413,Chordcat 0,control_change,1,,,,11,64,,,,,,B0 0B 40,control_change channel=0 control=11 value=64 time=0
5140,2026-09-13T00:30:06.441+00:00,118.594579,0.015491,Chordcat 0,control_change,1,,,,11,63,,,,,,B0 0B 3F,control_change channel=0 control=11 value=63 time=0
5141,2026-09-13T00:30:06.470+00:00,118.623325,0.028746,Chordcat 0,control_change,1,,,,11,127,,,,,,B0 0B 7F,control_change channel=0 control=11 value=127 time=0
5142,2026-09-13T00:30:06.617+00:00,118.770371,0.147046,Chordcat 0,control_change,1,,,,11,121,,,,,,B0 0B 79,control_change channel=0 control=11 value=121 time=0
5143,2026-09-13T00:30:06.629+00:00,118.782908,0.012537,Chordcat 0,note_on,2,45,A2,100,,,,,,,,91 2D 64,note_on channel=1 note=45 velocity=100 time=0
5144,2026-09-13T00:30:06.629+00:00,118.783281,0.000373,Chordcat 0,note_on,2,55,G3,100,,,,,,,,91 37 64,note_on channel=1 note=55 velocity=100 time=0
5145,2026-09-13T00:30:06.629+00:00,118.783604,0.000323,Chordcat 0,note_on,2,59,B3,100,,,,,,,,91 3B 64,note_on channel=1 note=59 velocity=100 time=0
5146,2026-09-13T00:30:06.629+00:00,118.783994,0.000391,Chordcat 0,note_on,2,61,C#4,100,,,,,,,,91 3D 64,note_on channel=1 note=61 velocity=100 time=0
5147,2026-09-13T00:30:06.629+00:00,118.784306,0.000311,Chordcat 0,note_on,2,66,F#4,100,,,,,,,,91 42 64,note_on channel=1 note=66 velocity=100 time=0
5148,2026-09-13T00:30:06.632+00:00,118.78592,0.001615,Chordcat 0,control_change,1,,,,11,112,,,,,,B0 0B 70,control_change channel=0 control=11 value=112 time=0
5149,2026-09-13T00:30:06.647+00:00,118.800892,0.014971,Chordcat 0,control_change,1,,,,11,104,,,,,,B0 0B 68,control_change channel=0 control=11 value=104 time=0
5150,2026-09-13T00:30:06.662+00:00,118.815474,0.014582,Chordcat 0,control_change,1,,,,11,96,,,,,,B0 0B 60,control_change channel=0 control=11 value=96 time=0
5151,2026-09-13T00:30:06.676+00:00,118.829768,0.014294,Chordcat 0,control_change,1,,,,11,90,,,,,,B0 0B 5A,control_change channel=0 control=11 value=90 time=0
5152,2026-09-13T00:30:06.691+00:00,118.844277,0.014509,Chordcat 0,control_change,1,,,,11,84,,,,,,B0 0B 54,control_change channel=0 control=11 value=84 time=0
5153,2026-09-13T00:30:06.706+00:00,118.859379,0.015102,Chordcat 0,control_change,1,,,,11,79,,,,,,B0 0B 4F,control_change channel=0 control=11 value=79 time=0
5154,2026-09-13T00:30:06.719+00:00,118.872901,0.013522,Chordcat 0,control_change,1,,,,11,75,,,,,,B0 0B 4B,control_change channel=0 control=11 value=75 time=0
5155,2026-09-13T00:30:06.735+00:00,118.888325,0.015424,Chordcat 0,control_change,1,,,,11,71,,,,,,B0 0B 47,control_change channel=0 control=11 value=71 time=0
5156,2026-09-13T00:30:06.750+00:00,118.90404,0.015715,Chordcat 0,control_change,1,,,,11,68,,,,,,B0 0B 44,control_change channel=0 control=11 value=68 time=0
5157,2026-09-13T00:30:06.764+00:00,118.917864,0.013824,Chordcat 0,control_change,1,,,,11,66,,,,,,B0 0B 42,control_change channel=0 control=11 value=66 time=0
5158,2026-09-13T00:30:06.779+00:00,118.932342,0.014478,Chordcat 0,control_change,1,,,,11,64,,,,,,B0 0B 40,control_change channel=0 control=11 value=64 time=0
5159,2026-09-13T00:30:06.794+00:00,118.948119,0.015778,Chordcat 0,control_change,1,,,,11,63,,,,,,B0 0B 3F,control_change channel=0 control=11 value=63 time=0
5160,2026-09-13T00:30:06.822+00:00,118.976087,0.027968,Chordcat 0,control_change,1,,,,11,127,,,,,,B0 0B 7F,control_change channel=0 control=11 value=127 time=0
5161,2026-09-13T00:30:06.853+00:00,119.006781,0.030694,Chordcat 0,note_on,2,45,A2,0,,,,,,,,91 2D 00,note_on channel=1 note=45 velocity=0 time=0
5162,2026-09-13T00:30:06.854+00:00,119.007219,0.000438,Chordcat 0,note_on,2,55,G3,0,,,,,,,,91 37 00,note_on channel=1 note=55 velocity=0 time=0
5163,2026-09-13T00:30:06.854+00:00,119.00758,0.000361,Chordcat 0,note_on,2,59,B3,0,,,,,,,,91 3B 00,note_on channel=1 note=59 velocity=0 time=0
5164,2026-09-13T00:30:06.854+00:00,119.007978,0.000398,Chordcat 0,note_on,2,61,C#4,0,,,,,,,,91 3D 00,note_on channel=1 note=61 velocity=0 time=0
5165,2026-09-13T00:30:06.855+00:00,119.008381,0.000403,Chordcat 0,note_on,2,66,F#4,0,,,,,,,,91 42 00,note_on channel=1 note=66 velocity=0 time=0
5166,2026-09-13T00:30:06.970+00:00,119.1235,0.115119,Chordcat 0,control_change,1,,,,11,121,,,,,,B0 0B 79,control_change channel=0 control=11 value=121 time=0
5167,2026-09-13T00:30:06.985+00:00,119.138457,0.014957,Chordcat 0,control_change,1,,,,11,112,,,,,,B0 0B 70,control_change channel=0 control=11 value=112 time=0
5168,2026-09-13T00:30:07.000+00:00,119.153256,0.014799,Chordcat 0,control_change,1,,,,11,104,,,,,,B0 0B 68,control_change channel=0 control=11 value=104 time=0
5169,2026-09-13T00:30:07.014+00:00,119.167445,0.014189,Chordcat 0,control_change,1,,,,11,97,,,,,,B0 0B 61,control_change channel=0 control=11 value=97 time=0
5170,2026-09-13T00:30:07.029+00:00,119.182396,0.014951,Chordcat 0,control_change,1,,,,11,90,,,,,,B0 0B 5A,control_change channel=0 control=11 value=90 time=0
5171,2026-09-13T00:30:07.044+00:00,119.197763,0.015368,Chordcat 0,control_change,1,,,,11,84,,,,,,B0 0B 54,control_change channel=0 control=11 value=84 time=0
5172,2026-09-13T00:30:07.058+00:00,119.212091,0.014328,Chordcat 0,control_change,1,,,,11,79,,,,,,B0 0B 4F,control_change channel=0 control=11 value=79 time=0
5173,2026-09-13T00:30:07.073+00:00,119.226231,0.01414,Chordcat 0,control_change,1,,,,11,75,,,,,,B0 0B 4B,control_change channel=0 control=11 value=75 time=0
5174,2026-09-13T00:30:07.088+00:00,119.241908,0.015677,Chordcat 0,control_change,1,,,,11,71,,,,,,B0 0B 47,control_change channel=0 control=11 value=71 time=0
5175,2026-09-13T00:30:07.103+00:00,119.256896,0.014988,Chordcat 0,control_change,1,,,,11,68,,,,,,B0 0B 44,control_change channel=0 control=11 value=68 time=0
5176,2026-09-13T00:30:07.116+00:00,119.270147,0.01325,Chordcat 0,control_change,1,,,,11,66,,,,,,B0 0B 42,control_change channel=0 control=11 value=66 time=0
5177,2026-09-13T00:30:07.132+00:00,119.285259,0.015113,Chordcat 0,control_change,1,,,,11,64,,,,,,B0 0B 40,control_change channel=0 control=11 value=64 time=0
5178,2026-09-13T00:30:07.147+00:00,119.300983,0.015724,Chordcat 0,control_change,1,,,,11,63,,,,,,B0 0B 3F,control_change channel=0 control=11 value=63 time=0
5179,2026-09-13T00:30:07.176+00:00,119.329133,0.02815,Chordcat 0,control_change,1,,,,11,127,,,,,,B0 0B 7F,control_change channel=0 control=11 value=127 time=0
5180,2026-09-13T00:30:07.207+00:00,119.360935,0.031802,Chordcat 0,note_on,2,45,A2,100,,,,,,,,91 2D 64,note_on channel=1 note=45 velocity=100 time=0
5181,2026-09-13T00:30:07.208+00:00,119.361572,0.000637,Chordcat 0,note_on,2,55,G3,100,,,,,,,,91 37 64,note_on channel=1 note=55 velocity=100 time=0
5182,2026-09-13T00:30:07.208+00:00,119.362049,0.000477,Chordcat 0,note_on,2,59,B3,100,,,,,,,,91 3B 64,note_on channel=1 note=59 velocity=100 time=0
5183,2026-09-13T00:30:07.208+00:00,119.362399,0.00035,Chordcat 0,note_on,2,62,D4,100,,,,,,,,91 3E 64,note_on channel=1 note=62 velocity=100 time=0
5184,2026-09-13T00:30:07.208+00:00,119.362708,0.000309,Chordcat 0,note_on,2,66,F#4,100,,,,,,,,91 42 64,note_on channel=1 note=66 velocity=100 time=0
5185,2026-09-13T00:30:07.322+00:00,119.475987,0.113279,Chordcat 0,control_change,1,,,,11,121,,,,,,B0 0B 79,control_change channel=0 control=11 value=121 time=0
5186,2026-09-13T00:30:07.338+00:00,119.491771,0.015784,Chordcat 0,control_change,1,,,,11,112,,,,,,B0 0B 70,control_change channel=0 control=11 value=112 time=0
5187,2026-09-13T00:30:07.352+00:00,119.50587,0.014098,Chordcat 0,control_change,1,,,,11,104,,,,,,B0 0B 68,control_change channel=0 control=11 value=104 time=0
5188,2026-09-13T00:30:07.368+00:00,119.521504,0.015634,Chordcat 0,control_change,1,,,,11,97,,,,,,B0 0B 61,control_change channel=0 control=11 value=97 time=0
5189,2026-09-13T00:30:07.382+00:00,119.535778,0.014274,Chordcat 0,control_change,1,,,,11,90,,,,,,B0 0B 5A,control_change channel=0 control=11 value=90 time=0
5190,2026-09-13T00:30:07.398+00:00,119.551145,0.015368,Chordcat 0,control_change,1,,,,11,84,,,,,,B0 0B 54,control_change channel=0 control=11 value=84 time=0
5191,2026-09-13T00:30:07.412+00:00,119.565933,0.014788,Chordcat 0,control_change,1,,,,11,79,,,,,,B0 0B 4F,control_change channel=0 control=11 value=79 time=0
5192,2026-09-13T00:30:07.426+00:00,119.580088,0.014155,Chordcat 0,control_change,1,,,,11,75,,,,,,B0 0B 4B,control_change channel=0 control=11 value=75 time=0
5193,2026-09-13T00:30:07.441+00:00,119.594668,0.01458,Chordcat 0,control_change,1,,,,11,71,,,,,,B0 0B 47,control_change channel=0 control=11 value=71 time=0
5194,2026-09-13T00:30:07.448+00:00,119.601905,0.007237,Chordcat 0,note_on,2,45,A2,0,,,,,,,,91 2D 00,note_on channel=1 note=45 velocity=0 time=0
5195,2026-09-13T00:30:07.448+00:00,119.602348,0.000443,Chordcat 0,note_on,2,55,G3,0,,,,,,,,91 37 00,note_on channel=1 note=55 velocity=0 time=0
5196,2026-09-13T00:30:07.448+00:00,119.602659,0.000311,Chordcat 0,note_on,2,59,B3,0,,,,,,,,91 3B 00,note_on channel=1 note=59 velocity=0 time=0
5197,2026-09-13T00:30:07.449+00:00,119.60287,0.000211,Chordcat 0,note_on,2,62,D4,0,,,,,,,,91 3E 00,note_on channel=1 note=62 velocity=0 time=0
5198,2026-09-13T00:30:07.449+00:00,119.603077,0.000207,Chordcat 0,note_on,2,66,F#4,0,,,,,,,,91 42 00,note_on channel=1 note=66 velocity=0 time=0
5199,2026-09-13T00:30:07.455+00:00,119.609075,0.005998,Chordcat 0,control_change,1,,,,11,68,,,,,,B0 0B 44,control_change channel=0 control=11 value=68 time=0
5200,2026-09-13T00:30:07.471+00:00,119.624565,0.01549,Chordcat 0,control_change,1,,,,11,66,,,,,,B0 0B 42,control_change channel=0 control=11 value=66 time=0
5201,2026-09-13T00:30:07.485+00:00,119.638358,0.013793,Chordcat 0,control_change,1,,,,11,64,,,,,,B0 0B 40,control_change channel=0 control=11 value=64 time=0
5202,2026-09-13T00:30:07.499+00:00,119.653006,0.014648,Chordcat 0,control_change,1,,,,11,63,,,,,,B0 0B 3F,control_change channel=0 control=11 value=63 time=0
5203,2026-09-13T00:30:07.528+00:00,119.681944,0.028938,Chordcat 0,control_change,1,,,,11,127,,,,,,B0 0B 7F,control_change channel=0 control=11 value=127 time=0
5204,2026-09-13T00:30:07.677+00:00,119.830393,0.14845,Chordcat 0,control_change,1,,,,11,120,,,,,,B0 0B 78,control_change channel=0 control=11 value=120 time=0
5205,2026-09-13T00:30:07.691+00:00,119.844925,0.014531,Chordcat 0,control_change,1,,,,11,112,,,,,,B0 0B 70,control_change channel=0 control=11 value=112 time=0
5206,2026-09-13T00:30:07.705+00:00,119.859048,0.014123,Chordcat 0,control_change,1,,,,11,104,,,,,,B0 0B 68,control_change channel=0 control=11 value=104 time=0
5207,2026-09-13T00:30:07.720+00:00,119.873832,0.014785,Chordcat 0,control_change,1,,,,11,96,,,,,,B0 0B 60,control_change channel=0 control=11 value=96 time=0
5208,2026-09-13T00:30:07.734+00:00,119.887895,0.014063,Chordcat 0,control_change,1,,,,11,90,,,,,,B0 0B 5A,control_change channel=0 control=11 value=90 time=0
5209,2026-09-13T00:30:07.749+00:00,119.903023,0.015128,Chordcat 0,control_change,1,,,,11,84,,,,,,B0 0B 54,control_change channel=0 control=11 value=84 time=0
5210,2026-09-13T00:30:07.765+00:00,119.918345,0.015322,Chordcat 0,control_change,1,,,,11,79,,,,,,B0 0B 4F,control_change channel=0 control=11 value=79 time=0
5211,2026-09-13T00:30:07.775+00:00,119.92902,0.010675,Chordcat 0,note_on,2,45,A2,100,,,,,,,,91 2D 64,note_on channel=1 note=45 velocity=100 time=0
5212,2026-09-13T00:30:07.775+00:00,119.929532,0.000512,Chordcat 0,note_on,2,59,B3,100,,,,,,,,91 3B 64,note_on channel=1 note=59 velocity=100 time=0
5213,2026-09-13T00:30:07.775+00:00,119.929856,0.000324,Chordcat 0,note_on,2,61,C#4,100,,,,,,,,91 3D 64,note_on channel=1 note=61 velocity=100 time=0
5214,2026-09-13T00:30:07.776+00:00,119.930063,0.000207,Chordcat 0,note_on,2,64,E4,100,,,,,,,,91 40 64,note_on channel=1 note=64 velocity=100 time=0
5215,2026-09-13T00:30:07.776+00:00,119.930404,0.000341,Chordcat 0,note_on,2,68,G#4,100,,,,,,,,91 44 64,note_on channel=1 note=68 velocity=100 time=0
5216,2026-09-13T00:30:07.778+00:00,119.932038,0.001634,Chordcat 0,control_change,1,,,,11,75,,,,,,B0 0B 4B,control_change channel=0 control=11 value=75 time=0
5217,2026-09-13T00:30:07.793+00:00,119.946764,0.014726,Chordcat 0,control_change,1,,,,11,71,,,,,,B0 0B 47,control_change channel=0 control=11 value=71 time=0
5218,2026-09-13T00:30:07.810+00:00,119.963146,0.016381,Chordcat 0,control_change,1,,,,11,68,,,,,,B0 0B 44,control_change channel=0 control=11 value=68 time=0
5219,2026-09-13T00:30:07.824+00:00,119.977803,0.014657,Chordcat 0,control_change,1,,,,11,65,,,,,,B0 0B 41,control_change channel=0 control=11 value=65 time=0
5220,2026-09-13T00:30:07.837+00:00,119.990827,0.013025,Chordcat 0,control_change,1,,,,11,64,,,,,,B0 0B 40,control_change channel=0 control=11 value=64 time=0
5221,2026-09-13T00:30:07.853+00:00,120.006657,0.01583,Chordcat 0,control_change,1,,,,11,63,,,,,,B0 0B 3F,control_change channel=0 control=11 value=63 time=0
5222,2026-09-13T00:30:07.882+00:00,120.035977,0.02932,Chordcat 0,control_change,1,,,,11,127,,,,,,B0 0B 7F,control_change channel=0 control=11 value=127 time=0
5223,2026-09-13T00:30:08.029+00:00,120.182134,0.146157,Chordcat 0,control_change,1,,,,11,121,,,,,,B0 0B 79,control_change channel=0 control=11 value=121 time=0
5224,2026-09-13T00:30:08.043+00:00,120.196926,0.014792,Chordcat 0,control_change,1,,,,11,112,,,,,,B0 0B 70,control_change channel=0 control=11 value=112 time=0
5225,2026-09-13T00:30:08.050+00:00,120.203122,0.006196,Chordcat 0,note_on,2,45,A2,0,,,,,,,,91 2D 00,note_on channel=1 note=45 velocity=0 time=0
5226,2026-09-13T00:30:08.050+00:00,120.203589,0.000468,Chordcat 0,note_on,2,59,B3,0,,,,,,,,91 3B 00,note_on channel=1 note=59 velocity=0 time=0
5227,2026-09-13T00:30:08.050+00:00,120.203965,0.000376,Chordcat 0,note_on,2,61,C#4,0,,,,,,,,91 3D 00,note_on channel=1 note=61 velocity=0 time=0
5228,2026-09-13T00:30:08.050+00:00,120.204308,0.000343,Chordcat 0,note_on,2,64,E4,0,,,,,,,,91 40 00,note_on channel=1 note=64 velocity=0 time=0
5229,2026-09-13T00:30:08.050+00:00,120.204658,0.00035,Chordcat 0,note_on,2,68,G#4,0,,,,,,,,91 44 00,note_on channel=1 note=68 velocity=0 time=0
5230,2026-09-13T00:30:08.059+00:00,120.213033,0.008375,Chordcat 0,control_change,1,,,,11,104,,,,,,B0 0B 68,control_change channel=0 control=11 value=104 time=0
5231,2026-09-13T00:30:08.074+00:00,120.227416,0.014383,Chordcat 0,control_change,1,,,,11,96,,,,,,B0 0B 60,control_change channel=0 control=11 value=96 time=0
5232,2026-09-13T00:30:08.088+00:00,120.241521,0.014105,Chordcat 0,control_change,1,,,,11,90,,,,,,B0 0B 5A,control_change channel=0 control=11 value=90 time=0
5233,2026-09-13T00:30:08.103+00:00,120.256292,0.014771,Chordcat 0,control_change,1,,,,11,84,,,,,,B0 0B 54,control_change channel=0 control=11 value=84 time=0
5234,2026-09-13T00:30:08.118+00:00,120.271185,0.014894,Chordcat 0,control_change,1,,,,11,79,,,,,,B0 0B 4F,control_change channel=0 control=11 value=79 time=0
5235,2026-09-13T00:30:08.132+00:00,120.285589,0.014404,Chordcat 0,control_change,1,,,,11,75,,,,,,B0 0B 4B,control_change channel=0 control=11 value=75 time=0
5236,2026-09-13T00:30:08.146+00:00,120.299864,0.014275,Chordcat 0,control_change,1,,,,11,71,,,,,,B0 0B 47,control_change channel=0 control=11 value=71 time=0
5237,2026-09-13T00:30:08.162+00:00,120.315355,0.015491,Chordcat 0,control_change,1,,,,11,68,,,,,,B0 0B 44,control_change channel=0 control=11 value=68 time=0
5238,2026-09-13T00:30:08.176+00:00,120.330085,0.01473,Chordcat 0,control_change,1,,,,11,65,,,,,,B0 0B 41,control_change channel=0 control=11 value=65 time=0
5239,2026-09-13T00:30:08.191+00:00,120.345112,0.015027,Chordcat 0,control_change,1,,,,11,64,,,,,,B0 0B 40,control_change channel=0 control=11 value=64 time=0
5240,2026-09-13T00:30:08.206+00:00,120.359932,0.014821,Chordcat 0,control_change,1,,,,11,63,,,,,,B0 0B 3F,control_change channel=0 control=11 value=63 time=0
5241,2026-09-13T00:30:08.235+00:00,120.38876,0.028827,Chordcat 0,control_change,1,,,,11,127,,,,,,B0 0B 7F,control_change channel=0 control=11 value=127 time=0
5242,2026-09-13T00:30:08.366+00:00,120.520013,0.131253,Chordcat 0,note_on,2,45,A2,100,,,,,,,,91 2D 64,note_on channel=1 note=45 velocity=100 time=0
5243,2026-09-13T00:30:08.366+00:00,120.520645,0.000632,Chordcat 0,note_on,2,61,C#4,100,,,,,,,,91 3D 64,note_on channel=1 note=61 velocity=100 time=0
5244,2026-09-13T00:30:08.367+00:00,120.521129,0.000484,Chordcat 0,note_on,2,64,E4,100,,,,,,,,91 40 64,note_on channel=1 note=64 velocity=100 time=0
5245,2026-09-13T00:30:08.367+00:00,120.521369,0.00024,Chordcat 0,note_on,2,68,G#4,100,,,,,,,,91 44 64,note_on channel=1 note=68 velocity=100 time=0
5246,2026-09-13T00:30:08.367+00:00,120.521624,0.000255,Chordcat 0,note_on,2,71,B4,100,,,,,,,,91 47 64,note_on channel=1 note=71 velocity=100 time=0
5247,2026-09-13T00:30:08.383+00:00,120.536877,0.015253,Chordcat 0,control_change,1,,,,11,120,,,,,,B0 0B 78,control_change channel=0 control=11 value=120 time=0
5248,2026-09-13T00:30:08.397+00:00,120.550504,0.013627,Chordcat 0,control_change,1,,,,11,112,,,,,,B0 0B 70,control_change channel=0 control=11 value=112 time=0
5249,2026-09-13T00:30:08.412+00:00,120.565246,0.014742,Chordcat 0,control_change,1,,,,11,104,,,,,,B0 0B 68,control_change channel=0 control=11 value=104 time=0
5250,2026-09-13T00:30:08.426+00:00,120.579852,0.014605,Chordcat 0,control_change,1,,,,11,97,,,,,,B0 0B 61,control_change channel=0 control=11 value=97 time=0
5251,2026-09-13T00:30:08.440+00:00,120.593886,0.014034,Chordcat 0,control_change,1,,,,11,90,,,,,,B0 0B 5A,control_change channel=0 control=11 value=90 time=0
5252,2026-09-13T00:30:08.456+00:00,120.609765,0.015879,Chordcat 0,control_change,1,,,,11,84,,,,,,B0 0B 54,control_change channel=0 control=11 value=84 time=0
5253,2026-09-13T00:30:08.471+00:00,120.624582,0.014817,Chordcat 0,control_change,1,,,,11,79,,,,,,B0 0B 4F,control_change channel=0 control=11 value=79 time=0
5254,2026-09-13T00:30:08.486+00:00,120.639846,0.015264,Chordcat 0,control_change,1,,,,11,75,,,,,,B0 0B 4B,control_change channel=0 control=11 value=75 time=0
5255,2026-09-13T00:30:08.500+00:00,120.653725,0.013879,Chordcat 0,control_change,1,,,,11,71,,,,,,B0 0B 47,control_change channel=0 control=11 value=71 time=0
5256,2026-09-13T00:30:08.515+00:00,120.668253,0.014528,Chordcat 0,control_change,1,,,,11,68,,,,,,B0 0B 44,control_change channel=0 control=11 value=68 time=0
5257,2026-09-13T00:30:08.529+00:00,120.683043,0.01479,Chordcat 0,control_change,1,,,,11,66,,,,,,B0 0B 42,control_change channel=0 control=11 value=66 time=0
5258,2026-09-13T00:30:08.544+00:00,120.697242,0.014199,Chordcat 0,control_change,1,,,,11,64,,,,,,B0 0B 40,control_change channel=0 control=11 value=64 time=0
5259,2026-09-13T00:30:08.559+00:00,120.712251,0.015009,Chordcat 0,control_change,1,,,,11,63,,,,,,B0 0B 3F,control_change channel=0 control=11 value=63 time=0
5260,2026-09-13T00:30:08.588+00:00,120.741984,0.029732,Chordcat 0,control_change,1,,,,11,127,,,,,,B0 0B 7F,control_change channel=0 control=11 value=127 time=0
5261,2026-09-13T00:30:08.625+00:00,120.778496,0.036513,Chordcat 0,note_on,2,45,A2,0,,,,,,,,91 2D 00,note_on channel=1 note=45 velocity=0 time=0
5262,2026-09-13T00:30:08.625+00:00,120.778984,0.000488,Chordcat 0,note_on,2,61,C#4,0,,,,,,,,91 3D 00,note_on channel=1 note=61 velocity=0 time=0
5263,2026-09-13T00:30:08.625+00:00,120.779357,0.000373,Chordcat 0,note_on,2,64,E4,0,,,,,,,,91 40 00,note_on channel=1 note=64 velocity=0 time=0
5264,2026-09-13T00:30:08.625+00:00,120.779618,0.000261,Chordcat 0,note_on,2,68,G#4,0,,,,,,,,91 44 00,note_on channel=1 note=68 velocity=0 time=0
5265,2026-09-13T00:30:08.625+00:00,120.779889,0.000271,Chordcat 0,note_on,2,71,B4,0,,,,,,,,91 47 00,note_on channel=1 note=71 velocity=0 time=0
5266,2026-09-13T00:30:08.736+00:00,120.89004,0.11015,Chordcat 0,control_change,1,,,,11,121,,,,,,B0 0B 79,control_change channel=0 control=11 value=121 time=0
5267,2026-09-13T00:30:08.750+00:00,120.903723,0.013683,Chordcat 0,control_change,1,,,,11,112,,,,,,B0 0B 70,control_change channel=0 control=11 value=112 time=0
5268,2026-09-13T00:30:08.765+00:00,120.918288,0.014565,Chordcat 0,control_change,1,,,,11,104,,,,,,B0 0B 68,control_change channel=0 control=11 value=104 time=0
5269,2026-09-13T00:30:08.780+00:00,120.933161,0.014872,Chordcat 0,control_change,1,,,,11,97,,,,,,B0 0B 61,control_change channel=0 control=11 value=97 time=0
5270,2026-09-13T00:30:08.794+00:00,120.947113,0.013952,Chordcat 0,control_change,1,,,,11,91,,,,,,B0 0B 5B,control_change channel=0 control=11 value=91 time=0
5271,2026-09-13T00:30:08.809+00:00,120.963073,0.015961,Chordcat 0,control_change,1,,,,11,85,,,,,,B0 0B 55,control_change channel=0 control=11 value=85 time=0
5272,2026-09-13T00:30:08.824+00:00,120.97784,0.014767,Chordcat 0,control_change,1,,,,11,79,,,,,,B0 0B 4F,control_change channel=0 control=11 value=79 time=0
5273,2026-09-13T00:30:08.839+00:00,120.992219,0.014379,Chordcat 0,control_change,1,,,,11,75,,,,,,B0 0B 4B,control_change channel=0 control=11 value=75 time=0
5274,2026-09-13T00:30:08.853+00:00,121.006314,0.014095,Chordcat 0,control_change,1,,,,11,71,,,,,,B0 0B 47,control_change channel=0 control=11 value=71 time=0
5275,2026-09-13T00:30:08.867+00:00,121.021066,0.014752,Chordcat 0,control_change,1,,,,11,68,,,,,,B0 0B 44,control_change channel=0 control=11 value=68 time=0
5276,2026-09-13T00:30:08.883+00:00,121.036565,0.015499,Chordcat 0,control_change,1,,,,11,66,,,,,,B0 0B 42,control_change channel=0 control=11 value=66 time=0
5277,2026-09-13T00:30:08.897+00:00,121.050213,0.013648,Chordcat 0,control_change,1,,,,11,64,,,,,,B0 0B 40,control_change channel=0 control=11 value=64 time=0
5278,2026-09-13T00:30:08.912+00:00,121.065802,0.015589,Chordcat 0,control_change,1,,,,11,63,,,,,,B0 0B 3F,control_change channel=0 control=11 value=63 time=0
5279,2026-09-13T00:30:08.941+00:00,121.094958,0.029156,Chordcat 0,control_change,1,,,,11,127,,,,,,B0 0B 7F,control_change channel=0 control=11 value=127 time=0
5280,2026-09-13T00:30:08.941+00:00,121.095179,0.000222,Chordcat 0,note_on,2,49,C#3,100,,,,,,,,91 31 64,note_on channel=1 note=49 velocity=100 time=0
5281,2026-09-13T00:30:08.941+00:00,121.095552,0.000372,Chordcat 0,note_on,2,56,G#3,100,,,,,,,,91 38 64,note_on channel=1 note=56 velocity=100 time=0
5282,2026-09-13T00:30:08.941+00:00,121.096022,0.00047,Chordcat 0,note_on,2,59,B3,100,,,,,,,,91 3B 64,note_on channel=1 note=59 velocity=100 time=0
5283,2026-09-13T00:30:08.941+00:00,121.096363,0.000341,Chordcat 0,note_on,2,65,F4,100,,,,,,,,91 41 64,note_on channel=1 note=65 velocity=100 time=0
5284,2026-09-13T00:30:09.088+00:00,121.242159,0.145796,Chordcat 0,control_change,1,,,,11,120,,,,,,B0 0B 78,control_change channel=0 control=11 value=120 time=0
5285,2026-09-13T00:30:09.102+00:00,121.256062,0.013903,Chordcat 0,control_change,1,,,,11,112,,,,,,B0 0B 70,control_change channel=0 control=11 value=112 time=0
5286,2026-09-13T00:30:09.117+00:00,121.271061,0.014999,Chordcat 0,control_change,1,,,,11,104,,,,,,B0 0B 68,control_change channel=0 control=11 value=104 time=0
5287,2026-09-13T00:30:09.133+00:00,121.286115,0.015054,Chordcat 0,control_change,1,,,,11,96,,,,,,B0 0B 60,control_change channel=0 control=11 value=96 time=0
5288,2026-09-13T00:30:09.147+00:00,121.300817,0.014703,Chordcat 0,control_change,1,,,,11,90,,,,,,B0 0B 5A,control_change channel=0 control=11 value=90 time=0
5289,2026-09-13T00:30:09.155+00:00,121.308381,0.007563,Chordcat 0,note_on,2,49,C#3,0,,,,,,,,91 31 00,note_on channel=1 note=49 velocity=0 time=0
5290,2026-09-13T00:30:09.155+00:00,121.30903,0.000649,Chordcat 0,note_on,2,56,G#3,0,,,,,,,,91 38 00,note_on channel=1 note=56 velocity=0 time=0
5291,2026-09-13T00:30:09.155+00:00,121.309429,0.000399,Chordcat 0,note_on,2,59,B3,0,,,,,,,,91 3B 00,note_on channel=1 note=59 velocity=0 time=0
5292,2026-09-13T00:30:09.155+00:00,121.309817,0.000388,Chordcat 0,note_on,2,65,F4,0,,,,,,,,91 41 00,note_on channel=1 note=65 velocity=0 time=0
5293,2026-09-13T00:30:09.162+00:00,121.315636,0.00582,Chordcat 0,control_change,1,,,,11,84,,,,,,B0 0B 54,control_change channel=0 control=11 value=84 time=0
5294,2026-09-13T00:30:09.176+00:00,121.32996,0.014324,Chordcat 0,control_change,1,,,,11,79,,,,,,B0 0B 4F,control_change channel=0 control=11 value=79 time=0
5295,2026-09-13T00:30:09.191+00:00,121.344418,0.014457,Chordcat 0,control_change,1,,,,11,75,,,,,,B0 0B 4B,control_change channel=0 control=11 value=75 time=0
5296,2026-09-13T00:30:09.205+00:00,121.358989,0.014571,Chordcat 0,control_change,1,,,,11,71,,,,,,B0 0B 47,control_change channel=0 control=11 value=71 time=0
5297,2026-09-13T00:30:09.220+00:00,121.374043,0.015054,Chordcat 0,control_change,1,,,,11,68,,,,,,B0 0B 44,control_change channel=0 control=11 value=68 time=0
5298,2026-09-13T00:30:09.235+00:00,121.388813,0.01477,Chordcat 0,control_change,1,,,,11,66,,,,,,B0 0B 42,control_change channel=0 control=11 value=66 time=0
5299,2026-09-13T00:30:09.251+00:00,121.40451,0.015697,Chordcat 0,control_change,1,,,,11,64,,,,,,B0 0B 40,control_change channel=0 control=11 value=64 time=0
5300,2026-09-13T00:30:09.264+00:00,121.417864,0.013354,Chordcat 0,control_change,1,,,,11,63,,,,,,B0 0B 3F,control_change channel=0 control=11 value=63 time=0
5301,2026-09-13T00:30:09.295+00:00,121.448284,0.03042,Chordcat 0,control_change,1,,,,11,127,,,,,,B0 0B 7F,control_change channel=0 control=11 value=127 time=0
5302,2026-09-13T00:30:09.442+00:00,121.595315,0.147031,Chordcat 0,control_change,1,,,,11,121,,,,,,B0 0B 79,control_change channel=0 control=11 value=121 time=0
5303,2026-09-13T00:30:09.456+00:00,121.609704,0.014389,Chordcat 0,control_change,1,,,,11,112,,,,,,B0 0B 70,control_change channel=0 control=11 value=112 time=0
5304,2026-09-13T00:30:09.471+00:00,121.624375,0.014671,Chordcat 0,control_change,1,,,,11,104,,,,,,B0 0B 68,control_change channel=0 control=11 value=104 time=0
5305,2026-09-13T00:30:09.486+00:00,121.63984,0.015466,Chordcat 0,control_change,1,,,,11,97,,,,,,B0 0B 61,control_change channel=0 control=11 value=97 time=0
5306,2026-09-13T00:30:09.501+00:00,121.654984,0.015143,Chordcat 0,control_change,1,,,,11,90,,,,,,B0 0B 5A,control_change channel=0 control=11 value=90 time=0
5307,2026-09-13T00:30:09.515+00:00,121.668543,0.013559,Chordcat 0,control_change,1,,,,11,85,,,,,,B0 0B 55,control_change channel=0 control=11 value=85 time=0
5308,2026-09-13T00:30:09.530+00:00,121.68313,0.014587,Chordcat 0,control_change,1,,,,11,79,,,,,,B0 0B 4F,control_change channel=0 control=11 value=79 time=0
5309,2026-09-13T00:30:09.544+00:00,121.697846,0.014716,Chordcat 0,control_change,1,,,,11,75,,,,,,B0 0B 4B,control_change channel=0 control=11 value=75 time=0
5310,2026-09-13T00:30:09.559+00:00,121.712739,0.014894,Chordcat 0,control_change,1,,,,11,71,,,,,,B0 0B 47,control_change channel=0 control=11 value=71 time=0
5311,2026-09-13T00:30:09.574+00:00,121.727687,0.014947,Chordcat 0,control_change,1,,,,11,68,,,,,,B0 0B 44,control_change channel=0 control=11 value=68 time=0
5312,2026-09-13T00:30:09.589+00:00,121.742116,0.01443,Chordcat 0,control_change,1,,,,11,66,,,,,,B0 0B 42,control_change channel=0 control=11 value=66 time=0
5313,2026-09-13T00:30:09.603+00:00,121.756631,0.014515,Chordcat 0,control_change,1,,,,11,64,,,,,,B0 0B 40,control_change channel=0 control=11 value=64 time=0
5314,2026-09-13T00:30:09.618+00:00,121.771487,0.014856,Chordcat 0,control_change,1,,,,11,63,,,,,,B0 0B 3F,control_change channel=0 control=11 value=63 time=0
5315,2026-09-13T00:30:09.648+00:00,121.801428,0.029941,Chordcat 0,control_change,1,,,,11,127,,,,,,B0 0B 7F,control_change channel=0 control=11 value=127 time=0
5316,2026-09-13T00:30:09.795+00:00,121.948902,0.147474,Chordcat 0,control_change,1,,,,11,121,,,,,,B0 0B 79,control_change channel=0 control=11 value=121 time=0
5317,2026-09-13T00:30:09.809+00:00,121.962988,0.014085,Chordcat 0,control_change,1,,,,11,112,,,,,,B0 0B 70,control_change channel=0 control=11 value=112 time=0
5318,2026-09-13T00:30:09.823+00:00,121.976839,0.013851,Chordcat 0,control_change,1,,,,11,104,,,,,,B0 0B 68,control_change channel=0 control=11 value=104 time=0
5319,2026-09-13T00:30:09.838+00:00,121.992055,0.015216,Chordcat 0,control_change,1,,,,11,97,,,,,,B0 0B 61,control_change channel=0 control=11 value=97 time=0
5320,2026-09-13T00:30:09.853+00:00,122.006445,0.01439,Chordcat 0,control_change,1,,,,11,91,,,,,,B0 0B 5B,control_change channel=0 control=11 value=91 time=0
5321,2026-09-13T00:30:09.868+00:00,122.021481,0.015036,Chordcat 0,control_change,1,,,,11,85,,,,,,B0 0B 55,control_change channel=0 control=11 value=85 time=0
5322,2026-09-13T00:30:09.882+00:00,122.036089,0.014607,Chordcat 0,control_change,1,,,,11,79,,,,,,B0 0B 4F,control_change channel=0 control=11 value=79 time=0
5323,2026-09-13T00:30:09.898+00:00,122.051441,0.015352,Chordcat 0,control_change,1,,,,11,75,,,,,,B0 0B 4B,control_change channel=0 control=11 value=75 time=0
5324,2026-09-13T00:30:09.911+00:00,122.064975,0.013535,Chordcat 0,control_change,1,,,,11,71,,,,,,B0 0B 47,control_change channel=0 control=11 value=71 time=0
5325,2026-09-13T00:30:09.927+00:00,122.080579,0.015604,Chordcat 0,control_change,1,,,,11,68,,,,,,B0 0B 44,control_change channel=0 control=11 value=68 time=0
5326,2026-09-13T00:30:09.942+00:00,122.095773,0.015193,Chordcat 0,control_change,1,,,,11,66,,,,,,B0 0B 42,control_change channel=0 control=11 value=66 time=0
5327,2026-09-13T00:30:09.956+00:00,122.109878,0.014105,Chordcat 0,control_change,1,,,,11,64,,,,,,B0 0B 40,control_change channel=0 control=11 value=64 time=0
5328,2026-09-13T00:30:09.970+00:00,122.124034,0.014157,Chordcat 0,control_change,1,,,,11,63,,,,,,B0 0B 3F,control_change channel=0 control=11 value=63 time=0
5329,2026-09-13T00:30:10.000+00:00,122.154085,0.03005,Chordcat 0,control_change,1,,,,11,127,,,,,,B0 0B 7F,control_change channel=0 control=11 value=127 time=0
5330,2026-09-13T00:30:10.148+00:00,122.301524,0.147439,Chordcat 0,control_change,1,,,,11,121,,,,,,B0 0B 79,control_change channel=0 control=11 value=121 time=0
5331,2026-09-13T00:30:10.162+00:00,122.315985,0.014461,Chordcat 0,control_change,1,,,,11,112,,,,,,B0 0B 70,control_change channel=0 control=11 value=112 time=0
5332,2026-09-13T00:30:10.177+00:00,122.330219,0.014234,Chordcat 0,control_change,1,,,,11,104,,,,,,B0 0B 68,control_change channel=0 control=11 value=104 time=0
5333,2026-09-13T00:30:10.191+00:00,122.344933,0.014714,Chordcat 0,control_change,1,,,,11,97,,,,,,B0 0B 61,control_change channel=0 control=11 value=97 time=0
5334,2026-09-13T00:30:10.207+00:00,122.360453,0.01552,Chordcat 0,control_change,1,,,,11,90,,,,,,B0 0B 5A,control_change channel=0 control=11 value=90 time=0
5335,2026-09-13T00:30:10.220+00:00,122.374091,0.013638,Chordcat 0,control_change,1,,,,11,85,,,,,,B0 0B 55,control_change channel=0 control=11 value=85 time=0
5336,2026-09-13T00:30:10.236+00:00,122.389506,0.015415,Chordcat 0,control_change,1,,,,11,80,,,,,,B0 0B 50,control_change channel=0 control=11 value=80 time=0
5337,2026-09-13T00:30:10.251+00:00,122.404826,0.01532,Chordcat 0,control_change,1,,,,11,75,,,,,,B0 0B 4B,control_change channel=0 control=11 value=75 time=0
5338,2026-09-13T00:30:10.264+00:00,122.418092,0.013266,Chordcat 0,control_change,1,,,,11,71,,,,,,B0 0B 47,control_change channel=0 control=11 value=71 time=0
5339,2026-09-13T00:30:10.280+00:00,122.434083,0.015991,Chordcat 0,control_change,1,,,,11,68,,,,,,B0 0B 44,control_change channel=0 control=11 value=68 time=0
5340,2026-09-13T00:30:10.295+00:00,122.448155,0.014072,Chordcat 0,control_change,1,,,,11,66,,,,,,B0 0B 42,control_change channel=0 control=11 value=66 time=0
5341,2026-09-13T00:30:10.310+00:00,122.463364,0.015209,Chordcat 0,control_change,1,,,,11,64,,,,,,B0 0B 40,control_change channel=0 control=11 value=64 time=0
5342,2026-09-13T00:30:10.324+00:00,122.477747,0.014384,Chordcat 0,control_change,1,,,,11,63,,,,,,B0 0B 3F,control_change channel=0 control=11 value=63 time=0
5343,2026-09-13T00:30:10.354+00:00,122.507265,0.029518,Chordcat 0,control_change,1,,,,11,127,,,,,,B0 0B 7F,control_change channel=0 control=11 value=127 time=0
5344,2026-09-13T00:30:10.501+00:00,122.654113,0.146848,Chordcat 0,control_change,1,,,,11,121,,,,,,B0 0B 79,control_change channel=0 control=11 value=121 time=0
